"CAS番号","物質名","安衛法","皮膚等障害","がん原性","濃度基準値","安衛法危険物","特化則","特別管理物質","有機則","鉛則","粉じん則","化管法","毒劇法","消防法品名","化審法","大防法","水濁法有害物質","土対法","女性則","備考","出所"
"540-59-0","1,2-ジクロロエチレン","対象物","","","","該当","","","第1種","","","要確認","","第4類 第1石油類 非水溶性","","VOC","","","","二塩化アセチレン","内蔵"
"75-15-0","二硫化炭素","対象物","該当","","","該当","","","第1種","","","第一種","劇物","第4類 特殊引火物","","VOC","","","該当","","内蔵"
"67-64-1","アセトン","対象物","","","","該当","","","第2種","","","","","第4類 第1石油類 水溶性","","VOC","","","","","内蔵"
"78-83-1","イソブチルアルコール","対象物","該当","","","該当","","","第2種","","","","","第4類 第2石油類 非水溶性","","VOC","","","","","内蔵"
"67-63-0","イソプロピルアルコール","対象物","","","","該当","","","第2種","","","","","第4類 アルコール類","","VOC","","","","2-プロパノール／IPA","内蔵"
"123-51-3","イソペンチルアルコール","対象物","該当","","","該当","","","第2種","","","","","第4類 第2石油類 非水溶性","","VOC","","","","イソアミルアルコール","内蔵"
"60-29-7","エチルエーテル","対象物","","","","該当","","","第2種","","","","","第4類 特殊引火物","","VOC","","","","ジエチルエーテル","内蔵"
"110-80-5","エチレングリコールモノエチルエーテル","対象物","該当","","","該当","","","第2種","","","第一種","","第4類 第2石油類 水溶性","","VOC","","","該当","セロソルブ","内蔵"
"111-15-9","エチレングリコールモノエチルエーテルアセテート","対象物","該当","","","該当","","","第2種","","","第一種","","第4類 第2石油類 水溶性","","VOC","","","該当","セロソルブアセテート","内蔵"
"111-76-2","エチレングリコールモノ-ノルマル-ブチルエーテル","対象物","該当","","","該当","","","第2種","","","第一種","","第4類 第3石油類 水溶性","","VOC","","","","ブチルセロソルブ","内蔵"
"109-86-4","エチレングリコールモノメチルエーテル","対象物","該当","","","該当","","","第2種","","","第一種","","第4類 第2石油類 水溶性","","VOC","","","該当","メチルセロソルブ","内蔵"
"95-50-1","オルト-ジクロロベンゼン","対象物","該当","","","","","","第2種","","","第一種","","第4類 第3石油類 非水溶性","","VOC","","","","","内蔵"
"1330-20-7","キシレン","対象物","該当","","","該当","","","第2種","","","第一種","","第4類 第2石油類 非水溶性","","VOC/有害大気","","","該当","","内蔵"
"1319-77-3","クレゾール","対象物","該当","","","","","","第2種","","","第一種","劇物","第4類 第3石油類 非水溶性","","","","","","","内蔵"
"108-90-7","クロロベンゼン","対象物","該当","","","該当","","","第2種","","","第一種","","第4類 第2石油類 非水溶性","","VOC","","","","","内蔵"
"110-19-0","酢酸イソブチル","対象物","","","","該当","","","第2種","","","","","第4類 第1石油類 非水溶性","","VOC","","","","","内蔵"
"108-21-4","酢酸イソプロピル","対象物","","","","該当","","","第2種","","","","","第4類 第1石油類 非水溶性","","VOC","","","","","内蔵"
"123-92-2","酢酸イソペンチル","対象物","","","","該当","","","第2種","","","","","第4類 第2石油類 非水溶性","","VOC","","","","酢酸イソアミル","内蔵"
"141-78-6","酢酸エチル","対象物","","","","該当","","","第2種","","","","","第4類 第1石油類 非水溶性","","VOC","","","","","内蔵"
"123-86-4","酢酸ノルマル-ブチル","対象物","","","","該当","","","第2種","","","","","第4類 第1石油類 非水溶性","","VOC","","","","","内蔵"
"109-60-4","酢酸ノルマル-プロピル","対象物","","","","該当","","","第2種","","","","","第4類 第1石油類 非水溶性","","VOC","","","","","内蔵"
"628-63-7","酢酸ノルマル-ペンチル","対象物","","","","該当","","","第2種","","","","","第4類 第2石油類 非水溶性","","VOC","","","","酢酸ノルマル-アミル","内蔵"
"79-20-9","酢酸メチル","対象物","","","","該当","","","第2種","","","","","第4類 第1石油類 水溶性","","VOC","","","","","内蔵"
"108-93-0","シクロヘキサノール","対象物","該当","","","該当","","","第2種","","","","","第4類 第3石油類 非水溶性","","VOC","","","","","内蔵"
"108-94-1","シクロヘキサノン","対象物","該当","","","","","","第2種","","","","","第4類 第2石油類 非水溶性","","VOC","","","","","内蔵"
"68-12-2","N,N-ジメチルホルムアミド","対象物","該当","","","","","","第2種","","","第一種","","第4類 第2石油類 水溶性","","VOC","","","該当","","内蔵"
"109-99-9","テトラヒドロフラン","対象物","該当","","","","","","第2種","","","要確認","","第4類 第1石油類 水溶性","","VOC","","","","","内蔵"
"71-55-6","1,1,1-トリクロロエタン","対象物","該当","該当","","","","","第2種","","","第一種","","","","有害大気","該当","該当","","オゾン層保護法の特定物質","内蔵"
"108-88-3","トルエン","対象物","該当","","","該当","","","第2種","","","第一種","劇物","第4類 第1石油類 非水溶性","","VOC/有害大気","","","該当","","内蔵"
"110-54-3","ノルマルヘキサン","対象物","該当","","","該当","","","第2種","","","第一種","","第4類 第1石油類 非水溶性","","VOC","","","該当","末梢神経障害","内蔵"
"71-36-3","1-ブタノール","対象物","該当","","","該当","","","第2種","","","","","第4類 第2石油類 非水溶性","","VOC","","","","炭素数4のためアルコール類に該当しない","内蔵"
"78-92-2","2-ブタノール","対象物","該当","","","該当","","","第2種","","","","","第4類 第2石油類 非水溶性","","VOC","","","","","内蔵"
"67-56-1","メタノール","対象物","該当","","","該当","","","第2種","","","","劇物","第4類 アルコール類","","VOC","","","該当","","内蔵"
"78-93-3","メチルエチルケトン","対象物","該当","","","該当","","","第2種","","","","","第4類 第1石油類 非水溶性","","VOC","","","","消防法上は非水溶性区分","内蔵"
"25639-42-3","メチルシクロヘキサノール","対象物","該当","","","","","","第2種","","","","","第4類 第3石油類 非水溶性","","VOC","","","","","内蔵"
"1331-22-2","メチルシクロヘキサノン","対象物","該当","","","該当","","","第2種","","","","","第4類 第2石油類 非水溶性","","VOC","","","","","内蔵"
"591-78-6","メチル-ノルマル-ブチルケトン","対象物","該当","","","該当","","","第2種","","","","","第4類 第2石油類 非水溶性","","VOC","","","","2-ヘキサノン","内蔵"
"-","ガソリン","対象物","","","","","","","第3種","","","","","第4類 第1石油類 非水溶性","","VOC","","","","ベンゼン含有により特化則の適用を要確認","内蔵"
"-","コールタールナフサ","対象物","","","","","","","第3種","","","","","第4類 第1石油類 非水溶性","","VOC","","","","","内蔵"
"8032-32-4","石油エーテル","対象物","","","","該当","","","第3種","","","","","第4類 特殊引火物","","VOC","","","","","内蔵"
"-","石油ナフサ","対象物","","","","","","","第3種","","","","","第4類 第1石油類 非水溶性","","VOC","","","","","内蔵"
"-","石油ベンジン","対象物","","","","","","","第3種","","","","","第4類 第1石油類 非水溶性","","VOC","","","","","内蔵"
"8006-64-2","テレビン油","対象物","該当","","","該当","","","第3種","","","","","第4類 第2石油類 非水溶性","","VOC","","","","","内蔵"
"8052-41-3","ミネラルスピリット","対象物","","","","","","","第3種","","","","","第4類 第2石油類 非水溶性","","VOC","","","","ホワイトスピリット／ミネラルシンナー","内蔵"
"91-94-1","ジクロロベンジジン及びその塩","対象物","該当","該当","","","第1類","該当","","","","特定第一種","劇物","","","","","","該当","製造許可が必要","内蔵"
"134-32-7","アルファ-ナフチルアミン及びその塩","対象物","該当","該当","","","第1類","該当","","","","","劇物","","","","","","","製造許可が必要","内蔵"
"1336-36-3","塩素化ビフェニル","対象物","該当","該当","","","第1類","","","","","特定第一種","","","第一種特定","","該当","","該当","PCB。PCB特別措置法の対象。製造許可が必要","内蔵"
"119-93-7","オルト-トリジン及びその塩","対象物","該当","該当","","","第1類","該当","","","","","劇物","","","","","","","製造許可が必要","内蔵"
"119-90-4","ジアニシジン及びその塩","対象物","該当","該当","","","第1類","該当","","","","特定第一種","劇物","","","","","","","製造許可が必要","内蔵"
"7440-41-7","ベリリウム及びその化合物","対象物","該当","該当","","","第1類","該当","","","","特定第一種","毒物","","","","","","該当","製造許可が必要","内蔵"
"98-07-7","ベンゾトリクロリド","対象物","","該当","","","第1類","該当","","","","特定第一種","劇物","","","","","","","製造許可が必要","内蔵"
"100-41-4","エチルベンゼン","対象物","該当","該当","","該当","第2類","該当","","","","第一種","","第4類 第1石油類 非水溶性","","VOC/有害大気","","","該当","塗装業務で特化則を適用。特別有機溶剤","内蔵"
"67-66-3","クロロホルム","対象物","該当","該当","","","第2類","該当","","","","第一種","劇物","","","有害大気","該当","該当","該当","特別有機溶剤","内蔵"
"56-23-5","四塩化炭素","対象物","該当","該当","","","第2類","該当","","","","第一種","劇物","","","有害大気","該当","該当","該当","特別有機溶剤。オゾン層保護法の特定物質","内蔵"
"123-91-1","1,4-ジオキサン","対象物","該当","該当","","該当","第2類","該当","","","","第一種","","第4類 第1石油類 水溶性","","有害大気","該当","","該当","特別有機溶剤。有機則第2種から移行","内蔵"
"107-06-2","1,2-ジクロロエタン","対象物","該当","該当","","該当","第2類","該当","","","","特定第一種","劇物","第4類 第1石油類 非水溶性","","有害大気","該当","該当","該当","特別有機溶剤","内蔵"
"78-87-5","1,2-ジクロロプロパン","対象物","該当","該当","","該当","第2類","該当","","","","第一種","","第4類 第1石油類 非水溶性","","","","","該当","胆管がん事案を受け特化則へ追加。特別有機溶剤","内蔵"
"75-09-2","ジクロロメタン","対象物","該当","該当","","","第2類","該当","","","","第一種","","","","有害大気","","","該当","特別有機溶剤。有機則第2種から移行","内蔵"
"100-42-5","スチレン","対象物","該当","","","該当","第2類","","","","","第一種","","第4類 第2石油類 非水溶性","","VOC/有害大気","","","該当","特別有機溶剤。特別管理物質ではない","内蔵"
"79-34-5","1,1,2,2-テトラクロロエタン","対象物","該当","該当","","","第2類","該当","","","","第一種","劇物","","","有害大気","該当","","該当","特別有機溶剤","内蔵"
"127-18-4","テトラクロロエチレン","対象物","該当","該当","","","第2類","該当","","","","特定第一種","劇物","","","有害大気","該当","該当","該当","特別有機溶剤","内蔵"
"79-01-6","トリクロロエチレン","対象物","該当","該当","","","第2類","該当","","","","特定第一種","劇物","","","有害大気","該当","該当","該当","特別有機溶剤。地下水汚染の代表物質","内蔵"
"108-10-1","メチルイソブチルケトン","対象物","該当","","","該当","第2類","","","","","第一種","","第4類 第1石油類 非水溶性","","VOC","","","","特別有機溶剤。有機則第2種から移行。特別管理物質ではない","内蔵"
"79-06-1","アクリルアミド","対象物","該当","該当","","","第2類","該当","","","","第一種","劇物","","","","","","該当","","内蔵"
"107-13-1","アクリロニトリル","対象物","該当","該当","","該当","第2類","該当","","","","特定第一種","劇物","第4類 第1石油類 非水溶性","","有害大気","","","該当","","内蔵"
"151-56-4","エチレンイミン","対象物","該当","該当","","該当","第2類","該当","","","","第一種","劇物","","","","","","該当","","内蔵"
"75-21-8","エチレンオキシド","対象物","該当","該当","","該当","第2類","該当","","","","特定第一種","劇物","","","有害大気","","","該当","酸化エチレン。滅菌用途","内蔵"
"75-01-4","塩化ビニル","対象物","","該当","","","第2類","該当","","","","特定第一種","","","","有害大気","","","該当","高圧ガス保安法も要確認","内蔵"
"7782-50-5","塩素","対象物","該当","","","","第2類","","","","","第一種","劇物","","","特定物質","","","","高圧ガス保安法も要確認","内蔵"
"492-80-8","オーラミン","対象物","該当","該当","","","第2類","該当","","","","","","","","","","","該当","","内蔵"
"91-15-6","オルト-フタロジニトリル","対象物","該当","","","","第2類","","","","","第一種","劇物","","","","","","","","内蔵"
"7440-43-9","カドミウム及びその化合物","対象物","該当","該当","","","第2類","","","","","特定第一種","毒物","","","","該当","該当","該当","","内蔵"
"7775-11-3","クロム酸ナトリウム","対象物","","該当","","","第2類","該当","","","","特定第一種","劇物","第1類 酸化性固体 第2種","","","該当","該当","該当","六価クロム化合物","内蔵"
"7789-00-6","クロム酸カリウム","対象物","該当","該当","","","第2類","該当","","","","特定第一種","劇物","第1類 酸化性固体 第2種","","","該当","該当","該当","六価クロム化合物","内蔵"
"7778-50-9","重クロム酸カリウム","対象物","該当","該当","","","第2類","該当","","","","特定第一種","劇物","第1類 酸化性固体 第2種","","","該当","該当","該当","六価クロム化合物","内蔵"
"10588-01-9","重クロム酸ナトリウム","対象物","該当","該当","","","第2類","該当","","","","特定第一種","劇物","第1類 酸化性固体 第2種","","","該当","該当","該当","六価クロム化合物","内蔵"
"1333-82-0","三酸化クロム","対象物","該当","該当","","","第2類","該当","","","","特定第一種","劇物","第1類 酸化性固体 第1種","","","該当","該当","該当","無水クロム酸。硬質クロムめっき","内蔵"
"107-30-2","クロロメチルメチルエーテル","対象物","該当","該当","","","第2類","該当","","","","","劇物","第4類 第1石油類 非水溶性","","","","","","","内蔵"
"1314-62-1","五酸化バナジウム","対象物","該当","該当","","","第2類","","","","","第一種","劇物","","","","","","該当","","内蔵"
"8007-45-2","コールタール","対象物","該当","該当","","","第2類","該当","","","","第一種","","","","","","","","","内蔵"
"75-56-9","酸化プロピレン","対象物","該当","該当","","該当","第2類","該当","","","","特定第一種","","第4類 特殊引火物","","有害大気","","","","","内蔵"
"151-50-8","シアン化カリウム","対象物","該当","","","","第2類","","","","","第一種","毒物","","","特定物質","該当","","","毒劇法の業務上取扱者届出の対象となる場合あり","内蔵"
"74-90-8","シアン化水素","対象物","該当","","","該当","第2類","","","","","第一種","毒物","第4類 第1石油類 水溶性","","特定物質","該当","","","","内蔵"
"143-33-9","シアン化ナトリウム","対象物","該当","","","","第2類","","","","","第一種","毒物","","","特定物質","該当","","","毒劇法の業務上取扱者届出の対象となる場合あり","内蔵"
"101-14-4","3,3'-ジクロロ-4,4'-ジアミノジフェニルメタン","対象物","該当","該当","","","第2類","該当","","","","特定第一種","劇物","","","","","","該当","MOCA。ウレタン硬化剤","内蔵"
"74-83-9","臭化メチル","対象物","該当","","","該当","第2類","","","","","第一種","劇物","","","有害大気","","","","オゾン層保護法の特定物質","内蔵"
"7439-97-6","水銀及びその無機化合物","対象物","該当","","","","第2類","","","","","第一種","毒物","","","水銀等","該当","該当","該当","水銀に関する水俣条約の対応も要確認","内蔵"
"584-84-9","トリレンジイソシアネート","対象物","該当","","","","第2類","","","","","第一種","劇物","","","","","","","TDI。ウレタン原料","内蔵"
"91-20-3","ナフタレン","対象物","該当","該当","","","第2類","該当","","","","第一種","","","","有害大気","","","","","内蔵"
"13463-39-3","ニッケルカルボニル","対象物","該当","該当","","該当","第2類","該当","","","","特定第一種","毒物","第4類 第1石油類 非水溶性","","","","","","","内蔵"
"7786-81-4","硫酸ニッケル","対象物","該当","該当","","","第2類","該当","","","","第一種","劇物","","","","要確認","","該当","ニッケル化合物。めっき薬品","内蔵"
"7718-54-9","塩化ニッケル(II)","対象物","該当","該当","","","第2類","該当","","","","第一種","劇物","","","","要確認","","該当","ニッケル化合物。めっき薬品","内蔵"
"628-96-6","ニトログリコール","対象物","該当","","","該当","第2類","","","","","","劇物","第5類 自己反応性物質 第1種","","","","","","","内蔵"
"60-11-7","パラ-ジメチルアミノアゾベンゼン","対象物","","該当","","","第2類","該当","","","","","","","","","","","該当","","内蔵"
"100-00-5","パラ-ニトロクロロベンゼン","対象物","該当","該当","","","第2類","","","","","第一種","毒物","","","","","","","","内蔵"
"7664-39-3","ふっ化水素","対象物","該当","","","","第2類","","","","","第一種","毒物","","","特定物質","該当","","","ふっ素として排水規制","内蔵"
"57-57-8","ベータ-プロピオラクトン","対象物","該当","該当","","","第2類","該当","","","","","","","","","","","","","内蔵"
"71-43-2","ベンゼン","対象物","該当","該当","","該当","第2類","該当","","","","特定第一種","劇物","第4類 第1石油類 非水溶性","","有害大気","該当","該当","該当","含有1%超で特化則を適用","内蔵"
"87-86-5","ペンタクロロフェノール","対象物","該当","該当","","","第2類","","","","","第一種","劇物","","第一種特定","","該当","","該当","","内蔵"
"632-99-5","マゼンタ","対象物","該当","該当","","","第2類","該当","","","","","","","","","","","","","内蔵"
"7439-96-5","マンガン及びその化合物","対象物","該当","","","","第2類","","","","","第一種","","","","","","","該当","","内蔵"
"74-88-4","沃化メチル","対象物","該当","","","","第2類","","","","","第一種","劇物","第4類 第1石油類 非水溶性","","","","","","","内蔵"
"142844-00-6","リフラクトリーセラミックファイバー","対象物","該当","該当","","","第2類","該当","","","","","","","","","","","","RCF。耐火断熱材","内蔵"
"7783-06-4","硫化水素","対象物","","","","","第2類","","","","","第一種","劇物","","","特定物質","","","","酸素欠乏症等防止規則も要確認","内蔵"
"77-78-1","硫酸ジメチル","対象物","該当","該当","","","第2類","該当","","","","第一種","毒物","","","","","","該当","","内蔵"
"50-00-0","ホルムアルデヒド","対象物","該当","該当","","該当","第2類","該当","","","","特定第一種","劇物","","","有害大気","","","該当","ホルマリン水溶液も対象","内蔵"
"302-01-2","ヒドラジン","対象物","該当","該当","該当","該当","第2類","該当","","","","第一種","劇物","","","","","","該当","ボイラ脱酸素剤","内蔵"
"57-14-7","1,1-ジメチルヒドラジン","対象物","該当","該当","","該当","第2類","該当","","","","","劇物","第4類 第1石油類 水溶性","","","","","","","内蔵"
"7440-48-4","コバルト及びその無機化合物","対象物","該当","該当","","該当","第2類","該当","","","","第一種","","","","","","","該当","","内蔵"
"1309-64-4","三酸化二アンチモン","対象物","該当","該当","","","第2類","該当","","","","第一種","","","","","","","該当","難燃助剤","内蔵"
"7440-38-2","砒素及びその化合物","対象物","該当","該当","","該当","第2類","該当","","","","特定第一種","毒物","","","","該当","該当","該当","","内蔵"
"-","インジウム化合物","対象物","","該当","","","第2類","該当","","","","","","","","","","","","ITOターゲット等","内蔵"
"62-73-7","ジメチル-2,2-ジクロロビニルホスフェイト","対象物","該当","該当","","","第2類","該当","","","","第一種","劇物","","","","","","","DDVP","内蔵"
"-","溶接ヒューム","対象物","","該当","","","第2類","","","","","","","","","","","","","金属アーク溶接等作業。令和3年4月から特化則。じん肺法も対象。特別管理物質ではない","内蔵"
"7664-41-7","アンモニア","対象物","該当","","","該当","第3類","","","","","第一種","劇物","","","特定物質","","","","高圧ガス保安法・悪臭防止法も要確認","内蔵"
"630-08-0","一酸化炭素","対象物","該当","","","","第3類","","","","","","","","","","","","該当","","内蔵"
"7647-01-0","塩化水素","対象物","該当","","","","第3類","","","","","第一種","劇物","","","特定物質","","","","塩酸","内蔵"
"7697-37-2","硝酸","対象物","該当","","","","第3類","","","","","","劇物","第6類 酸化性液体","","特定物質","","","","","内蔵"
"7446-09-5","二酸化硫黄","対象物","","","","","第3類","","","","","","","","","特定物質","","","","ばい煙の硫黄酸化物も要確認","内蔵"
"108-95-2","フェノール","対象物","該当","","","","第3類","","","","","第一種","劇物","第4類 第3石油類 非水溶性","","","","","","","内蔵"
"75-44-5","ホスゲン","対象物","該当","","","","第3類","","","","","第一種","毒物","","","特定物質","","","","","内蔵"
"7664-93-9","硫酸","対象物","該当","","","","第3類","","","","","","劇物","","","","","","","水濁法は水素イオン濃度で規制","内蔵"
"7439-92-1","鉛及びその化合物","対象物","","該当","","","","","","該当","","第一種","劇物","","","","該当","該当","該当","鉛業務に該当するかの確認が必要","内蔵"
"1317-36-8","一酸化鉛","対象物","","該当","","","","","","該当","","第一種","劇物","","","","該当","該当","該当","リサージ","内蔵"
"1314-41-6","鉛丹","対象物","","該当","","","","","","該当","","第一種","劇物","","","","該当","該当","該当","四酸化三鉛。さび止め塗料","内蔵"
"7446-14-2","硫酸鉛","対象物","","該当","","","","","","該当","","第一種","劇物","","","","該当","該当","該当","","内蔵"
"7758-97-6","クロム酸鉛","対象物","該当","該当","","","?","該当","","該当","","特定第一種","劇物","","","","該当","該当","該当","鉛クロメート顔料。六価クロム化合物でもある","内蔵"
"78-00-2","四エチル鉛","対象物","該当","該当","","","","","","該当","","要確認","毒物","","","","該当","","該当","四アルキル鉛中毒予防規則の対象","内蔵"
"14808-60-7","結晶質シリカ(石英)","対象物","","該当","","","","","","","該当","","","","","","","","","じん肺法の対象。研削・鋳造・耐火物","内蔵"
"14464-46-1","クリストバライト","対象物","","該当","","","","","","","該当","","","","","","","","","じん肺法の対象","内蔵"
"14807-96-6","滑石(タルク)","対象物","","","","","","","","","該当","","","","","","","","","じん肺法の対象","内蔵"
"13463-67-7","酸化チタン(IV)","対象物","","","","","","","","","該当","","","","","","","","","粉状のものは粉じん則の対象","内蔵"
"1333-86-4","カーボンブラック","対象物","","該当","該当","","","","","","該当","","","","","","","","","","内蔵"
"409-21-2","炭化ケイ素","対象物","","該当","","","","","","","該当","要確認","","","","","","","","","内蔵"
"1332-21-4","石綿","対象物","","該当","","","","","","","","要確認","","","第一種特定","特定粉じん","","","該当","製造等禁止。石綿則および大気汚染防止法の事前調査対象","内蔵"
"12001-29-5","クリソタイル","対象物","","該当","","","","","","","","要確認","","","第一種特定","特定粉じん","","","該当","白石綿。製造等禁止","内蔵"
"12172-73-5","アモサイト","対象物","","該当","","","","","","","","要確認","","","第一種特定","特定粉じん","","","該当","茶石綿。製造等禁止","内蔵"
"12001-28-4","クロシドライト","対象物","","該当","","","","","","","","要確認","","","第一種特定","特定粉じん","","","該当","青石綿。製造等禁止","内蔵"
"1310-73-2","水酸化ナトリウム","対象物","該当","","","","","","","","","","劇物","","","","","","","水濁法は水素イオン濃度で規制","内蔵"
"1310-58-3","水酸化カリウム","対象物","該当","","","","","","","","","","劇物","","","","","","","","内蔵"
"7722-84-1","過酸化水素","対象物","該当","","該当","該当","","","","","","","劇物","第6類 酸化性液体","","","","","","6%以下は劇物から除外。消防法は36%以上","内蔵"
"7722-64-7","過マンガン酸カリウム","対象物","該当","","","","?","","","","","要確認","劇物","第1類 酸化性固体 第2種","","","","","","覚醒剤原料の規制対象","内蔵"
"64-19-7","酢酸","対象物","該当","","該当","該当","","","","","","","劇物","第4類 第2石油類 水溶性","","","","","","90%以下は劇物から除外","内蔵"
"108-24-7","無水酢酸","対象物","該当","","該当","該当","","","","","","要確認","劇物","第4類 第2石油類 水溶性","","","","","","麻薬及び向精神薬取締法の原料。届出・記録が必要な場合がある","内蔵"
"7664-38-2","りん酸","対象物","該当","","該当","","","","","","","","劇物","","","","","","","","内蔵"
"7681-52-9","次亜塩素酸ナトリウム","対象物","該当","","","該当","","","","","","","劇物","","","","","","","酸と混触で塩素ガスが発生","内蔵"
"7632-00-0","亜硝酸ナトリウム","対象物","","","","","","","","","","","劇物","第1類 酸化性固体 第2種","","","","","","","内蔵"
"7631-99-4","硝酸ナトリウム","対象物","","","","該当","","","","","","","","第1類 酸化性固体 第3種","","","","","","","内蔵"
"7757-79-1","硝酸カリウム","対象物","","","","該当","","","","","","","","第1類 酸化性固体 第3種","","","","","","","内蔵"
"6484-52-2","硝酸アンモニウム","対象物","","","","該当","","","","","","","","第1類 酸化性固体 第3種","","","","","","","内蔵"
"7775-09-9","塩素酸ナトリウム","対象物","","","","","","","","","","","劇物","第1類 酸化性固体 第1種","","","","","","","内蔵"
"7601-90-3","過塩素酸","対象物","該当","","","","","","","","","","劇物","第6類 酸化性液体","","","","","","","内蔵"
"94-36-0","過酸化ベンゾイル","対象物","該当","","","該当","","","","","","","","第5類 自己反応性物質 第2種","","","","","","","内蔵"
"144-62-7","しゅう酸","対象物","該当","","","","","","","","","","劇物","","","","","","","","内蔵"
"7758-98-7","硫酸銅(II)","対象物","該当","","","","","","","","","第一種","劇物","","","","要確認","","","銅水溶性塩","内蔵"
"7705-08-0","塩化鉄(III)","対象物","該当","","","","","","","","","","劇物","","","","","","","塩化第二鉄。エッチング液","内蔵"
"1341-49-7","ふっ化水素アンモニウム","対象物","該当","","","","","","","","","第一種","劇物","","","","該当","","","ふっ素として排水規制","内蔵"
"10043-35-3","ほう酸","対象物","","","","","","","","","","第一種","","","","","要確認","","","ほう素及びその化合物として排水規制","内蔵"
"1317-33-5","二硫化モリブデン","対象物","","","","","","","","","","第一種","","","","","","","","固体潤滑剤","内蔵"
"-","亜鉛の水溶性化合物","対象物","","","","","","","","","","第一種","","","","","要確認","","","排水基準の亜鉛含有量に関わる","内蔵"
"80-62-6","メタクリル酸メチル","対象物","該当","","該当","該当","","","","","","第一種","劇物","第4類 第1石油類 非水溶性","","VOC","","","","","内蔵"
"79-10-7","アクリル酸","対象物","該当","","","","","","","","","第一種","劇物","第4類 第2石油類 水溶性","","","","","","","内蔵"
"140-88-5","アクリル酸エチル","対象物","該当","","該当","該当","","","","","","第一種","劇物","第4類 第1石油類 非水溶性","","VOC","","","","","内蔵"
"108-05-4","酢酸ビニル","対象物","","該当","該当","該当","","","","","","第一種","","第4類 第1石油類 非水溶性","","VOC","","","","","内蔵"
"106-89-8","エピクロロヒドリン","対象物","該当","該当","該当","該当","","","","","","第一種","劇物","第4類 第2石油類 非水溶性","","有害大気","","","","エポキシ樹脂原料。特定第一種該当性を要確認","内蔵"
"80-05-7","ビスフェノールA","対象物","","","","","","","","","","第一種","","","","","","","","エポキシ樹脂原料","内蔵"
"101-68-8","ジフェニルメタン-4,4'-ジイソシアネート","対象物","該当","","該当","","","","","","","第一種","","","","","","","","MDI。ウレタン原料","内蔵"
"822-06-0","ヘキサメチレン-1,6-ジイソシアネート","対象物","該当","","該当","","","","","","","第一種","劇物","","","","","","","HDI。ウレタン塗料硬化剤","内蔵"
"107-21-1","エチレングリコール","対象物","該当","","該当","","","","","","","第一種","","第4類 第3石油類 水溶性","","","","","","","内蔵"
"111-46-6","ジエチレングリコール","対象物","","","該当","","","","","","","","","第4類 第3石油類 水溶性","","","","","","","内蔵"
"57-55-6","プロピレングリコール","非該当","","","","","","","","","","","","第4類 第3石油類 水溶性","","","","","","","内蔵"
"56-81-5","グリセリン","非該当","","","","","","","","","","","","第4類 第3石油類 水溶性","","","","","","","内蔵"
"872-50-4","N-メチル-2-ピロリドン","対象物","該当","","該当","","","","","","","第一種","","第4類 第3石油類 水溶性","","VOC","","","該当","女性則の就業制限対象","内蔵"
"67-68-5","ジメチルスルホキシド","対象物","該当","","","","","","","","","","","第4類 第3石油類 水溶性","","","","","","DMSO。皮膚吸収に注意","内蔵"
"107-98-2","プロピレングリコールモノメチルエーテル","対象物","","","該当","該当","","","","","","","","第4類 第2石油類 水溶性","","VOC","","","","PGME","内蔵"
"108-65-6","プロピレングリコールモノメチルエーテルアセテート","対象物","","","該当","該当","","","","","","","","第4類 第2石油類 非水溶性","","VOC","","","","PGMEA","内蔵"
"97-64-3","乳酸エチル","対象物","","","","該当","","","","","","","","第4類 第2石油類 水溶性","","VOC","","","","","内蔵"
"123-42-2","ジアセトンアルコール","対象物","","","該当","該当","","","","","","","","第4類 第2石油類 水溶性","","VOC","","","","","内蔵"
"121-44-8","トリエチルアミン","対象物","該当","","","該当","","","","","","第一種","劇物","第4類 第1石油類 水溶性","","","","","","","内蔵"
"111-42-2","ジエタノールアミン","対象物","該当","","該当","","","","","","","第一種","","","","","","","","","内蔵"
"110-91-8","モルホリン","対象物","該当","","","該当","","","","","","第一種","劇物","第4類 第2石油類 水溶性","","","","","","","内蔵"
"107-15-3","エチレンジアミン","対象物","該当","","該当","該当","","","","","","第一種","劇物","第4類 第2石油類 水溶性","","","","","","","内蔵"
"-","直鎖アルキルベンゼンスルホン酸及びその塩","対象物","","","","","","","","","","第一種","","","","","","","","洗浄剤の界面活性剤","内蔵"
"-","ポリ(オキシエチレン)アルキルエーテル","対象物","","","","","","","","","","第一種","","","","","","","","洗浄剤の界面活性剤","内蔵"
"64-17-5","エタノール","対象物","","","","該当","","","","","","","","第4類 アルコール類","","VOC","","","","有機則の対象外","内蔵"
"71-23-8","1-プロパノール","対象物","該当","","該当","該当","","","","","","","","第4類 アルコール類","","VOC","","","","","内蔵"
"-","灯油","対象物","","","","","","","","","","","","第4類 第2石油類 非水溶性","","VOC","","","","","内蔵"
"-","軽油","対象物","","","","","","","","","","","","第4類 第2石油類 非水溶性","","VOC","","","","","内蔵"
"-","重油","対象物","","","","","","","","","","","","第4類 第3石油類 非水溶性","","","","","","燃料として燃焼させる場合は大気汚染防止法のばい煙を要確認","内蔵"
"-","潤滑油・鉱油","非該当","","","","","","","","","","","","第4類 第4石油類","","","","","","廃棄時は廃油として産業廃棄物","内蔵"
"-","切削油(水溶性)","要確認","要確認","","","","","","","","","要確認","","","","","","","","配合成分のSDSで個別に判定が必要","内蔵"
"-","切削油(不水溶性)","要確認","","","","","","","","","","","","第4類 第4石油類","","","","","","配合成分のSDSで個別に判定が必要。引火点により品名が変わる","内蔵"
"-","動植物油","対象物","","","","","","","","","","","","第4類 動植物油類","","","","","","","内蔵"
"7429-90-5","アルミニウム粉","対象物","","","","該当","","","","","該当","","","第2類 金属粉・マグネシウム 第2種","","","","","","","内蔵"
"7439-95-4","マグネシウム","対象物","","","","該当","","","","","","","","第2類 金属粉・マグネシウム 第2種","","","","","","","内蔵"
"7440-66-6","亜鉛粉","対象物","","","","該当","","","","","","","","第2類 金属粉・マグネシウム 第2種","","","要確認","","","","内蔵"
"7439-89-6","鉄粉","対象物","","","","","","","","","該当","","","第2類 鉄粉","","","","","","","内蔵"
"7704-34-9","硫黄","対象物","","","","","","","","","","","","第2類 硫黄・赤りん・硫化りん","","","","","","","内蔵"
"7723-14-0","赤りん","対象物","","","","該当","","","","","","","","第2類 硫黄・赤りん・硫化りん","","","","","","","内蔵"
"12185-10-3","黄りん","対象物","該当","","","該当","","","","","","第一種","毒物","第3類 黄りん","","","","","","","内蔵"
"7440-23-5","ナトリウム","対象物","該当","","","該当","","","","","","","","第3類 自然発火性物質・禁水性物質 第1種","","","","","","","内蔵"
"1305-78-8","酸化カルシウム","対象物","該当","","該当","","","","","","","","劇物","","","","","","","生石灰。水と反応して発熱","内蔵"
"7727-37-9","窒素","非該当","","","","","","","","","","","","","","","","","","高圧ガス保安法。単純窒息性ガス。酸素欠乏に注意","内蔵"
"7440-37-1","アルゴン","非該当","","","","","","","","","","","","","","","","","","高圧ガス保安法。単純窒息性ガス","内蔵"
"7782-44-7","酸素","対象物","","","","","","","","","","","","","","","","","","高圧ガス保安法。支燃性ガス","内蔵"
"124-38-9","二酸化炭素","非該当","","","","","","","","","","","","","","","","","","高圧ガス保安法。単純窒息性ガス","内蔵"
"74-86-2","アセチレン","対象物","","","","該当","","","","","","","","","","","","","","高圧ガス保安法。可燃性ガス","内蔵"
"1333-74-0","水素","対象物","","","","該当","","","","","","","","","","","","","","高圧ガス保安法。可燃性ガス","内蔵"
"7440-59-7","ヘリウム","非該当","","","","","","","","","","","","","","","","","","高圧ガス保安法。単純窒息性ガス","内蔵"
"74-98-6","プロパン","対象物","","","該当","該当","","","","","","","","","","","","","","高圧ガス保安法。液化石油ガス","内蔵"
"106-97-8","ブタン","対象物","","","該当","該当","","","","","","","","","","","","","","高圧ガス保安法。液化石油ガス","内蔵"
"50-18-0","２－［ビス（２－クロロエチル）アミノ］－２－オキソ－１，３，２λ（５）－オキサザホスフィナン","対象物","","該当","","","","","","","","","","","","","","","","","NITE-CHRIP"
"50-21-5","２－ヒドロキシプロパン酸","対象物","該当","","","","","","","","","","","","","","","","","","NITE-CHRIP"
"50-29-3","１，１，１－トリクロロ－２，２－ビス（４－クロロフェニル）エタン","対象物","","該当","","","","","","","","","","","第一種特定","","","","","","NITE-CHRIP"
"50-31-7","２，３，６－トリクロロ安息香酸","対象物","","","","","","","","","","","","","","","","","","","NITE-CHRIP"
"50-32-8","ベンゾ［ａ］ピレン","対象物","該当","該当","","","","","","","","","","","","","","","","","NITE-CHRIP"
"50-44-2","１，９－ジヒドロ－６Ｈ－プリン－６－チオン","対象物","","","","","","","","","","","","","","","","","","","NITE-CHRIP"
"50-78-2","ｏ－アセトキシ安息香酸","対象物","該当","","該当","","","","","","","","","","","","","","","","NITE-CHRIP"
"51-21-8","５－フルオロピリミジン－２，４（１Ｈ，３Ｈ）－ジオン","対象物","","","","","","","","","","","","","","","","","","","NITE-CHRIP"
"51-28-5","２，４－ジニトロフェノール","対象物","","","","","","","","","","要確認","","","","","","","","","NITE-CHRIP"
"51-48-9","（Ｓ）－２－アミノ－３－［４－（４－ヒドロキシ－３，５－ジヨードフェノキシ）－３，５－ジヨードフェニル］プロパン酸","対象物","","","","","","","","","","","","","","","","","","","NITE-CHRIP"
"51-52-5","２，３－ジヒドロ－６－プロピル－２－チオキソ－４（１Ｈ）－ピリミジノン","対象物","","該当","","","","","","","","","","","","","","","","","NITE-CHRIP"
"51-55-8","α－ヒドロキシメチルフェニル酢酸８－メチル－８－アザアビシクロ［３，２，１］オクト－３－イル","対象物","","","","","","","","","","","","","","","","","","","NITE-CHRIP"
"51-75-2","Ｎ－メチルビス（２－クロロエチル）アミン","対象物","該当","該当","","","","","","","","","","","","","","","","","NITE-CHRIP"
"51-79-6","エチル＝カルバマート","対象物","","該当","","","","","","","","","","","","","","","","","NITE-CHRIP"
"52-24-4","トリス（アジリジン－１－イル）ホスファン＝スルフィド","対象物","","該当","","","","","","","","","","","","","","","","","NITE-CHRIP"
"52-51-7","２－ブロモ－２－ニトロ－１，３－プロパンジオール","対象物","該当","","","","","","","","","","","","","","","","","","NITE-CHRIP"
"52-68-6","ジメチル＝２，２，２－トリクロロ－１－ヒドロキシエチルホスホナート","対象物","該当","","","","","","","","","要確認","","","","","","","","","NITE-CHRIP"
"52-86-8","４－［４－（４－クロロフェニル）－４－ヒドロキシ－１－ピペリジル］－１－（４－フルオロフェニル）ブタン－１－オン","対象物","","","","","","","","","","","","","","","","","","","NITE-CHRIP"
"52-90-4","Ｌ－システイン","対象物","","","","","","","","","","","","","","","","","","","NITE-CHRIP"
"53-16-7","３－ヒドロキシエストラ－１，３，５（１０）－トリエン－１７－オン","対象物","","該当","","","","","","","","","","","","","","","","","NITE-CHRIP"
"53-19-0","１，１－ジクロロ－２－（２－クロロフェニル）－２－（４－クロロフェニル）エタン","対象物","","","","","","","","","","","","","","","","","","","NITE-CHRIP"
"53-70-3","ベンゾ［ｋ］テトラフェン","対象物","該当","該当","","","","","","","","","","","","","","","","","NITE-CHRIP"
"54-64-8","ナトリウム＝エタニド（２－スルフィド－κＳ－ベンゾアト－κＯ）メルクラート（１－）","対象物","該当","","","","?","","","","","要確認","","","","","","","","","NITE-CHRIP"
"54-85-3","ピリジン－４－カルボン酸ヒドラジド","対象物","","","","","","","","","","","","","","","","","","","NITE-CHRIP"
"55-18-5","Ｎ－ニトロソジエチルアミン","対象物","該当","該当","","","","","","","","","","","","","","","","","NITE-CHRIP"
"55-38-9","チオリン酸Ｏ，Ｏ－ジメチル－Ｏ－［３－メチル－４－（メチルチオ）フェニル］","対象物","該当","","","","","","","","","要確認","","","","","","","","","NITE-CHRIP"
"55-56-1","５，５’－ビス（４－クロロフェニル）－１，１’－ヘキサン－１，６－ジイルジビグアニド","対象物","該当","","","","","","","","","","","","","","","","","","NITE-CHRIP"
"55-63-0","ニトログリセリン","対象物","該当","","該当","該当","","","","","","","","","","","","","","","NITE-CHRIP"
"55-68-5","（ニトラト－κＯ）（フェニル）水銀","対象物","該当","","","","","","","","","要確認","","","","","","","","","NITE-CHRIP"
"55-98-1","ブスルファン","対象物","","該当","","","","","","","","","","","","","","","","","NITE-CHRIP"
"56-18-8","イミノビスプロピルアミン","対象物","該当","","","","","","","","","","","","","","","","","","NITE-CHRIP"
"56-24-6","ヒドロキシ（トリメチル）スタンナン","対象物","","","","","","","","","","要確認","","","","","","","","","NITE-CHRIP"
"56-35-9","１，１，１，３，３，３－ヘキサブタン－１－イルジスタンノキサン","対象物","","","","","","","","","","要確認","","","第一種特定","","","","","","NITE-CHRIP"
"56-36-0","トリブチルスタンニル＝アセタート","対象物","","","","","","","","","","要確認","","","","","","","","","NITE-CHRIP"
"56-38-2","Ｏ，Ｏ－ジエチル＝Ｏ－（４－ニトロフェニル）＝ホスホロチオアート","対象物","該当","","該当","","","","","","","","","","","","","","","","NITE-CHRIP"
"56-53-1","４，４’－［（Ｅ）－ヘキサ－３－エン－３，４－ジイル］ジフェノール","対象物","","該当","","","","","","","","","","","","","","","","","NITE-CHRIP"
"56-55-3","ベンゾ［ａ］アントラセン","対象物","該当","該当","","","","","","","","","","","","","","","","","NITE-CHRIP"
"56-72-4","Ｏ－（３－クロロ－４－メチル－２－オキソ－２Ｈ－クロメン－７－イル）＝Ｏ，Ｏ－ジエチル＝ホスホロチオアート","対象物","該当","","","","","","","","","","","","","","","","","","NITE-CHRIP"
"56-75-7","２，２－ジクロロ－Ｎ－［（１Ｒ，２Ｒ）－１，３－ジヒドロキシ－１－（４－ニトロフェニル）プロパン－２－イル］アセトアミド","対象物","","該当","","","","","","","","","","","","","","","","","NITE-CHRIP"
"56-93-9","トリメチルベンジルアンモニウム＝クロリド","対象物","","","","","","","","","","","","","","","","","","","NITE-CHRIP"
"57-09-0","ヘキサデシルトリメチルアンモニウム＝ブロミド","対象物","","","","","","","","","","","","","","","","","","","NITE-CHRIP"
"57-24-9","ストリキニーネ","対象物","","","","","","","","","","","","","","","","","","","NITE-CHRIP"
"57-41-0","５，５－ジフェニル－２，４－イミダゾリジンジオン［別名：フェニトイン］","対象物","","","","","","","","","","要確認","","","","","","","","","NITE-CHRIP"
"57-47-6","（３ａＳ，８ａＲ）－１，３ａ，８－トリメチル－１，２，３，３ａ，８，８ａ－ヘキサヒドロピロロ［２，３－ｂ］インドール－５－イル＝メチルカルバマート","対象物","","","","","","","","","","","","","","","","","","","NITE-CHRIP"
"57-52-3","３，３，７，７－テトラエチル－４，６－ジオキサ－５－チア－３，７－ジスタンナノナン＝５，５－ジオキシド","対象物","","","","","","","","","","要確認","","","","","","","","","NITE-CHRIP"
"57-74-9","１，３，４，７，８，９，１０，１０－オクタクロロトリシクロ［５．２．１．０（２，６）］デカ－８－エン","対象物","該当","","該当","","","","","","","","","","第一種特定","","","","","","NITE-CHRIP"
"57-92-1","１，１’－［（１Ｒ，２Ｒ，３Ｓ，４Ｒ，５Ｒ，６Ｓ）－４－（｛５－デオキシ－２－Ｏ－［２－デオキシ－２－（メチルアミノ）－α－Ｌ－グルコピラノシル］－３－Ｃ－ホルミル－α－Ｌ－リキソフラノシル｝オキシ）－２，５，６－トリヒドロキシシクロヘキサン－１，３－ジイル］ジグアニジン","対象物","該当","","","","","","","","","要確認","","","","","","","","","NITE-CHRIP"
"58-36-6","１０－［（１０Ｈ－フェノキサルシン－１０－イル）オキシ］－１０Ｈ－フェノキサルシン","対象物","該当","","","","?","","","","","","","","","","","","","","NITE-CHRIP"
"58-55-9","１，３－ジメチル－３，７－ジヒドロ－１Ｈ－プリン－２，６－ジオン","対象物","","","","","","","","","","","","","","","","","","","NITE-CHRIP"
"58-89-9","ｒ－１，ｃ－２，ｔ－３，ｃ－４，ｃ－５，ｔ－６－ヘキサクロロシクロヘキサン","対象物","該当","該当","","","","","","","","","","","第一種特定","","","","","","NITE-CHRIP"
"58-90-2","２，３，４，６－テトラクロロフェノール","対象物","","","","","","","","","","","","","","","","","","","NITE-CHRIP"
"59-50-7","４－クロロ－３－メチルフェノール","対象物","該当","","","","","","","","","","","","","","","","","","NITE-CHRIP"
"59-66-5","Ｎ－（５－スルファモイル－１，３，４－チアジアゾール－２－イル）アセトアミド","対象物","","","","","","","","","","","","","","","","","","","NITE-CHRIP"
"59-88-1","フェニルヒドラジン一塩酸塩","対象物","","","","","","","","","","","","","","","","","","","NITE-CHRIP"
"59-89-2","Ｎ－ニトロソモルホリン","対象物","該当","該当","","","","","","","","","","","","","","","","","NITE-CHRIP"
"60-00-4","エチレンジアミン四酢酸","対象物","","","","","","","","","","要確認","","","","","","","","","NITE-CHRIP"
"60-23-1","２－アミノエタン－１－チオール","対象物","該当","","","","","","","","","","","","","","","","","","NITE-CHRIP"
"60-24-2","２－メルカプトエタノール","対象物","","","","","","","","","","要確認","","","","","","","","","NITE-CHRIP"
"60-34-4","メチルヒドラジン","対象物","該当","該当","","該当","","","","","","","","","","","","","","","NITE-CHRIP"
"60-35-5","アセトアミド","対象物","","","","","","","","","","","","","","","","","","","NITE-CHRIP"
"60-51-5","ジチオリン酸Ｏ，Ｏ－ジメチル－Ｓ－［（Ｎ－メチルカルバモイル）メチル］","対象物","","","","","","","","","","要確認","","","","","","","","","NITE-CHRIP"
"60-57-1","ｒｅｌ－（１Ｒ，２Ｓ，３Ｓ，６Ｒ，７Ｒ，８Ｓ，９Ｓ，１１Ｒ）－３，４，５，６，１３，１３－ヘキサクロロ－１０－オキサペンタシクロ［６．３．１．１（３，６）．０（２，７）．０（９，１１）］トリデカ－４－エン","対象物","該当","該当","","","","","","","","","","","第一種特定","","","","","","NITE-CHRIP"
"61-68-7","Ｎ－（２，３－ジメチルフェニル）アントラニル酸","対象物","","","","","","","","","","","","","","","","","","","NITE-CHRIP"
"61-73-4","３，７－ビス（ジメチルアミノ）フェノチアジン－５－イウム＝クロリド","対象物","","","","","","","","","","","","","","","","","","","NITE-CHRIP"
"61-82-5","１Ｈ－１，２，４－トリアゾール－５－イルアミン","対象物","該当","","該当","","","","","","","","","","","","","","","","NITE-CHRIP"
"62-23-7","ｐ－ニトロ安息香酸","対象物","","","","","","","","","","","","","","","","","","","NITE-CHRIP"
"62-38-4","（アセタト－κＯ）（フェニル）水銀","対象物","該当","","","","","","","","","要確認","","","","","","","","","NITE-CHRIP"
"62-44-2","４’－エトキシアセトアニリド","対象物","","該当","","","","","","","","","","","","","","","","","NITE-CHRIP"
"62-50-0","メタンスルホン酸エチル","対象物","","","","","","","","","","","","","","","","","","","NITE-CHRIP"
"62-53-3","アニリン","対象物","該当","該当","該当","","","","","","","要確認","","","","","","","","","NITE-CHRIP"
"62-55-5","チオアセトアミド","対象物","","該当","","","","","","","","","","","","","","","","","NITE-CHRIP"
"62-56-6","チオ尿素","対象物","該当","","","","","","","","","要確認","","","","","","","","","NITE-CHRIP"
"62-74-8","フルオロ酢酸ナトリウム","対象物","該当","","","","","","","","","","","","","","","","","","NITE-CHRIP"
"62-75-9","Ｎ－ニトロソジメチルアミン","対象物","該当","該当","","該当","","","","","","","","","","","","","","","NITE-CHRIP"
"62-76-0","二ナトリウム＝オキサラート","対象物","","","","","","","","","","","","","","","","","","","NITE-CHRIP"
"63-25-2","Ｎ－メチルカルバミン酸１－ナフチル","対象物","該当","該当","該当","","","","","","","要確認","","","","","","","","","NITE-CHRIP"
"63-92-3","Ｎ－ベンジル－Ｎ－（２－クロロエチル）－１－フェノキシプロパン－２－アミン一塩酸塩","対象物","該当","該当","","","","","","","","","","","","","","","","","NITE-CHRIP"
"64-04-0","フェネチルアミン","対象物","該当","","","","","","","","","","","","","","","","","","NITE-CHRIP"
"64-18-6","ギ酸","対象物","該当","","該当","該当","","","","","","","","","","","","","","","NITE-CHRIP"
"64-67-5","ジエチル＝スルファート","対象物","該当","該当","","","","","","","","要確認","","","","","","","","","NITE-CHRIP"
"65-30-5","ビス｛３－［（Ｓ）－１－メチルピロリジン－２－イル］ピリジン｝＝スルファート","対象物","","","","","","","","","","","","","","","","","","","NITE-CHRIP"
"65-45-2","サリチルアミド","対象物","","","","","","","","","","","","","","","","","","","NITE-CHRIP"
"65-85-0","安息香酸","対象物","該当","","","","","","","","","","","","","","","","","","NITE-CHRIP"
"65-86-1","２，６－ジオキソ－１，２，３，６－テトラヒドロピリミジン－４－カルボン酸","対象物","","","","","","","","","","","","","","","","","","","NITE-CHRIP"
"66-25-1","ヘキサナール","対象物","","","","該当","","","","","","","","","","","","","","","NITE-CHRIP"
"66-27-3","メタンスルホン酸メチル","対象物","","該当","","","","","","","","","","","","","","","","","NITE-CHRIP"
"66-32-0","ストリキニジン－１０－オン＝モノニトラート","対象物","","","","","","","","","","","","","","","","","","","NITE-CHRIP"
"66-76-2","４，４’－ジヒドロキシ－３，３’－メチレンビス（２Ｈ－クロメン－２－オン）","対象物","","","","","","","","","","","","","","","","","","","NITE-CHRIP"
"66-81-9","β－［２－（３，５－ジメチル－２－オキソシクロヘキシル）－２－ヒドロキシエチル］グルタルイミド","対象物","","","","","","","","","","","","","","","","","","","NITE-CHRIP"
"67-43-6","ジエチレントリアミン五酢酸","対象物","","","","","","","","","","","","","","","","","","","NITE-CHRIP"
"67-51-6","３，５－ジメチルピラゾール","対象物","","","","","","","","","","","","","","","","","","","NITE-CHRIP"
"67-72-1","ペルクロロエタン","対象物","該当","該当","該当","","","","","","","","","","","","","","","","NITE-CHRIP"
"67-97-0","（３Ｓ，５Ｚ，７Ｅ）－９，１０－セココレスタ－５，７，１０（１９）－トリエン－３－オール","対象物","","","","","","","","","","","","","","","","","","","NITE-CHRIP"
"68-19-9","Ｃｏα－［α－（５，６－ジメチルベンゾイミダゾール－１－イル）］－Ｃｏβ－シアノコバミド","対象物","","","","","","","","","","要確認","","","","","","","","","NITE-CHRIP"
"69-72-7","サリチル酸","対象物","該当","","","","","","","","","","","","","","","","","","NITE-CHRIP"
"70-25-7","１－メチル－３－ニトロ－１－ニトロソグアニジン","対象物","該当","該当","","","","","","","","","","","","","","","","","NITE-CHRIP"
"70-30-4","ビス（２，３，５－トリクロロ－６－ヒドロキシフェニル）メタン","対象物","","","","","","","","","","","","","","","","","","","NITE-CHRIP"
"70-34-8","１－フルオロ－２，４－ジニトロベンゼン","対象物","該当","","","","","","","","","","","","","","","","","","NITE-CHRIP"
"71-41-0","１－ペンタノール","対象物","","","該当","該当","","","","","","","","","","","","","","","NITE-CHRIP"
"71-48-7","コバルト（ＩＩ）＝ジアセタート","対象物","該当","該当","","","","","","","","要確認","","","","","","","","","NITE-CHRIP"
"72-20-8","ｒｅｌ－（１Ｒ，２Ｒ，３Ｒ，６Ｓ，７Ｓ，８Ｓ，９Ｓ，１１Ｒ）－３，４，５，６，１３，１３－ヘキサクロロ－１０－オキサペンタシクロ［６．３．１．１（３，６）．０（２，７）．０（９，１１）］トリデカ－４－エン","対象物","該当","","該当","","","","","","","","","","第一種特定","","","","","","NITE-CHRIP"
"72-43-5","１，１，１－トリクロロ－２，２－ビス（４－メトキシフェニル）エタン","対象物","該当","","該当","","","","","","","","","","第一種特定","","","","","","NITE-CHRIP"
"72-54-8","Dichlorodiphenyldichloroethane","対象物","","該当","","","","","","","","","","","","","","","","","NITE-CHRIP"
"72-55-9","p,p'-DDE","対象物","","該当","","","","","","","","","","","","","","","","","NITE-CHRIP"
"72-57-1","テトラナトリウム＝３，３’－［（３，３’－ジメチル－４，４’－ビフェニリレン）ビス（アゾ）］ビス［５－アミノ－４－ヒドロキシ－２，７－ナフタレンジスルホナート］","対象物","","","","","","","","","","","","","","","","","","","NITE-CHRIP"
"74-31-7","Ｎ，Ｎ’－ジフェニル－ｐ－フェニレンジアミン","対象物","該当","","","","","","","","","","","","","","","","","","NITE-CHRIP"
"74-82-8","メタン","対象物","","","","該当","","","","","","","","","","","","","","","NITE-CHRIP"
"74-84-0","エタン","対象物","","","","該当","","","","","","","","","","","","","","","NITE-CHRIP"
"74-85-1","エテン","対象物","","","","該当","","","","","","","","","","","","","","","NITE-CHRIP"
"74-87-3","クロロメタン","対象物","該当","","","該当","","","","","","要確認","","","","","","","","","NITE-CHRIP"
"74-89-5","メチルアミン","対象物","該当","","該当","該当","","","","","","","","","","","","","","","NITE-CHRIP"
"74-93-1","メタンチオール","対象物","","","","該当","","","","","","","","","","","","","","","NITE-CHRIP"
"74-95-3","メチレンジブロマイド","対象物","","","","","","","","","","","","","","","","","","","NITE-CHRIP"
"74-96-4","臭化エチル","対象物","該当","","","","","","","","","","","","","","","","","","NITE-CHRIP"
"74-97-5","ブロモ（クロロ）メタン","対象物","該当","","該当","","","","","","","","","","","","","","","","NITE-CHRIP"
"74-99-7","メチルアセチレン","対象物","","","","該当","","","","","","","","","","","","","","","NITE-CHRIP"
"75-00-3","塩化エチル","対象物","","","該当","該当","","","","","","","","","","","","","","","NITE-CHRIP"
"75-07-0","アセトアルデヒド","対象物","該当","該当","該当","該当","","","","","","要確認","","","","","","","","","NITE-CHRIP"
"75-18-3","硫化ジメチル","対象物","","","","該当","","","","","","","","","","","","","","","NITE-CHRIP"
"75-19-4","シクロプロパン","対象物","","","","該当","","","","","","","","","","","","","","","NITE-CHRIP"
"75-20-7","カルシウム＝アセチリド","対象物","該当","","","該当","","","","","","","","","","","","","","","NITE-CHRIP"
"75-25-2","トリブロモメタン","対象物","","","該当","","","","","","","要確認","","","","","","","","","NITE-CHRIP"
"75-26-3","２－ブロモプロパン","対象物","該当","該当","該当","該当","","","","","","要確認","","","","","","","","","NITE-CHRIP"
"75-27-4","ブロモジクロロメタン","対象物","該当","該当","","","","","","","","要確認","","","","","","","","","NITE-CHRIP"
"75-28-5","イソブタン","対象物","","","","該当","","","","","","","","","","","","","","","NITE-CHRIP"
"75-29-6","２－クロロプロパン","対象物","","","","","","","","","","","","","","","","","","","NITE-CHRIP"
"75-31-0","イソプロピルアミン","対象物","該当","","該当","該当","","","","","","","","","","","","","","","NITE-CHRIP"
"75-34-3","１，１－ジクロロエタン","対象物","","","該当","該当","","","","","","","","","","","","","","","NITE-CHRIP"
"75-35-4","１，１－ジクロロエチレン","対象物","","該当","該当","該当","","","","","","要確認","","","","","","","","","NITE-CHRIP"
"75-36-5","アセチルクロライド","対象物","該当","","","該当","","","","","","","","","","","","","","","NITE-CHRIP"
"75-37-6","１，１－ジフルオロエタン","対象物","","","","該当","","","","","","","","","","","","","","","NITE-CHRIP"
"75-38-7","フッ化ビニリデン","対象物","","","","該当","","","","","","","","","","","","","","","NITE-CHRIP"
"75-43-4","ジクロロ（フルオロ）メタン","対象物","","","該当","","","","","","","要確認","","","","","","","","","NITE-CHRIP"
"75-45-6","クロロ（ジフルオロ）メタン","対象物","","","該当","","","","","","","要確認","","","","","","","","","NITE-CHRIP"
"75-46-7","トリフルオロメタン","対象物","","","","","","","","","","","","","","","","","","","NITE-CHRIP"
"75-47-8","ヨードホルム","対象物","該当","","","","","","","","","","","","","","","","","","NITE-CHRIP"
"75-50-3","トリメチルアミン","対象物","該当","","該当","該当","","","","","","要確認","","","","","","","","","NITE-CHRIP"
"75-52-5","ニトロメタン","対象物","","","該当","該当","","","","","","要確認","","","","","","","","","NITE-CHRIP"
"75-54-7","ジクロロ（メチル）シラン","対象物","該当","","","該当","","","","","","","","","","","","","","","NITE-CHRIP"
"75-55-8","プロピレンイミン","対象物","該当","","","","","","","","","","","","","","","","","","NITE-CHRIP"
"75-57-0","テトラメチルアンモニウム＝クロリド","対象物","","","","","","","","","","","","","","","","","","","NITE-CHRIP"
"75-59-2","テトラメチルアンモニウム＝ヒドロキシド","対象物","該当","","","","","","","","","要確認","","","","","","","","","NITE-CHRIP"
"75-60-5","ジメチルアルシン酸","対象物","該当","","","","?","","","","","","","","","","","","","","NITE-CHRIP"
"75-61-6","ジブロモジフルオロメタン","対象物","","","","","","","","","","","","","","","","","","","NITE-CHRIP"
"75-63-8","ブロモ（トリフルオロ）メタン","対象物","","","該当","","","","","","","要確認","","","","","","","","","NITE-CHRIP"
"75-64-9","ｔｅｒｔ－ブチルアミン","対象物","","","","該当","","","","","","","","","","","","","","","NITE-CHRIP"
"75-65-0","２－メチルプロパン－２－オール","対象物","","","該当","該当","","","","","","","","","","","","","","","NITE-CHRIP"
"75-66-1","２－メチルプロパン－２－チオール","対象物","該当","","","該当","","","","","","要確認","","","","","","","","","NITE-CHRIP"
"75-68-3","１－クロロ－１，１－ジフルオロエタン","対象物","","","","該当","","","","","","要確認","","","","","","","","","NITE-CHRIP"
"75-69-4","トリクロロ（フルオロ）メタン","対象物","","","該当","","","","","","","要確認","","","","","","","","","NITE-CHRIP"
"75-71-8","ジクロロ（ジフルオロ）メタン","対象物","","","該当","","","","","","","要確認","","","","","","","","","NITE-CHRIP"
"75-72-9","クロロ（トリフルオロ）メタン","対象物","","","","","","","","","","","","","","","","","","","NITE-CHRIP"
"75-73-0","テトラフルオロメタン","対象物","","","","","","","","","","","","","","","","","","","NITE-CHRIP"
"75-74-1","テトラメチル鉛","対象物","該当","","","該当","","","","","","要確認","","","","","","","","","NITE-CHRIP"
"75-75-2","メタンスルホン酸","対象物","該当","","","","","","","","","","","","","","","","","","NITE-CHRIP"
"75-76-3","テトラメチルシラン","対象物","","","","該当","","","","","","","","","","","","","","","NITE-CHRIP"
"75-77-4","クロロ（トリメチル）シラン","対象物","該当","","","該当","","","","","","","","","","","","","","","NITE-CHRIP"
"75-78-5","ジクロロ（ジメチル）シラン","対象物","該当","","","該当","","","","","","","","","","","","","","","NITE-CHRIP"
"75-79-6","トリクロロ（メチル）シラン","対象物","該当","","","該当","","","","","","","","","","","","","","","NITE-CHRIP"
"75-83-2","２，２－ジメチルブタン","対象物","","","","","","","","","","","","","","","","","","","NITE-CHRIP"
"75-85-4","２－メチル－２－ブタノール","対象物","","","該当","該当","","","","","","","","","","","","","","","NITE-CHRIP"
"75-86-5","２－ヒドロキシ－２－メチルプロパンニトリル","対象物","該当","","該当","","","","","","","要確認","","","","","","","","","NITE-CHRIP"
"75-87-6","トリクロロアセトアルデヒド","対象物","","該当","","","","","","","","","","","","","","","","","NITE-CHRIP"
"75-88-7","２－クロロ－１，１，１－トリフルオロエタン","対象物","","","","","","","","","","要確認","","","","","","","","","NITE-CHRIP"
"75-89-8","２，２，２－トリフルオロエタノール","対象物","","","","該当","","","","","","","","","","","","","","","NITE-CHRIP"
"75-91-2","ｔｅｒｔ－ブチル＝ヒドロペルオキシド","対象物","該当","該当","","該当","","","","","","要確認","","","","","","","","","NITE-CHRIP"
"75-94-5","トリクロロ（ビニル）シラン","対象物","該当","","","該当","","","","","","","","","","","","","","","NITE-CHRIP"
"75-97-8","３，３－ジメチル－２－ブタノン","対象物","","","","該当","","","","","","","","","","","","","","","NITE-CHRIP"
"75-98-9","ピバル酸","対象物","","","","","","","","","","","","","","","","","","","NITE-CHRIP"
"75-99-0","２，２－ジクロロプロパン酸","対象物","該当","","","","","","","","","","","","","","","","","","NITE-CHRIP"
"76-12-0","１，１，２，２－テトラクロロ－１，２－ジフルオロエタン","対象物","","","該当","","","","","","","","","","","","","","","","NITE-CHRIP"
"76-13-1","１，１，２－トリクロロ－１，２，２－トリフルオロエタン","対象物","","","該当","","","","","","","要確認","","","","","","","","","NITE-CHRIP"
"76-14-2","１，２－ジクロロ－１，１，２，２－テトラフルオロエタン","対象物","","","該当","","","","","","","要確認","","","","","","","","","NITE-CHRIP"
"76-15-3","１－クロロ－１，１，２，２，２－ペンタフルオロエタン","対象物","","","","","","","","","","要確認","","","","","","","","","NITE-CHRIP"
"76-16-4","ヘキサフルオロエタン","対象物","","","","","","","","","","","","","","","","","","","NITE-CHRIP"
"76-19-7","オクタフルオロプロパン","対象物","","","","","","","","","","","","","","","","","","","NITE-CHRIP"
"76-22-2","ボルナン－２－オン","対象物","該当","","該当","","","","","","","","","","","","","","","","NITE-CHRIP"
"76-44-8","１，５，７，８，９，１０，１０－ヘプタクロロトリシクロ［５．２．１．０（２，６）］デカ－３，８－ジエン","対象物","該当","","","","","","","","","","","","第一種特定","","","","","","NITE-CHRIP"
"76-63-1","アリル（トリフェニル）スタンナン","対象物","","","","","","","","","","要確認","","","","","","","","","NITE-CHRIP"
"76-87-9","トリフェニルスタンナノール","対象物","該当","","","","","","","","","要確認","","","","","","","","","NITE-CHRIP"
"76-93-7","２，２－ジフェニル－２－ヒドロキシ酢酸","対象物","","","","","","","","","","","","","","","","","","","NITE-CHRIP"
"77-47-4","ペルクロロシクロペンタ－１，３－ジエン","対象物","該当","","該当","","","","","","","","","","","","","","","","NITE-CHRIP"
"77-58-7","ジブチルビス［（１－オキソドデシル）オキシ］スズ","対象物","","","該当","","","","","","","要確認","","","","","","","","","NITE-CHRIP"
"77-73-6","トリシクロ［５．２．１．０（２，６）］デカ－３，８－ジエン","対象物","","","該当","該当","","","","","","要確認","","","","","","","","","NITE-CHRIP"
"77-77-0","（ビニルスルホニル）エテン","対象物","該当","","","","","","","","","","","","","","","","","","NITE-CHRIP"
"77-80-5","ヘキサフェニルジスタンナチアン","対象物","","","","","","","","","","要確認","","","","","","","","","NITE-CHRIP"
"77-99-6","２－エチル－２－ヒドロキシメチル－１，３－プロパンジオール","対象物","","","","","","","","","","","","","","","","","","","NITE-CHRIP"
"78-20-6","２，２－ジブチル－１，３，２－オキサチアスタンノラン－５－オン","対象物","","","","","","","","","","要確認","","","","","","","","","NITE-CHRIP"
"78-30-8","トリ－２－トリル＝ホスファート","対象物","該当","","該当","","","","","","","要確認","","","","","","","","","NITE-CHRIP"
"78-34-2","Ｓ，Ｓ’－１，４－ジオキサン－２，３－ジイル＝Ｏ，Ｏ，Ｏ’，Ｏ’－テトラエチル＝ビス（ホスホロジチオアート）","対象物","該当","","","","","","","","","","","","","","","","","","NITE-CHRIP"
"78-40-0","リン酸トリエチル","対象物","","","","","","","","","","","","","","","","","","","NITE-CHRIP"
"78-42-2","リン酸トリス（２－エチルヘキシル）","対象物","","","","","","","","","","要確認","","","","","","","","","NITE-CHRIP"
"78-48-8","トリブチルトリチオホスフェイト","対象物","","","","","","","","","","","","","","","","","","","NITE-CHRIP"
"78-57-9","Ｓ－［（４，６－ジアミノ－１，３，５－トリアジン－２－イル）メチル］＝Ｏ，Ｏ－ジメチル＝ホスホロジチオアート","対象物","","","","","","","","","","","","","","","","","","","NITE-CHRIP"
"78-59-1","１，５，５－トリメチル－１－シクロヘキセン－３－オン","対象物","","","該当","","","","","","","","","","","","","","","","NITE-CHRIP"
"78-62-6","ジエトキシジメチルシラン","対象物","","","","該当","","","","","","","","","","","","","","","NITE-CHRIP"
"78-63-7","２，５－ジメチル－２，５－ジ（ｔｅｒｔ－ブチルペルオキシ）ヘキサン","対象物","","","","","","","","","","","","","","","","","","","NITE-CHRIP"
"78-67-1","２，２’－ジメチル－２，２’－ジアゼンジイルジプロパンニトリル","対象物","","","","","","","","","","","","","","","","","","","NITE-CHRIP"
"78-69-3","３，７－ジメチルオクタン－３－オール","対象物","該当","","","","","","","","","要確認","","","","","","","","","NITE-CHRIP"
"78-70-6","３，７－ジメチル－１，６－オクタジエン－３－オール","対象物","該当","","","","","","","","","","","","","","","","","","NITE-CHRIP"
"78-76-2","２－ブロモブタン","対象物","","","","該当","","","","","","","","","","","","","","","NITE-CHRIP"
"78-77-3","ブロムブタン","対象物","","","","該当","","","","","","","","","","","","","","","NITE-CHRIP"
"78-78-4","イソペンタン　（別名　２－メチルブタン）","対象物","","","該当","該当","","","","","","","","","","","","","","","NITE-CHRIP"
"78-79-5","イソプレン","対象物","","","該当","該当","","","","","","要確認","","","","","","","","","NITE-CHRIP"
"78-81-9","イソブチルアミン","対象物","該当","","","該当","","","","","","","","","","","","","","","NITE-CHRIP"
"78-82-0","イソブチロニトリル","対象物","","","","該当","","","","","","","","","","","","","","","NITE-CHRIP"
"78-84-2","イソブチルアルデヒド","対象物","","","","該当","","","","","","","","","","","","","","","NITE-CHRIP"
"78-85-3","α－メチルアクロレイン","対象物","該当","","","該当","","","","","","","","","","","","","","","NITE-CHRIP"
"78-88-6","２，３－ジクロロプロパ－１－エン","対象物","","","","該当","","","","","","","","","","","","","","","NITE-CHRIP"
"78-89-7","２－クロロプロパン－１－オール","対象物","該当","","","該当","","","","","","","","","","","","","","","NITE-CHRIP"
"78-90-0","ジアミノプロパン","対象物","該当","","","該当","","","","","","","","","","","","","","","NITE-CHRIP"
"78-94-4","３－ブテン－２－オン","対象物","該当","","","該当","","","","","","","","","","","","","","","NITE-CHRIP"
"78-95-5","クロロアセトン","対象物","該当","","","該当","","","","","","","","","","","","","","","NITE-CHRIP"
"78-96-6","１－アミノ－２－プロパノール","対象物","該当","","","","","","","","","","","","","","","","","","NITE-CHRIP"
"78-97-7","アセトアルデヒドシアンヒドリン","対象物","該当","","","","","","","","","要確認","","","","","","","","","NITE-CHRIP"
"79-00-5","１，１，２－トリクロロエタン","対象物","該当","","該当","","","","","","","要確認","","","","","","","","","NITE-CHRIP"
"79-14-1","ヒドロキシ酢酸","対象物","該当","","","","","","","","","","","","","","","","","","NITE-CHRIP"
"79-16-3","Ｎ－メチルアセトアミド","対象物","","","","","","","","","","","","","","","","","","","NITE-CHRIP"
"79-19-6","チオセミカルバジド","対象物","","","","","","","","","","","","","","","","","","","NITE-CHRIP"
"79-21-0","過酢酸","対象物","該当","","該当","該当","","","","","","要確認","","","","","","","","","NITE-CHRIP"
"79-22-1","メチルクロロホルマート","対象物","該当","","","","","","","","","","","","","","","","","","NITE-CHRIP"
"79-24-3","ニトロエタン","対象物","","","該当","該当","","","","","","要確認","","","","","","","","","NITE-CHRIP"
"79-27-6","１，１，２，２－テトラブロモエタン","対象物","","","","","","","","","","","","","","","","","","","NITE-CHRIP"
"79-29-8","２，３－ジメチルブタン","対象物","","","","","","","","","","","","","","","","","","","NITE-CHRIP"
"79-31-2","イソ酪酸","対象物","該当","","","該当","","","","","","","","","","","","","","","NITE-CHRIP"
"79-33-4","（Ｓ）－２－ヒドロキシプロパン酸","対象物","該当","","","","","","","","","","","","","","","","","","NITE-CHRIP"
"79-36-7","ジクロル酢酸クロライド","対象物","該当","","","","","","","","","","","","","","","","","","NITE-CHRIP"
"79-38-9","クロロトリフルオロエチレン","対象物","","","","該当","","","","","","","","","","","","","","","NITE-CHRIP"
"79-39-0","メタクリルアミド","対象物","","","","","","","","","","","","","","","","","","","NITE-CHRIP"
"79-41-4","メタクリル酸","対象物","該当","","該当","","","","","","","要確認","","","","","","","","","NITE-CHRIP"
"79-43-6","ジクロロ酢酸","対象物","該当","該当","","","","","","","","","","","","","","","","","NITE-CHRIP"
"79-44-7","ジメチルカルバモイル＝クロリド","対象物","該当","該当","","","","","","","","","","","","","","","","","NITE-CHRIP"
"79-46-9","２－ニトロプロパン","対象物","","該当","","該当","","","","","","","","","","","","","","","NITE-CHRIP"
"79-47-0","３－クロロ－１，１，２，３，３－ペンタフルオロプロパ－１－エン","対象物","","","","","","","","","","","","","","","","","","","NITE-CHRIP"
"79-57-2","（４Ｓ，４ａＲ，５Ｓ，５ａＲ，６Ｓ，１２ａＳ）－４－（ジメチルアミノ）－３，５，６，１０，１２，１２ａ－ヘキサヒドロキシ－６－メチル－１，１１－ジオキソ－１，４，４ａ，５，５ａ，６，１１，１２ａ－オクタヒドロテトラセン－２－カルボキサミド","対象物","該当","","","","","","","","","要確認","","","","","","","","","NITE-CHRIP"
"79-74-3","２，５－ジ－ｔｅｒｔ－アミルハイドロキノン","対象物","該当","","","","","","","","","","","","","","","","","","NITE-CHRIP"
"79-77-6","（Ｅ）－４－（２，６，６－トリメチルシクロヘキサ－１－エン－１－イル）ブタ－３－エン－２－オン","対象物","","","","","","","","","","要確認","","","","","","","","","NITE-CHRIP"
"79-92-5","２，２－ジメチル－３－メチリデンビシクロ［２．２．１］ヘプタン","対象物","","","","","","","","","","要確認","","","","","","","","","NITE-CHRIP"
"79-94-7","２，２’－ビス（４’－ヒドロキシ－３’，５’－ジブロモフェニル）プロパン","対象物","","該当","","","","","","","","","","","","","","","","","NITE-CHRIP"
"80-08-0","ジアミノジフェニルスルホン","対象物","","","","","","","","","","","","","","","","","","","NITE-CHRIP"
"80-15-9","２－ヒドロペルオキシ－２－フェニルプロパン","対象物","該当","","","該当","","","","","","要確認","","","","","","","","","NITE-CHRIP"
"80-38-6","４－クロロフェニル＝ベンゼンスルホナート","対象物","","","","","","","","","","","","","","","","","","","NITE-CHRIP"
"80-43-3","２－フェニル－２－［（２－フェニルプロパン－２－イル）ペルオキシ］プロパン","対象物","","","","該当","","","","","","要確認","","","","","","","","","NITE-CHRIP"
"80-46-6","４－ｔｅｒｔ－ペンチルフェノール","対象物","該当","","","","","","","","","","","","","","","","","","NITE-CHRIP"
"80-48-8","パラ－トルエンスルホン酸メチル","対象物","該当","","","","","","","","","","","","","","","","","","NITE-CHRIP"
"80-51-3","４，４’－オキシビス（ベンゼンスルホノヒドラジド）","対象物","","","","","","","","","","要確認","","","","","","","","","NITE-CHRIP"
"80-54-6","３－（４－ｔｅｒｔ－ブチルフェニル）－２－メチルプロパナール","対象物","該当","","","","","","","","","要確認","","","","","","","","","NITE-CHRIP"
"80-56-8","ピナ－２－エン","対象物","該当","","","該当","","","","","","","","","","","","","","","NITE-CHRIP"
"81-14-1","３，５－ジニトロ－４－ｔ－ブチル－２，６－ジメチルアセトフェノン","対象物","","","","","","","","","","要確認","","","","","","","","","NITE-CHRIP"
"81-15-2","１－ｔｅｒｔ－ブチル－３，５－ジメチル－２，４，６－トリニトロベンゼン","対象物","","","","","","","","","","","","","","","","","","","NITE-CHRIP"
"81-81-2","３－（α－アセトニルベンジル）－４－ヒドロキシクマリン","対象物","該当","","該当","","","","","","","","","","","","","","","","NITE-CHRIP"
"81-88-9","２－（３－ジエチルイミニオ－６－ジエチルアミノ－３Ｈ－キサンテン－９－イル）安息香酸＝クロリド","対象物","","","","","","","","","","","","","","","","","","","NITE-CHRIP"
"82-45-1","１－アミノ－９，１０－アントラキノン","対象物","","","","","","","","","","要確認","","","","","","","","","NITE-CHRIP"
"82-66-6","２－ジフェニルアセチル－１，３－インダンジオン","対象物","該当","","","","","","","","","","","","","","","","","","NITE-CHRIP"
"82-68-8","ペンタクロロニトロベンゼン","対象物","該当","","","","","","","","","","","","","","","","","","NITE-CHRIP"
"82-71-3","２，４，６－トリニトロベンゼン－１，３－ジオール","対象物","","","","","","","","","","","","","","","","","","","NITE-CHRIP"
"83-26-1","２－トリメチルアセチル－１，３－インダンジオン","対象物","","","","","","","","","","","","","","","","","","","NITE-CHRIP"
"83-32-9","アセナフテン","対象物","","","","","","","","","","要確認","","","","","","","","","NITE-CHRIP"
"83-67-0","３，７－ジメチル－３，７－ジヒドロ－１Ｈ－プリン－２，６－ジオン","対象物","","","","","","","","","","","","","","","","","","","NITE-CHRIP"
"83-79-4","ロテノン","対象物","該当","","該当","","","","","","","","","","","","","","","","NITE-CHRIP"
"84-15-1","１，１’：２’，１’’－テルフェニル","対象物","","","","","","","","","","","","","","","","","","","NITE-CHRIP"
"84-61-7","ジシクロヘキサン－１－イル＝フタラート","対象物","該当","","","","","","","","","","","","","","","","","","NITE-CHRIP"
"84-65-1","９，１０－アントラキノン","対象物","","","","","","","","","","要確認","","","","","","","","","NITE-CHRIP"
"84-66-2","ジエチル＝フタラート","対象物","該当","","該当","","","","","","","要確認","","","","","","","","","NITE-CHRIP"
"84-68-4","２，２’－ジクロロベンジジン","対象物","該当","","","","?","","","","","","","","","","","","","","NITE-CHRIP"
"84-69-5","ジイソブチル＝フタラート","対象物","","","","","","","","","","要確認","","","","","","","","","NITE-CHRIP"
"84-74-2","ジブタン－１－イル＝フタラート","対象物","該当","","該当","","","","","","","要確認","","","","","","","","","NITE-CHRIP"
"84-75-3","ジヘキシル＝フタラート","対象物","","","","","","","","","","","","","","","","","","","NITE-CHRIP"
"85-00-7","６，７－ジヒドロジピリド［１，２－ａ：２’，１’－ｃ］ピラジン－５，８－ジイウム＝ジブロミド","対象物","該当","","","","","","","","","要確認","","","","","","","","","NITE-CHRIP"
"85-42-7","ヘキサヒドロイソベンゾフラン－１，３－ジオン","対象物","該当","","","","","","","","","","","","","","","","","","NITE-CHRIP"
"85-43-8","シクロヘキサ－４－エン－１，２－ジカルボン酸無水物","対象物","該当","","","","","","","","","","","","","","","","","","NITE-CHRIP"
"85-44-9","イソベンゾフラン－１，３－ジオン","対象物","該当","","","","","","","","","要確認","","","","","","","","","NITE-CHRIP"
"85-68-7","ベンジル＝ブタン－１－イル＝フタラート","対象物","","","該当","","","","","","","要確認","","","","","","","","","NITE-CHRIP"
"86-30-6","Ｎ－ニトロソジフェニルアミン","対象物","","","","","","","","","","","","","","","","","","","NITE-CHRIP"
"86-50-0","ジチオリン酸Ｏ，Ｏ－ジメチル－Ｓ－［（４－オキソ－１，２，３－ベンゾトリアジン－３（４Ｈ）－イル）メチル］","対象物","該当","","該当","","","","","","","","","","","","","","","","NITE-CHRIP"
"86-54-4","１－ヒドラジノフタラジン","対象物","該当","","","","","","","","","","","","","","","","","","NITE-CHRIP"
"86-74-8","カルバゾール","対象物","","","","","","","","","","","","","","","","","","","NITE-CHRIP"
"86-88-4","１－ナフチルチオ尿素","対象物","該当","","","","","","","","","","","","","","","","","","NITE-CHRIP"
"87-31-0","５，７－ジニトロ－１，２，３－ベンゾオキサジアゾール","対象物","","","","","","","","","","","","","","","","","","","NITE-CHRIP"
"87-33-2","１，４：３，６－ジアンヒドロ－２，５－ジ－Ｏ－ニトロ－Ｄ－グルシトール","対象物","","","","","","","","","","","","","","","","","","","NITE-CHRIP"
"87-56-9","２，３－ジクロロマレアルデヒド酸","対象物","該当","","","","","","","","","","","","","","","","","","NITE-CHRIP"
"87-59-2","２，３－ジメチルアニリン","対象物","該当","","該当","","","","","","","","","","","","","","","","NITE-CHRIP"
"87-61-6","１，２，３－トリクロロベンゼン","対象物","該当","","","","","","","","","要確認","","","","","","","","","NITE-CHRIP"
"87-62-7","２，６－ジメチルアニリン","対象物","該当","","該当","","","","","","","","","","","","","","","","NITE-CHRIP"
"87-65-0","２，６－ジクロロフェノール","対象物","","","","","","","","","","","","","","","","","","","NITE-CHRIP"
"87-66-1","トリヒドロキシベンゼン","対象物","","","","","","","","","","","","","","","","","","","NITE-CHRIP"
"87-68-3","ペルクロロブタ－１，３－ジエン","対象物","該当","","該当","","","","","","","","","","第一種特定","","","","","","NITE-CHRIP"
"87-90-1","１，３，５－トリクロロイソシアヌール酸","対象物","該当","","","","","","","","","","","","","","","","","","NITE-CHRIP"
"88-12-0","Ｎ－ビニル－２－ピロリドン","対象物","該当","","該当","","","","","","","","","","","","","","","","NITE-CHRIP"
"88-18-6","２－ｔｅｒｔ－ブチルフェノール","対象物","該当","","","","","","","","","要確認","","","","","","","","","NITE-CHRIP"
"88-41-5","２－ｔｅｒｔ－ブチルシクロヘキシル＝アセタート","対象物","","","","","","","","","","要確認","","","","","","","","","NITE-CHRIP"
"88-53-9","２－アミノ－５－クロロ－４－メチルベンゼンスルホン酸","対象物","","","","","","","","","","","","","","","","","","","NITE-CHRIP"
"88-60-8","２－ｔｅｒｔ－ブチル－５－メチルフェノール","対象物","該当","","","","","","","","","","","","","","","","","","NITE-CHRIP"
"88-72-2","２－ニトロトルエン","対象物","該当","該当","","","","","","","","要確認","","","","","","","","","NITE-CHRIP"
"88-73-3","１－クロロ－２－ニトロベンゼン","対象物","該当","該当","","","","","","","","","","","","","","","","","NITE-CHRIP"
"88-74-4","２－ニトロアニリン","対象物","","","","","","","","","","要確認","","","","","","","","","NITE-CHRIP"
"88-75-5","ｏ－ニトロフェノール","対象物","","","","","","","","","","","","","","","","","","","NITE-CHRIP"
"88-85-7","２－ｓｅｃ－ブチル－４，６－ジニトロフェノール","対象物","該当","","","","","","","","","","","","","","","","","","NITE-CHRIP"
"88-88-0","２－クロロ－１，３，５－トリニトロベンゼン","対象物","該当","","","","","","","","","","","","","","","","","","NITE-CHRIP"
"88-89-1","ピクリン酸","対象物","該当","","","該当","","","","","","","","","","","","","","","NITE-CHRIP"
"89-32-7","ベンゼン－１，２，４，５－テトラカルボン酸１，２：４，５－二無水物","対象物","該当","","","","","","","","","","","","","","","","","","NITE-CHRIP"
"89-61-2","１，４－ジクロロ－２－ニトロベンゼン","対象物","","該当","","","","","","","","","","","","","","","","","NITE-CHRIP"
"89-63-4","４－クロロ－２－ニトロアニリン","対象物","","","","","","","","","","","","","","","","","","","NITE-CHRIP"
"89-72-5","２－ｓｅｃ－ブチルフェノール","対象物","該当","","該当","","","","","","","","","","","","","","","","NITE-CHRIP"
"89-83-8","チモール","対象物","該当","","","","","","","","","","","","","","","","","","NITE-CHRIP"
"89-98-5","ｏ－クロロベンズアルデヒド","対象物","該当","","","","","","","","","","","","","","","","","","NITE-CHRIP"
"90-00-6","２－エチルフェノール","対象物","","","","","","","","","","","","","","","","","","","NITE-CHRIP"
"90-04-0","２－メトキシアニリン","対象物","該当","該当","該当","","","","","","","","","","","","","","","","NITE-CHRIP"
"90-12-0","１－メチルナフタレン","対象物","該当","","","","","","","","","要確認","","","","","","","","","NITE-CHRIP"
"90-13-1","１－クロロナフタレン","対象物","","","","","","","","","","","","","","","","","","","NITE-CHRIP"
"90-15-3","１－ナフトール","対象物","該当","","","","","","","","","","","","","","","","","","NITE-CHRIP"
"90-30-2","Ｎ－フェニル－１－ナフチルアミン","対象物","該当","","","","","","","","","","","","","","","","","","NITE-CHRIP"
"90-41-5","ｏ－アミノビフェニル","対象物","","","","","","","","","","","","","","","","","","","NITE-CHRIP"
"90-43-7","ビフェニル－２－オール","対象物","該当","","","","","","","","","要確認","","","","","","","","","NITE-CHRIP"
"90-72-2","２，４，６－トリス［（ジメチルアミノ）メチル］フェノール","対象物","該当","","","","","","","","","","","","","","","","","","NITE-CHRIP"
"90-94-8","ビス［４－（ジメチルアミノ）フェニル］メタノン","対象物","","該当","","","","","","","","","","","","","","","","","NITE-CHRIP"
"91-14-5","ｏ－ジビニルベンゼン","対象物","","","","","","","","","","","","","","","","","","","NITE-CHRIP"
"91-16-7","ｏ－ジメトキシベンゼン","対象物","","","","","","","","","","","","","","","","","","","NITE-CHRIP"
"91-17-8","デカヒドロナフタレン","対象物","該当","","","該当","","","","","","要確認","","","","","","","","","NITE-CHRIP"
"91-22-5","キノリン","対象物","","該当","","","","","","","","要確認","","","","","","","","","NITE-CHRIP"
"91-23-6","２－ニトロアニソール","対象物","","該当","","","","","","","","","","","","","","","","","NITE-CHRIP"
"91-53-2","６－エトキシ－２，２，４－トリメチル－１，２－ジヒドロキノリン","対象物","該当","","","","","","","","","要確認","","","","","","","","","NITE-CHRIP"
"91-57-6","２－メチルナフタレン","対象物","該当","","","","","","","","","要確認","","","","","","","","","NITE-CHRIP"
"91-60-1","ナフタレン－２－チオール","対象物","","","","","","","","","","","","","","","","","","","NITE-CHRIP"
"91-64-5","ベンゾ－α－ピロン［別名：クマリン］","対象物","","","","","","","","","","","","","","","","","","","NITE-CHRIP"
"91-66-7","Ｎ，Ｎ－ジエチルアニリン","対象物","","","","","","","","","","","","","","","","","","","NITE-CHRIP"
"91-76-9","２，４－ジアミノ－６－フェニル－１，３，５－トリアジン","対象物","","","","","","","","","","","","","","","","","","","NITE-CHRIP"
"91-97-4","４，４’－ジイソシアナト－３，３’－ジメチルビフェニル","対象物","該当","","","","","","","","","","","","","","","","","","NITE-CHRIP"
"92-13-7","（３Ｓ，４Ｒ）－３－エチル－４－［（１－メチル－１Ｈ－イミダゾール－５－イル）メチル］オキソラン－２－オン","対象物","該当","","","","","","","","","","","","","","","","","","NITE-CHRIP"
"92-52-4","ビフェニル","対象物","該当","該当","該当","","","","","","","要確認","","","","","","","","","NITE-CHRIP"
"92-70-6","β－ヒドロキシナフトエ酸","対象物","該当","","","","","","","","","","","","","","","","","","NITE-CHRIP"
"92-84-2","フェノチアジン","対象物","該当","","該当","","","","","","","要確認","","","","","","","","","NITE-CHRIP"
"92-86-4","４，４’－ジブロモビフェニル","対象物","","","","","","","","","","","","","","","","","","","NITE-CHRIP"
"92-88-6","４，４’－ジヒドロキシ－ジ－フェニル","対象物","該当","","","","","","","","","","","","","","","","","","NITE-CHRIP"
"92-94-4","ターフェニル","対象物","","","","","","","","","","","","","","","","","","","NITE-CHRIP"
"93-05-0","Ｎ，Ｎ－ジエチル－パラ－フェニレンジアミン","対象物","該当","","","","","","","","","","","","","","","","","","NITE-CHRIP"
"93-15-2","４－アリル－１，２－ジメトキシベンゼン","対象物","","該当","","","","","","","","要確認","","","","","","","","","NITE-CHRIP"
"93-55-0","プロピオフェノン","対象物","","","","","","","","","","","","","","","","","","","NITE-CHRIP"
"93-58-3","安息香酸メチル","対象物","","","","","","","","","","","","","","","","","","","NITE-CHRIP"
"93-65-2","２－（４－クロロ－２－メチルフェノキシ）プロパン酸","対象物","","","","","","","","","","要確認","","","","","","","","","NITE-CHRIP"
"93-68-5","Ｎ－アセトアセチル－２－メチルアニリン","対象物","","","","","","","","","","","","","","","","","","","NITE-CHRIP"
"93-72-1","（２，４，５－トリクロロフェノキシ）プロピオン酸","対象物","","","","","","","","","","","","","","","","","","","NITE-CHRIP"
"93-76-5","２，４，５－トリクロロフェノキシ酢酸","対象物","該当","","該当","","","","","","","","","","","","","","","","NITE-CHRIP"
"94-58-6","１，２－メチレンジオキシ－４－プロピルベンゼン","対象物","","","","","","","","","","","","","","","","","","","NITE-CHRIP"
"94-59-7","５－アリル－１，３－ベンゾジオキソール","対象物","","該当","","","","","","","","","","","","","","","","","NITE-CHRIP"
"94-68-8","Ｎ－エチル－２－メチルアニリン","対象物","","","","","","","","","","","","","","","","","","","NITE-CHRIP"
"94-74-6","（４－クロロ－２－メチルフェノキシ）酢酸","対象物","該当","","","","","","","","","","","","","","","","","","NITE-CHRIP"
"94-75-7","２，４－ジクロロフェノキシ酢酸","対象物","該当","","該当","","","","","","","要確認","","","","","","","","","NITE-CHRIP"
"94-81-5","４－（４－クロロ－２－メチルフェノキシ）ラク酸","対象物","","","","","","","","","","","","","","","","","","","NITE-CHRIP"
"94-91-7","２，２’－［プロパン－１，２－ジイルビス（アザニリリデンメタニリリデン）］ジフェノール","対象物","","","","","","","","","","","","","","","","","","","NITE-CHRIP"
"94-96-2","２－エチルヘキサン－１，３－ジオール","対象物","","","","","","","","","","","","","","","","","","","NITE-CHRIP"
"95-13-6","１Ｈ－インデン","対象物","","","","該当","","","","","","","","","","","","","","","NITE-CHRIP"
"95-14-7","１，２，３－ベンゾトリアゾール","対象物","","","","","","","","","","","","","","","","","","","NITE-CHRIP"
"95-16-9","ベンゾチアゾール","対象物","","","","","","","","","","","","","","","","","","","NITE-CHRIP"
"95-31-8","Ｎ－（１，３－ベンゾチアゾール－２－イルスルファニル）－ｔｅｒｔ－ブチルアミン","対象物","該当","","","","","","","","","要確認","","","","","","","","","NITE-CHRIP"
"95-33-0","Ｎ－シクロヘキシル－２－ベンゾチアゾールスルフェンアミド","対象物","該当","","","","","","","","","","","","","","","","","","NITE-CHRIP"
"95-38-5","２－（２－（ヘプタデカ－８－エン－１－イル）－４，５－ジヒドロ－１Ｈ－イミダゾール－１－イル）エタノール","対象物","該当","","","","","","","","","","","","","","","","","","NITE-CHRIP"
"95-46-5","ｏ－ブロモトルエン","対象物","","","","","","","","","","","","","","","","","","","NITE-CHRIP"
"95-47-6","ｏ－キシレン","対象物","該当","","","該当","","","?","","","要確認","","","","","","","","","NITE-CHRIP"
"95-48-7","ｏ－クレゾール","対象物","該当","","","","","","?","","","要確認","","","","","","","","","NITE-CHRIP"
"95-49-8","ｏ－クロロトルエン","対象物","","","","該当","","","","","","要確認","","","","","","","","","NITE-CHRIP"
"95-51-2","ｏ－クロロアニリン","対象物","該当","","","","","","","","","要確認","","","","","","","","","NITE-CHRIP"
"95-53-4","ｏ－トルイジン","対象物","該当","","","","?","","","","","要確認","","","","","","","","","NITE-CHRIP"
"95-54-5","ｏ－フェニレンジアミン","対象物","該当","該当","該当","","","","","","","要確認","","","","","","","","","NITE-CHRIP"
"95-55-6","ｏ－アミノフェノール","対象物","該当","","","","","","","","","要確認","","","","","","","","","NITE-CHRIP"
"95-56-7","ｏ－ブロモフェノール","対象物","","","","該当","","","","","","","","","","","","","","","NITE-CHRIP"
"95-57-8","２－クロロフェノール","対象物","該当","","","","","","","","","","","","","","","","","","NITE-CHRIP"
"95-63-6","１，２，４－トリメチルベンゼン","対象物","","","","該当","","","","","","要確認","","","","","","","","","NITE-CHRIP"
"95-64-7","３，４－ジメチルアニリン","対象物","該当","","該当","","","","","","","","","","","","","","","","NITE-CHRIP"
"95-65-8","３，４－ジメチルフェノール","対象物","該当","","","","","","","","","","","","","","","","","","NITE-CHRIP"
"95-68-1","２，４－ジメチルアニリン","対象物","該当","","該当","","","","","","","","","","","","","","","","NITE-CHRIP"
"95-69-2","４－クロロ－２－メチルアニリン","対象物","該当","該当","","","","","","","","","","","","","","","","","NITE-CHRIP"
"95-70-5","２－メチル－１，４－フェニレンジアミン","対象物","該当","","","","","","","","","要確認","","","","","","","","","NITE-CHRIP"
"95-73-8","２，４－ジクロロトルエン","対象物","","","","","","","","","","","","","","","","","","","NITE-CHRIP"
"95-75-0","３，４－ジクロロトルエン","対象物","","","","","","","","","","","","","","","","","","","NITE-CHRIP"
"95-76-1","３，４－ジクロロアニリン","対象物","該当","","","","","","","","","要確認","","","","","","","","","NITE-CHRIP"
"95-77-2","３，４－ジクロロフェノール","対象物","","","","","","","","","","","","","","","","","","","NITE-CHRIP"
"95-78-3","２，５－ジメチルアニリン","対象物","該当","","該当","","","","","","","","","","","","","","","","NITE-CHRIP"
"95-80-7","４－メチル－１，３－フェニレンジアミン","対象物","該当","該当","","","","","","","","要確認","","","","","","","","","NITE-CHRIP"
"95-82-9","２，５－ジクロロアニリン","対象物","該当","","","","","","","","","要確認","","","","","","","","","NITE-CHRIP"
"95-83-0","４－クロロ－ｏ－フェニレンジアミン","対象物","","","","","","","","","","","","","","","","","","","NITE-CHRIP"
"95-85-2","２－アミノ－４－クロロフェノール","対象物","","該当","","","","","","","","","","","","","","","","","NITE-CHRIP"
"95-87-4","２，５－ジメチルフェノール","対象物","該当","","","","","","","","","","","","","","","","","","NITE-CHRIP"
"95-92-1","ジエチル＝オキサラート","対象物","","","","","","","","","","","","","","","","","","","NITE-CHRIP"
"95-94-3","１，２，４，５－テトラクロロベンゼン","対象物","","","","","","","","","","","","","","","","","","","NITE-CHRIP"
"95-95-4","２，４，５－トリクロロフェノール","対象物","","","","","","","","","","","","","","","","","","","NITE-CHRIP"
"96-13-9","２，３－ジブロモプロパン－１－オール","対象物","該当","該当","","","","","","","","","","","","","","","","","NITE-CHRIP"
"96-14-0","３－メチルペンタン","対象物","","","","","","","","","","","","","","","","","","","NITE-CHRIP"
"96-17-3","２－メチルブタナール","対象物","","","","該当","","","","","","","","","","","","","","","NITE-CHRIP"
"96-18-4","１，２，３－トリクロロプロパン","対象物","該当","該当","該当","","","","","","","要確認","","","","","","","","","NITE-CHRIP"
"96-22-0","３－ペンタノン","対象物","","","該当","該当","","","","","","","","","","","","","","","NITE-CHRIP"
"96-23-1","１，３－ジクロロプロパン－２－オール","対象物","該当","","","","","","","","","要確認","","","","","","","","","NITE-CHRIP"
"96-24-2","３－クロロプロパン－１，２－ジオール","対象物","","","","","","","","","","要確認","","","","","","","","","NITE-CHRIP"
"96-29-7","メチルエチルケトンオキシム","対象物","該当","該当","","該当","","","","","","","","","","","","","","","NITE-CHRIP"
"96-31-1","１，３－ジメチル尿素","対象物","","","","","","","","","","","","","","","","","","","NITE-CHRIP"
"96-33-3","メチル＝アクリラート","対象物","該当","該当","該当","該当","","","","","","要確認","","","","","","","","","NITE-CHRIP"
"96-34-4","クロロ酢酸メチル","対象物","該当","","","該当","","","","","","","","","","","","","","","NITE-CHRIP"
"96-41-3","シクロペンタノール","対象物","","","","該当","","","","","","","","","","","","","","","NITE-CHRIP"
"96-45-7","イミダゾリジン－２－チオン","対象物","該当","","","","","","","","","要確認","","","","","","","","","NITE-CHRIP"
"96-48-0","γ－ブチロラクトン","対象物","","","","","","","","","","","","","","","","","","","NITE-CHRIP"
"96-69-5","４，４’－チオビス（６－ｔｅｒｔ－ブチル－ｍ－クレゾール）","対象物","","","","","","","","","","","","","","","","","","","NITE-CHRIP"
"96-76-4","２，４－ジ－ｔｅｒｔ－ブチルフェノール","対象物","","","","","","","","","","","","","","","","","","","NITE-CHRIP"
"96-91-3","２－アミノ－４，６－ジニトロフェノール","対象物","","","","","","","","","","","","","","","","","","","NITE-CHRIP"
"97-00-7","１－クロロ－２，４－ジニトロベンゼン","対象物","該当","","","","","","","","","","","","","","","","","","NITE-CHRIP"
"97-17-6","ジエチル＝２，４－ジクロロフェニル＝チオホスファート","対象物","該当","","","","","","","","","","","","","","","","","","NITE-CHRIP"
"97-23-4","２，２’－ジヒドロキシ－５，５’－ジクロロジフェニルメタン","対象物","該当","","","","","","","","","","","","","","","","","","NITE-CHRIP"
"97-36-9","２’，４’－ジメチルアセトアセトアニリド","対象物","","","","","","","","","","","","","","","","","","","NITE-CHRIP"
"97-39-2","１，３－ジ－ｏ－トリルグアニジン","対象物","","","","","","","","","","","","","","","","","","","NITE-CHRIP"
"97-44-9","［３－（アセチルアミノ）－４－ヒドロキシフェニル］アルソン酸","対象物","該当","","","","?","","","","","","","","","","","","","","NITE-CHRIP"
"97-52-9","４－ニトロ－ｏ－アニシジン","対象物","","","","","","","","","","","","","","","","","","","NITE-CHRIP"
"97-53-0","２－メトキシ－４－プロペニルフェノール","対象物","該当","","","","","","","","","","","","","","","","","","NITE-CHRIP"
"97-54-1","ｏ－メトキシ－ｐ－プロペニルフェノール","対象物","該当","","","","","","","","","","","","","","","","","","NITE-CHRIP"
"97-56-3","２－メチル－４－（２－トリルジアゼニル）アニリン","対象物","該当","該当","","","","","","","","","","","","","","","","","NITE-CHRIP"
"97-62-1","２－メチルプロパン酸エチル","対象物","","","","該当","","","","","","","","","","","","","","","NITE-CHRIP"
"97-63-2","メタクリル酸エチル","対象物","該当","","","","","","","","","","","","","","","","","","NITE-CHRIP"
"97-65-4","イタコン酸","対象物","該当","","","","","","","","","","","","","","","","","","NITE-CHRIP"
"97-72-3","イソ酪酸無水物","対象物","該当","","","","","","","","","","","","","","","","","","NITE-CHRIP"
"97-74-5","テトラメチルチウラムモノスルフィド","対象物","該当","","","","","","","","","","","","","","","","","","NITE-CHRIP"
"97-77-8","テトラエチルチウラム＝ジスルフィド","対象物","該当","","該当","","","","","","","要確認","","","","","","","","","NITE-CHRIP"
"97-85-8","イソ酪酸イソブチル","対象物","","","","該当","","","","","","","","","","","","","","","NITE-CHRIP"
"97-86-9","イソブチル＝メタクリラート","対象物","該当","","","該当","","","","","","","","","","","","","","","NITE-CHRIP"
"97-88-1","メタクリル酸ｎ－ブチル","対象物","該当","","","該当","","","","","","要確認","","","","","","","","","NITE-CHRIP"
"97-90-5","エチレン＝ジメタクリラート","対象物","該当","","","","","","","","","","","","","","","","","","NITE-CHRIP"
"97-93-8","トリエチルアルミニウム","対象物","該当","","","","","","","","","","","","","","","","","","NITE-CHRIP"
"97-94-9","トリエチルボラン","対象物","該当","","","該当","","","","","","要確認","","","","","","","","","NITE-CHRIP"
"97-99-4","オキソラン－２－イルメタノール","対象物","","","","","","","","","","","","","","","","","","","NITE-CHRIP"
"98-00-0","フルフリルアルコール","対象物","該当","","該当","","","","","","","","","","","","","","","","NITE-CHRIP"
"98-13-5","フェニル　クロロ　シラン","対象物","該当","","","","","","","","","","","","","","","","","","NITE-CHRIP"
"98-29-3","ｔ－ブチルカテコール","対象物","該当","","","","","","","","","","","","","","","","","","NITE-CHRIP"
"98-50-0","（４－アミノフェニル）アルソン酸","対象物","該当","","","","?","","","","","","","","","","","","","","NITE-CHRIP"
"98-51-1","４－ｔｅｒｔ－ブチルトルエン","対象物","","","該当","","","","","","","","","","","","","","","","NITE-CHRIP"
"98-54-4","４－ｔｅｒｔ－ブチルフェノール","対象物","該当","","該当","","","","","","","要確認","","","","","","","","","NITE-CHRIP"
"98-56-6","クロロベンゾトリフルオライド","対象物","該当","該当","","該当","","","","","","","","","","","","","","","NITE-CHRIP"
"98-73-7","ｐ－ｔｅｒｔ－ブチル安息香酸","対象物","該当","","","","","","","","","","","","","","","","","","NITE-CHRIP"
"98-82-8","クメン","対象物","","該当","該当","該当","","","","","","要確認","","","","","","","","","NITE-CHRIP"
"98-83-9","イソプロペニルベンゼン","対象物","","","該当","該当","","","","","","要確認","","","","","","","","","NITE-CHRIP"
"98-84-0","α－メチルベンジルアミン","対象物","","","","","","","","","","","","","","","","","","","NITE-CHRIP"
"98-86-2","アセトフェノン","対象物","","","","","","","","","","","","","","","","","","","NITE-CHRIP"
"98-87-3","ベンジリデンジクロリド","対象物","","該当","","","","","","","","","","","","","","","","","NITE-CHRIP"
"98-88-4","塩化ベンゾイル","対象物","該当","","","","","","","","","要確認","","","","","","","","","NITE-CHRIP"
"98-94-2","Ｎ－シクロヘキシルジメチルアミン","対象物","該当","","","該当","","","","","","","","","","","","","","","NITE-CHRIP"
"98-95-3","ニトロベンゼン","対象物","該当","","該当","","","","","","","要確認","","","","","","","","","NITE-CHRIP"
"99-35-4","１，３，５－トリニトロベンゼン","対象物","該当","","","該当","","","","","","","","","","","","","","","NITE-CHRIP"
"99-54-7","１，２－ジクロロ－４－ニトロベンゼン","対象物","該当","","","","","","","","","","","","","","","","","","NITE-CHRIP"
"99-55-8","２－メチル－５－ニトロアニリン","対象物","","","","","","","","","","","","","","","","","","","NITE-CHRIP"
"99-62-7","ジイソプロピルベンゼン","対象物","","","","","","","","","","","","","","","","","","","NITE-CHRIP"
"99-63-8","イソフタル酸ジクロリド","対象物","","","","","","","","","","","","","","","","","","","NITE-CHRIP"
"99-65-0","ｍ－ジニトロベンゼン","対象物","該当","","","","","","","","","","","","","","","","","","NITE-CHRIP"
"99-66-1","２－プロピルペンタン酸","対象物","","","","","","","","","","","","","","","","","","","NITE-CHRIP"
"99-71-8","ｐ－ｓｅｃ－ブチルフェノール","対象物","該当","","","","","","","","","","","","","","","","","","NITE-CHRIP"
"99-76-3","メチル＝４－ヒドロキシベンゾアート","対象物","","","","","","","","","","要確認","","","","","","","","","NITE-CHRIP"
"99-82-1","メンタン","対象物","","","","該当","","","","","","","","","","","","","","","NITE-CHRIP"
"99-86-5","ｐ－メンタ－１，３－ジエン","対象物","該当","","","該当","","","","","","","","","","","","","","","NITE-CHRIP"
"99-87-6","ｐ－シメン","対象物","","","","該当","","","","","","","","","","","","","","","NITE-CHRIP"
"99-88-7","４－イソプロピルアニリン","対象物","該当","","","","","","","","","","","","","","","","","","NITE-CHRIP"
"99-91-2","クロロアセトフェノン","対象物","","","","","","","","","","","","","","","","","","","NITE-CHRIP"
"99-97-8","Ｎ，Ｎ－ジメチル－パラ－トルイジン","対象物","","","","","","","","","","","","","","","","","","","NITE-CHRIP"
"99-99-0","４－ニトロトルエン","対象物","","","","","","","","","","","","","","","","","","","NITE-CHRIP"
"100-01-6","ｐ－ニトロアニリン","対象物","該当","","該当","","","","","","","","","","","","","","","","NITE-CHRIP"
"100-02-7","ｐ－ニトロフェノール","対象物","該当","","","","","","","","","","","","","","","","","","NITE-CHRIP"
"100-14-1","１－クロロメチル－４－ニトロベンゼン","対象物","","","","","","","","","","","","","","","","","","","NITE-CHRIP"
"100-17-4","４－ニトロフェニルメチルエーテル","対象物","","該当","","","","","","","","","","","","","","","","","NITE-CHRIP"
"100-18-5","ジイソプロピルベンゼン","対象物","","","","","","","","","","","","","","","","","","","NITE-CHRIP"
"100-20-9","テレフタル酸クロライド","対象物","該当","","","","","","","","","","","","","","","","","","NITE-CHRIP"
"100-21-0","テレフタル酸","対象物","","","","","","","","","","要確認","","","","","","","","","NITE-CHRIP"
"100-25-4","１，４－ジニトロベンゼン","対象物","該当","","","","","","","","","","","","","","","","","","NITE-CHRIP"
"100-36-7","Ｎ，Ｎ－ジエチルエチレンジアミン","対象物","該当","","","該当","","","","","","","","","","","","","","","NITE-CHRIP"
"100-37-8","２－（ジエチルアミノ）エタノール","対象物","該当","","該当","該当","","","","","","","","","","","","","","","NITE-CHRIP"
"100-39-0","（ブロモメチル）ベンゼン","対象物","","","","","","","","","","","","","","","","","","","NITE-CHRIP"
"100-40-3","４－ビニルシクロヘキサ－１－エン","対象物","","","","該当","","","","","","要確認","","","","","","","","","NITE-CHRIP"
"100-43-6","４－ビニルピリジン","対象物","該当","","","該当","","","","","","","","","","","","","","","NITE-CHRIP"
"100-44-7","（クロロメチル）ベンゼン","対象物","該当","該当","該当","","","","","","","要確認","","","","","","","","","NITE-CHRIP"
"100-46-9","ベンジルアミン","対象物","","","","","","","","","","","","","","","","","","","NITE-CHRIP"
"100-47-0","ベンゾニトリル","対象物","","","","","","","","","","","","","","","","","","","NITE-CHRIP"
"100-51-6","ベンジルアルコール","対象物","該当","","","","","","","","","","","","","","","","","","NITE-CHRIP"
"100-52-7","ベンズアルデヒド","対象物","","","","該当","","","","","","要確認","","","","","","","","","NITE-CHRIP"
"100-53-8","ベンジルメルカプタン","対象物","","","","","","","","","","","","","","","","","","","NITE-CHRIP"
"100-54-9","３－シアノピリジン","対象物","","","","","","","","","","","","","","","","","","","NITE-CHRIP"
"100-61-8","Ｎ－メチルアニリン","対象物","該当","","該当","","","","","","","","","","","","","","","","NITE-CHRIP"
"100-63-0","フェニルヒドラジン","対象物","該当","該当","該当","","","","","","","","","","","","","","","","NITE-CHRIP"
"100-66-3","アニソール","対象物","","","","該当","","","","","","","","","","","","","","","NITE-CHRIP"
"100-68-5","メチルフェニルスルフィド","対象物","","","","該当","","","","","","","","","","","","","","","NITE-CHRIP"
"100-69-6","２－ビニルピリジン","対象物","該当","","","該当","","","","","","要確認","","","","","","","","","NITE-CHRIP"
"100-70-9","２－シアノピリジン","対象物","","","","","","","","","","","","","","","","","","","NITE-CHRIP"
"100-74-3","４－エチルモルホリン","対象物","該当","","","該当","","","","","","","","","","","","","","","NITE-CHRIP"
"100-75-4","１－ニトロソピペリジン","対象物","","該当","","","","","","","","","","","","","","","","","NITE-CHRIP"
"100-86-7","２－メチル－１－フェニルプロパン－２－オール","対象物","","","","","","","","","","","","","","","","","","","NITE-CHRIP"
"100-97-0","１，３，５，７－テトラアザアダマンタン","対象物","該当","","","","","","","","","要確認","","","","","","","","","NITE-CHRIP"
"101-02-0","トリフェニルホスファイト","対象物","該当","","","","","","","","","","","","","","","","","","NITE-CHRIP"
"101-05-3","４，６－ジクロロ－Ｎ－（２－クロロフェニル）－１，３，５－トリアジン－２－アミン","対象物","","","","","","","","","","","","","","","","","","","NITE-CHRIP"
"101-21-3","Ｎ－（３－クロロフェニル）カルバミン酸イソプロピル","対象物","","","","","","","","","","要確認","","","","","","","","","NITE-CHRIP"
"101-25-7","３，７－ジニトロソ－１，３，５，７－テトラアザビシクロ［３．３．１］ノナン","対象物","","","","","","","","","","","","","","","","","","","NITE-CHRIP"
"101-27-9","４－クロロブタ－２－イン－１－イル＝（３－クロロフェニル）カルバマート","対象物","該当","","","","","","","","","","","","","","","","","","NITE-CHRIP"
"101-37-1","２，４，６－トリアリロキシ－１，３，５－トリアジン","対象物","","","","","","","","","","","","","","","","","","","NITE-CHRIP"
"101-43-9","シクロヘキシル＝メタクリラート","対象物","該当","","","","","","","","","","","","","","","","","","NITE-CHRIP"
"101-54-2","Ｎ－フェニル－１，４－フェニレンジアミン","対象物","該当","","","","","","","","","","","","","","","","","","NITE-CHRIP"
"101-61-1","Ｎ，Ｎ，Ｎ’，Ｎ’－テトラメチル－４，４’－メチレンジアニリン","対象物","","該当","","","","","","","","","","","","","","","","","NITE-CHRIP"
"101-72-4","Ｎ－イソプロピル－Ｎ’－フェニルベンゼン－１，４－ジアミン","対象物","該当","","該当","","","","","","","","","","","","","","","","NITE-CHRIP"
"101-77-9","４，４’－メチレンジアニリン","対象物","該当","該当","該当","","","","","","","要確認","","","","","","","","","NITE-CHRIP"
"101-80-4","４，４’－オキシジアニリン","対象物","該当","該当","","","","","","","","要確認","","","","","","","","","NITE-CHRIP"
"101-83-7","ジシクロヘキシルアミン","対象物","該当","","","","","","","","","要確認","","","","","","","","","NITE-CHRIP"
"101-84-8","フェノキシベンゼン","対象物","","","該当","","","","","","","要確認","","","","","","","","","NITE-CHRIP"
"101-86-0","２－ベンジリデンオクタナール","対象物","該当","","","","","","","","","要確認","","","","","","","","","NITE-CHRIP"
"101-90-6","１，３－ビス（オキシラン－２－イルメトキシ）ベンゼン","対象物","該当","該当","","","","","","","","","","","","","","","","","NITE-CHRIP"
"102-06-7","１，３－ジフェニルグアニジン","対象物","","","","","","","","","","要確認","","","","","","","","","NITE-CHRIP"
"102-08-9","Ｎ，Ｎ’－ジフェニルチオ尿素","対象物","該当","","","","","","","","","","","","","","","","","","NITE-CHRIP"
"102-09-0","炭酸ジフェニル","対象物","","","","","","","","","","","","","","","","","","","NITE-CHRIP"
"102-27-2","Ｎ－エチル－３－メチルアニリン","対象物","","","","","","","","","","","","","","","","","","","NITE-CHRIP"
"102-36-3","イソシアン酸－３，４－ジクロロフェニル","対象物","該当","","","","","","","","","","","","","","","","","","NITE-CHRIP"
"102-54-5","ジシクロペンタジエニル鉄","対象物","","","","","","","","","","","","","","","","","","","NITE-CHRIP"
"102-69-2","トリプロピルアミン","対象物","","","","該当","","","","","","","","","","","","","","","NITE-CHRIP"
"102-70-5","トリアリルアミン","対象物","","","","該当","","","","","","","","","","","","","","","NITE-CHRIP"
"102-71-6","トリエタノールアミン","対象物","該当","","該当","","","","","","","","","","","","","","","","NITE-CHRIP"
"102-77-2","Ｎ－オキシジエチレンベンゾチアゾリルスルフェンアミド","対象物","該当","","","","","","","","","","","","","","","","","","NITE-CHRIP"
"102-81-8","２－（ジ－ｎ－ブチルアミノ）エタノール","対象物","該当","","","","","","","","","","","","","","","","","","NITE-CHRIP"
"102-82-9","トリブタン－１－イルアミン","対象物","","","","","","","","","","要確認","","","","","","","","","NITE-CHRIP"
"103-11-7","アクリル酸２－エチルヘキシル","対象物","該当","","該当","","","","","","","要確認","","","","","","","","","NITE-CHRIP"
"103-23-1","アジピン酸ビス（２－エチルヘキシル）","対象物","","","","","","","","","","要確認","","","","","","","","","NITE-CHRIP"
"103-33-3","ジフェニルジアゼン","対象物","","","","","","","","","","","","","","","","","","","NITE-CHRIP"
"103-44-6","３－［（ビニルオキシ）メチル］ヘプタン","対象物","","","","該当","","","","","","","","","","","","","","","NITE-CHRIP"
"103-50-4","ジベンジルエーテル","対象物","","","","","","","","","","要確認","","","","","","","","","NITE-CHRIP"
"103-60-6","２－フェノキシエチル＝イソブチラート","対象物","","","","","","","","","","要確認","","","","","","","","","NITE-CHRIP"
"103-63-9","フェニルエチルブロマイド","対象物","","","","","","","","","","","","","","","","","","","NITE-CHRIP"
"103-64-0","β－ブロモスチレン","対象物","","","","","","","","","","","","","","","","","","","NITE-CHRIP"
"103-65-1","プロピルベンゼン","対象物","","","","該当","","","","","","","","","","","","","","","NITE-CHRIP"
"103-69-5","Ｎ－エチルアニリン","対象物","","","","","","","","","","","","","","","","","","","NITE-CHRIP"
"103-71-9","フェニルイソシアネート","対象物","該当","","","該当","","","","","","","","","","","","","","","NITE-CHRIP"
"103-73-1","フェネトール","対象物","","","","該当","","","","","","","","","","","","","","","NITE-CHRIP"
"103-83-3","Ｎ，Ｎ－ジメチルベンジルアミン","対象物","該当","","","","","","","","","","","","","","","","","","NITE-CHRIP"
"103-84-4","アセトアニリド","対象物","","","","","","","","","","","","","","","","","","","NITE-CHRIP"
"103-90-2","４’－ヒドロキシアセトアニリド","対象物","","","","","","","","","","","","","","","","","","","NITE-CHRIP"
"103-95-7","２－メチル－３－（ｐ－イソプロピルフェニル）プロピオンアルデヒド","対象物","該当","","","","","","","","","要確認","","","","","","","","","NITE-CHRIP"
"104-15-4","ｐ－トルエンスルホン酸","対象物","該当","","","","","","","","","","","","","","","","","","NITE-CHRIP"
"104-51-8","ｎ－ブチルベンゼン","対象物","","","該当","該当","","","","","","","","","","","","","","","NITE-CHRIP"
"104-55-2","３－フェニルアクリルアルデヒド","対象物","該当","","","","","","","","","","","","","","","","","","NITE-CHRIP"
"104-75-6","２－エチルヘキシルアミン","対象物","該当","","","該当","","","","","","","","","","","","","","","NITE-CHRIP"
"104-76-7","２－エチルヘキサン－１－オール","対象物","","","","","","","","","","","","","","","","","","","NITE-CHRIP"
"104-78-9","Ｎ，Ｎ－ジエチルプロパン－１，３－ジアミン","対象物","該当","","","該当","","","","","","","","","","","","","","","NITE-CHRIP"
"104-82-5","１－（クロロメチル）－４－メチルベンゼン","対象物","","","","","","","","","","","","","","","","","","","NITE-CHRIP"
"104-83-6","１－クロロ－４－（クロロメチル）ベンゼン","対象物","該当","","","","","","","","","","","","","","","","","","NITE-CHRIP"
"104-87-0","ｐ－トリルアルデヒド","対象物","","","","","","","","","","","","","","","","","","","NITE-CHRIP"
"104-88-1","ｐ－クロロベンズアルデヒド","対象物","","","","","","","","","","","","","","","","","","","NITE-CHRIP"
"104-90-5","２－メチル－５－エチルピリジン","対象物","該当","","","","","","","","","","","","","","","","","","NITE-CHRIP"
"104-94-9","ｐ－アニシジン","対象物","該当","","該当","","","","","","","","","","","","","","","","NITE-CHRIP"
"105-05-5","ｐ－ジエチルベンゼン","対象物","","","","該当","","","","","","","","","","","","","","","NITE-CHRIP"
"105-06-6","ｐ－ジビニルベンゼン","対象物","","","","","","","","","","","","","","","","","","","NITE-CHRIP"
"105-11-3","ｐ－ベンゾキノンオキシム","対象物","","","","","","","","","","","","","","","","","","","NITE-CHRIP"
"105-16-8","メタクリル酸－２－（ジエチルアミノ）エチル","対象物","該当","","","","","","","","","","","","","","","","","","NITE-CHRIP"
"105-36-2","ブロモ酢酸エチル","対象物","該当","","","該当","","","","","","","","","","","","","","","NITE-CHRIP"
"105-37-3","プロピオン酸エチル","対象物","","","","該当","","","","","","","","","","","","","","","NITE-CHRIP"
"105-38-4","ビニル＝プロピオナート","対象物","","","","該当","","","","","","","","","","","","","","","NITE-CHRIP"
"105-39-5","エチル＝クロロアセタート","対象物","該当","","","該当","","","","","","","","","","","","","","","NITE-CHRIP"
"105-45-3","アセト酢酸メチル","対象物","","","","","","","","","","","","","","","","","","","NITE-CHRIP"
"105-46-4","酢酸ｓｅｃ－ブチル","対象物","","","該当","該当","","","","","","","","","","","","","","","NITE-CHRIP"
"105-48-6","クロロ酢酸イソプロピル","対象物","","","","該当","","","","","","","","","","","","","","","NITE-CHRIP"
"105-53-3","マロン酸ジエチル","対象物","","","","","","","","","","","","","","","","","","","NITE-CHRIP"
"105-54-4","ブタン酸エチル","対象物","","","","該当","","","","","","","","","","","","","","","NITE-CHRIP"
"105-55-5","１，３－ジエチルチオ尿素","対象物","該当","","","","","","","","","","","","","","","","","","NITE-CHRIP"
"105-57-7","１，１－ジエトキシエタン","対象物","該当","","","該当","","","","","","","","","","","","","","","NITE-CHRIP"
"105-58-8","炭酸ジエチル","対象物","","","","該当","","","","","","","","","","","","","","","NITE-CHRIP"
"105-59-9","Ｎ－メチルジエタノールアミン","対象物","","","","","","","","","","","","","","","","","","","NITE-CHRIP"
"105-60-2","アゼパン－２－オン","対象物","","","該当","","","","","","","","","","","","","","","","NITE-CHRIP"
"105-64-6","ジイソプロピル＝ペルオキシジカルボナート","対象物","該当","","","該当","","","","","","","","","","","","","","","NITE-CHRIP"
"105-67-9","２，４－ジメチルフェノール","対象物","該当","","","","","","","","","要確認","","","","","","","","","NITE-CHRIP"
"105-74-8","ラウロイル＝ペルオキシド","対象物","","","","該当","","","","","","","","","","","","","","","NITE-CHRIP"
"105-76-0","ジブチル＝マレアート","対象物","該当","","","","","","","","","","","","","","","","","","NITE-CHRIP"
"105-87-3","酢酸ゲラニル","対象物","該当","","","","","","","","","要確認","","","","","","","","","NITE-CHRIP"
"105-99-7","アジピン酸ジブチル","対象物","","","","","","","","","","","","","","","","","","","NITE-CHRIP"
"106-23-0","シトロネラール","対象物","","","","","","","","","","","","","","","","","","","NITE-CHRIP"
"106-24-1","ゲラニオール","対象物","該当","","","","","","","","","要確認","","","","","","","","","NITE-CHRIP"
"106-26-3","シトラール","対象物","","","","","","","","","","","","","","","","","","","NITE-CHRIP"
"106-27-4","酪酸イソペンチル　（別名：ブタン酸イソペンチル）","対象物","","","","該当","","","","","","","","","","","","","","","NITE-CHRIP"
"106-31-0","無水ラク酸","対象物","該当","","","","","","","","","","","","","","","","","","NITE-CHRIP"
"106-35-4","３－ヘプタノン","対象物","","","該当","該当","","","","","","","","","","","","","","","NITE-CHRIP"
"106-37-6","ｐ－ジブロモベンゼン","対象物","","","","","","","","","","","","","","","","","","","NITE-CHRIP"
"106-41-2","ｐ－ブロモフェノール","対象物","","","","","","","","","","","","","","","","","","","NITE-CHRIP"
"106-42-3","ｐ－キシレン","対象物","該当","","","該当","","","?","","","要確認","","","","","","","","","NITE-CHRIP"
"106-43-4","４－クロロトルエン","対象物","該当","","","該当","","","","","","要確認","","","","","","","","","NITE-CHRIP"
"106-44-5","ｐ－クレゾール","対象物","該当","","","","","","?","","","要確認","","","","","","","","","NITE-CHRIP"
"106-46-7","１，４－ジクロロベンゼン","対象物","該当","","該当","","","","","","","要確認","","","","","","","","","NITE-CHRIP"
"106-47-8","４－クロロアニリン","対象物","該当","該当","","","","","","","","要確認","","","","","","","","","NITE-CHRIP"
"106-48-9","ｐ－クロロフェノール","対象物","該当","","","","","","","","","要確認","","","","","","","","","NITE-CHRIP"
"106-49-0","ｐ－トルイジン","対象物","該当","","該当","","","","","","","要確認","","","","","","","","","NITE-CHRIP"
"106-50-3","ｐ－フェニレンジアミン","対象物","該当","","該当","","","","","","","要確認","","","","","","","","","NITE-CHRIP"
"106-51-4","ｐ－ベンゾキノン","対象物","該当","","","","","","","","","","","","","","","","","","NITE-CHRIP"
"106-63-8","イソブチル＝アクリラート","対象物","","","","該当","","","","","","","","","","","","","","","NITE-CHRIP"
"106-65-0","こはく酸ジメチル","対象物","","","","","","","","","","","","","","","","","","","NITE-CHRIP"
"106-68-3","オクタン－３－オン","対象物","","","","該当","","","","","","","","","","","","","","","NITE-CHRIP"
"106-74-1","２－エトキシエチル＝アクリラート","対象物","","","","","","","","","","","","","","","","","","","NITE-CHRIP"
"106-75-2","２，２’－オキシジエチルビス（クロロホルマート）","対象物","該当","","","","","","","","","","","","","","","","","","NITE-CHRIP"
"106-87-6","４－オキシラニル－１，２－エポキシシクロヘキサン","対象物","該当","該当","","","","","","","","","","","","","","","","","NITE-CHRIP"
"106-88-7","２－エチルオキシラン","対象物","該当","","","該当","","","","","","要確認","","","","","","","","","NITE-CHRIP"
"106-90-1","アクリル酸グリシジル","対象物","該当","","","該当","","","","","","","","","","","","","","","NITE-CHRIP"
"106-91-2","オキシラン－２－イルメチル＝メタクリラート","対象物","該当","該当","該当","","","","","","","要確認","","","","","","","","","NITE-CHRIP"
"106-92-3","１－アリルオキシ－２，３－エポキシプロパン","対象物","該当","","該当","該当","","","","","","要確認","","","","","","","","","NITE-CHRIP"
"106-93-4","１，２－ジブロモエタン","対象物","該当","該当","","","","","","","","要確認","","","","","","","","","NITE-CHRIP"
"106-94-5","１－ブロモプロパン","対象物","","","該当","該当","","","","","","要確認","","","","","","","","","NITE-CHRIP"
"106-95-6","３－ブロモプロパ－１－エン","対象物","該当","","","","","","","","","","","","","","","","","","NITE-CHRIP"
"106-96-7","３－ブロモプロピン","対象物","","","","該当","","","","","","","","","","","","","","","NITE-CHRIP"
"106-98-9","１－ブテン","対象物","","","","該当","","","","","","","","","","","","","","","NITE-CHRIP"
"106-99-0","１，３－ブタジエン","対象物","","該当","","該当","","","","","","要確認","","","","","","","","","NITE-CHRIP"
"107-01-7","２－ブテン","対象物","","","","該当","","","","","","","","","","","","","","","NITE-CHRIP"
"107-02-8","アクリルアルデヒド","対象物","該当","該当","該当","該当","","","","","","要確認","","","","","","","","","NITE-CHRIP"
"107-03-9","プロパン－１－チオール","対象物","該当","","","該当","","","","","","","","","","","","","","","NITE-CHRIP"
"107-04-0","１－ブロモ－２－クロロエタン","対象物","","","","","","","","","","","","","","","","","","","NITE-CHRIP"
"107-05-1","３－クロロプロパ－１－エン","対象物","該当","該当","該当","該当","","","","","","要確認","","","","","","","","","NITE-CHRIP"
"107-07-3","２－クロロエタノール","対象物","該当","","該当","該当","","","","","","","","","","","","","","","NITE-CHRIP"
"107-10-8","プロパン－１－アミン","対象物","該当","","","該当","","","","","","","","","","","","","","","NITE-CHRIP"
"107-11-9","アリルアミン","対象物","該当","","","該当","","","","","","","","","","","","","","","NITE-CHRIP"
"107-12-0","プロピオニトリル","対象物","該当","","","該当","","","","","","","","","","","","","","","NITE-CHRIP"
"107-14-2","クロロアセトニトリル","対象物","","","","該当","","","","","","","","","","","","","","","NITE-CHRIP"
"107-16-4","グリコロニトリル","対象物","","","","","","","","","","","","","","","","","","","NITE-CHRIP"
"107-18-6","アリルアルコール","対象物","該当","","該当","該当","","","","","","要確認","","","","","","","","","NITE-CHRIP"
"107-19-7","２－プロピン－１－オール","対象物","該当","","該当","","","","","","","","","","","","","","","","NITE-CHRIP"
"107-20-0","クロロアセトアルデヒド","対象物","該当","","","","","","","","","","","","","","","","","","NITE-CHRIP"
"107-22-2","オキサルアルデヒド","対象物","該当","","","","","","","","","要確認","","","","","","","","","NITE-CHRIP"
"107-25-5","メチルビニルエーテル","対象物","","","","該当","","","","","","","","","","","","","","","NITE-CHRIP"
"107-26-6","ブロミド（エチル）水銀","対象物","該当","","","","?","","","","","要確認","","","","","","","","","NITE-CHRIP"
"107-27-7","クロリド（エチル）水銀","対象物","該当","","","","?","","","","","要確認","","","","","","","","","NITE-CHRIP"
"107-31-3","ギ酸メチル","対象物","該当","","該当","該当","","","","","","","","","","","","","","","NITE-CHRIP"
"107-39-1","２，４，４－トリメチル－１－ペンテン　［別名　ジイソブチレン］","対象物","","","","","","","","","","要確認","","","","","","","","","NITE-CHRIP"
"107-40-4","ジイソブチレン","対象物","","","","該当","","","","","","要確認","","","","","","","","","NITE-CHRIP"
"107-41-5","２－メチル－２，４－ペンタンジオール","対象物","","","該当","","","","","","","","","","","","","","","","NITE-CHRIP"
"107-46-0","ヘキサメチルジシロキサン","対象物","","","","該当","","","","","","","","","","","","","","","NITE-CHRIP"
"107-49-3","テトラエチル＝ジホスファート","対象物","該当","","該当","","","","","","","","","","","","","","","","NITE-CHRIP"
"107-64-2","Ｎ，Ｎ－ジメチル－Ｎ，Ｎ－ジオクタデカン－１－イルアンモニウム＝クロリド","対象物","該当","","","","","","","","","要確認","","","","","","","","","NITE-CHRIP"
"107-66-4","ジブチルホスファート","対象物","該当","","","","","","","","","","","","","","","","","","NITE-CHRIP"
"107-70-0","４－メトキシ－４－メチル－２－ペンタノン","対象物","","","","該当","","","","","","","","","","","","","","","NITE-CHRIP"
"107-71-1","ｔｅｒｔ－ブチル＝ペルオキシアセタート","対象物","","","","該当","","","","","","","","","","","","","","","NITE-CHRIP"
"107-82-4","１－ブロモ－３－メチルブタン","対象物","","","","該当","","","","","","","","","","","","","","","NITE-CHRIP"
"107-83-5","２－メチルペンタン","対象物","","","該当","該当","","","","","","","","","","","","","","","NITE-CHRIP"
"107-86-8","３－メチル－２－ブテン－１－アール","対象物","該当","","","該当","","","","","","","","","","","","","","","NITE-CHRIP"
"107-87-9","２－ペンタノン","対象物","","","","該当","","","","","","","","","","","","","","","NITE-CHRIP"
"107-92-6","酪酸","対象物","該当","","","","","","","","","","","","","","","","","","NITE-CHRIP"
"107-93-7","クロトン酸","対象物","","","","","","","","","","","","","","","","","","","NITE-CHRIP"
"107-94-8","３－クロロプロピオン酸","対象物","該当","","","","","","","","","","","","","","","","","","NITE-CHRIP"
"107-96-0","β－メルカプトプロピオン酸","対象物","該当","","","","","","","","","","","","","","","","","","NITE-CHRIP"
"108-01-0","Ｎ，Ｎ－ジメチルエタノールアミン","対象物","該当","","","該当","","","","","","","","","","","","","","","NITE-CHRIP"
"108-03-2","１－ニトロプロパン","対象物","該当","","該当","該当","","","","","","","","","","","","","","","NITE-CHRIP"
"108-08-7","２，４－ジメチルペンタン","対象物","","","","","","","","","","","","","","","","","","","NITE-CHRIP"
"108-11-2","４－メチル－２－ペンタノール","対象物","該当","","","該当","","","","","","","","","","","","","","","NITE-CHRIP"
"108-18-9","ジイソプロピルアミン","対象物","該当","","","該当","","","","","","","","","","","","","","","NITE-CHRIP"
"108-20-3","イソプロピルエーテル","対象物","","","該当","該当","","","","","","","","","","","","","","","NITE-CHRIP"
"108-23-6","イソプロピル＝クロロホルマート","対象物","該当","","","該当","","","","","","","","","","","","","","","NITE-CHRIP"
"108-30-5","無水コハク酸","対象物","該当","","","","","","","","","","","","","","","","","","NITE-CHRIP"
"108-31-6","フラン－２，５－ジオン","対象物","該当","","該当","","","","","","","要確認","","","","","","","","","NITE-CHRIP"
"108-32-7","２－オキソ－４－メチル－１，３－ジオキソラン","対象物","","","","","","","","","","","","","","","","","","","NITE-CHRIP"
"108-38-3","ｍ－キシレン","対象物","該当","","","該当","","","?","","","要確認","","","","","","","","","NITE-CHRIP"
"108-39-4","ｍ－クレゾール","対象物","該当","","","","","","?","","","要確認","","","","","","","","","NITE-CHRIP"
"108-41-8","クロルトルエン","対象物","","","","該当","","","","","","","","","","","","","","","NITE-CHRIP"
"108-42-9","ｍ－クロロアニリン","対象物","該当","","","","","","","","","要確認","","","","","","","","","NITE-CHRIP"
"108-43-0","ｍ－クロロフェノール","対象物","","","","","","","","","","","","","","","","","","","NITE-CHRIP"
"108-44-1","ｍ－トルイジン","対象物","該当","","該当","","","","","","","要確認","","","","","","","","","NITE-CHRIP"
"108-45-2","ｍ－フェニレンジアミン","対象物","該当","","該当","","","","","","","要確認","","","","","","","","","NITE-CHRIP"
"108-46-3","レゾルシン","対象物","該当","","該当","","","","","","","","","","","","","","","","NITE-CHRIP"
"108-48-5","ルチジン","対象物","","","","該当","","","","","","","","","","","","","","","NITE-CHRIP"
"108-57-6","ｍ－ジビニルベンゼン","対象物","","","","該当","","","","","","","","","","","","","","","NITE-CHRIP"
"108-60-1","ビス（１－メチル－２－クロルエチル）エーテル","対象物","","","","","","","","","","","","","","","","","","","NITE-CHRIP"
"108-62-3","メタアルデヒド","対象物","","","","","","","","","","","","","","","","","","","NITE-CHRIP"
"108-67-8","１，３，５－トリメチルベンゼン","対象物","","","","","","","","","","要確認","","","","","","","","","NITE-CHRIP"
"108-68-9","３，５－ジメチルフェノール","対象物","該当","","","","","","","","","","","","","","","","","","NITE-CHRIP"
"108-69-0","３，５－ジメチルアニリン","対象物","該当","","該当","","","","","","","","","","","","","","","","NITE-CHRIP"
"108-70-3","１，３，５－トリクロロベンゼン","対象物","該当","","","","","","","","","要確認","","","","","","","","","NITE-CHRIP"
"108-75-8","コリジン","対象物","","","","該当","","","","","","","","","","","","","","","NITE-CHRIP"
"108-77-0","２，４，６－トリクロロ－１，３，５－トリアジン","対象物","該当","","","","","","","","","","","","","","","","","","NITE-CHRIP"
"108-78-1","メラミン","対象物","","","","","","","","","","要確認","","","","","","","","","NITE-CHRIP"
"108-82-7","２，６－ジメチルヘプタン－４－オール","対象物","","","","","","","","","","","","","","","","","","","NITE-CHRIP"
"108-83-8","２，６－ジメチル－４－ヘプタノン","対象物","","","該当","該当","","","","","","","","","","","","","","","NITE-CHRIP"
"108-84-9","酢酸１，３－ジメチルブチル","対象物","","","","","","","","","","","","","","","","","","","NITE-CHRIP"
"108-86-1","ブロモベンゼン","対象物","","","","該当","","","","","","","","","","","","","","","NITE-CHRIP"
"108-87-2","メチルシクロヘキサン","対象物","","","","該当","","","","","","","","","","","","","","","NITE-CHRIP"
"108-89-4","４－メチルピリジン","対象物","","","","該当","","","","","","","","","","","","","","","NITE-CHRIP"
"108-91-8","シクロヘキサン－１－イルアミン","対象物","該当","","該当","該当","","","","","","要確認","","","","","","","","","NITE-CHRIP"
"108-98-5","チオフェノール","対象物","該当","","","該当","","","","","","","","","","","","","","","NITE-CHRIP"
"108-99-6","３－メチルピリジン","対象物","該当","","","該当","","","","","","要確認","","","","","","","","","NITE-CHRIP"
"109-02-4","４－メチルモルホリン","対象物","","","","該当","","","","","","","","","","","","","","","NITE-CHRIP"
"109-06-8","２－メチルピリジン","対象物","該当","","","","","","","","","","","","","","","","","","NITE-CHRIP"
"109-08-0","２－メチルピラジン","対象物","","","","該当","","","","","","","","","","","","","","","NITE-CHRIP"
"109-09-1","２－クロロピリジン","対象物","","","","該当","","","","","","","","","","","","","","","NITE-CHRIP"
"109-16-0","エチレンビス（オキシエチレン）＝ジメタクリラート","対象物","該当","","","","","","","","","","","","","","","","","","NITE-CHRIP"
"109-21-7","酪酸ブチル","対象物","","","","該当","","","","","","","","","","","","","","","NITE-CHRIP"
"109-27-3","４－［イミノ（２－ニトロソヒドラジノ）メチル］テトラゼン－１－カルボキシミドアミド","対象物","","","","","","","","","","","","","","","","","","","NITE-CHRIP"
"109-52-4","吉草酸","対象物","該当","","","","","","","","","","","","","","","","","","NITE-CHRIP"
"109-53-5","イソブチルビニルエーテル","対象物","","","","該当","","","","","","","","","","","","","","","NITE-CHRIP"
"109-55-7","Ｎ，Ｎ－ジメチルプロパン－１，３－ジアミン","対象物","該当","","","該当","","","","","","","","","","","","","","","NITE-CHRIP"
"109-59-1","２－イソプロポキシエタノール","対象物","","","","該当","","","","","","","","","","","","","","","NITE-CHRIP"
"109-61-5","クロロぎ酸ノルマルプロピル","対象物","該当","","","該当","","","","","","","","","","","","","","","NITE-CHRIP"
"109-63-7","三フッ化ホウ素ジエチルエーテル　（別名：三フッ化ホウ素エーテルコンプレックス）","対象物","該当","","","該当","","","","","","要確認","","","","","","","","","NITE-CHRIP"
"109-64-8","１，３－ジブロモプロパン","対象物","","","","","","","","","","","","","","","","","","","NITE-CHRIP"
"109-65-9","１－ブロモブタン","対象物","","該当","","該当","","","","","","","","","","","","","","","NITE-CHRIP"
"109-66-0","ペンタン","対象物","","","該当","該当","","","","","","","","","","","","","","","NITE-CHRIP"
"109-69-3","１－クロロブタン","対象物","","","","該当","","","","","","","","","","","","","","","NITE-CHRIP"
"109-70-6","１－ブロモ－３－クロロプロパン","対象物","","該当","","該当","","","","","","","","","","","","","","","NITE-CHRIP"
"109-72-8","ブチルリチウム","対象物","","","","","","","","","","","","","","","","","","","NITE-CHRIP"
"109-73-9","ｎ－ブチルアミン","対象物","該当","","","該当","","","","","","","","","","","","","","","NITE-CHRIP"
"109-74-0","ブチロニトリル","対象物","","","","該当","","","","","","","","","","","","","","","NITE-CHRIP"
"109-76-2","ジアミノプロパン","対象物","","","","該当","","","","","","","","","","","","","","","NITE-CHRIP"
"109-77-3","マロンニトリル","対象物","","","","","","","","","","","","","","","","","","","NITE-CHRIP"
"109-79-5","１－ブタンチオール","対象物","該当","","","該当","","","","","","","","","","","","","","","NITE-CHRIP"
"109-83-1","２－（メチルアミノ）エタノール","対象物","該当","","","","","","","","","","","","","","","","","","NITE-CHRIP"
"109-84-2","ヒドロキシエチルヒドラジン","対象物","","","","","","","","","","","","","","","","","","","NITE-CHRIP"
"109-87-5","ジメトキシメタン","対象物","","","該当","該当","","","","","","","","","","","","","","","NITE-CHRIP"
"109-89-7","ジエチルアミン","対象物","該当","","該当","該当","","","","","","","","","","","","","","","NITE-CHRIP"
"109-92-2","エトキシエテン","対象物","","","","該当","","","","","","","","","","","","","","","NITE-CHRIP"
"109-94-4","ギ酸エチル","対象物","","","該当","該当","","","","","","","","","","","","","","","NITE-CHRIP"
"109-97-7","ピロール","対象物","","","","該当","","","","","","","","","","","","","","","NITE-CHRIP"
"110-00-9","フラン","対象物","","","","該当","","","","","","要確認","","","","","","","","","NITE-CHRIP"
"110-01-0","テトラヒドロチオフェン","対象物","","","","該当","","","","","","","","","","","","","","","NITE-CHRIP"
"110-02-1","チオフェン","対象物","","","","該当","","","","","","","","","","","","","","","NITE-CHRIP"
"110-05-4","ジ－ｔｅｒｔ－ブチルペルオキシド","対象物","","","","該当","","","","","","","","","","","","","","","NITE-CHRIP"
"110-12-3","５－メチル－２－ヘキサノン","対象物","","","該当","該当","","","","","","","","","","","","","","","NITE-CHRIP"
"110-13-4","ヘキサン－２，５－ジオン","対象物","","","","","","","","","","","","","","","","","","","NITE-CHRIP"
"110-16-7","マレイン酸","対象物","該当","","","","","","","","","","","","","","","","","","NITE-CHRIP"
"110-17-8","フマル酸","対象物","","","","","","","","","","","","","","","","","","","NITE-CHRIP"
"110-18-9","Ｎ，Ｎ，Ｎ’，Ｎ’－テトラメチルエチレンジアミン","対象物","該当","","","","","","","","","","","","","","","","","","NITE-CHRIP"
"110-25-8","Ｎ－メチル－Ｎ－オレオイルグリシン","対象物","該当","","","","","","","","","要確認","","","","","","","","","NITE-CHRIP"
"110-26-9","Ｎ，Ｎ’－メチレンビスアクリルアミド","対象物","","","","","","","","","","","","","","","","","","","NITE-CHRIP"
"110-42-9","メチル＝デカノアート","対象物","","","","","","","","","","","","","","","","","","","NITE-CHRIP"
"110-43-0","２－ヘプタノン","対象物","","","","該当","","","","","","","","","","","","","","","NITE-CHRIP"
"110-45-2","ギ酸イソアミル","対象物","","","","該当","","","","","","","","","","","","","","","NITE-CHRIP"
"110-46-3","イソペンチル＝ニトリット","対象物","該当","","","該当","","","","","","","","","","","","","","","NITE-CHRIP"
"110-49-6","２－メトキシエチル＝アセタート","対象物","該当","","該当","該当","","","","","","要確認","","","","","","","","","NITE-CHRIP"
"110-62-3","吉草酸アルデヒド","対象物","該当","","該当","該当","","","","","","","","","","","","","","","NITE-CHRIP"
"110-64-5","２－ブテン－１，４－ジオール","対象物","","","","","","","","","","","","","","","","","","","NITE-CHRIP"
"110-65-6","ブチン－２－ジオール－１，４","対象物","該当","","","","","","","","","要確認","","","","","","","","","NITE-CHRIP"
"110-71-4","１，２－ジメトキシエタン","対象物","","","","該当","","","","","","要確認","","","","","","","","","NITE-CHRIP"
"110-81-6","ジエチルジスルファン","対象物","","","","該当","","","","","","","","","","","","","","","NITE-CHRIP"
"110-82-7","シクロヘキサン","対象物","","","該当","該当","","","","","","要確認","","","","","","","","","NITE-CHRIP"
"110-83-8","シクロヘキセン","対象物","","","該当","該当","","","","","","要確認","","","","","","","","","NITE-CHRIP"
"110-85-0","ピペラジン","対象物","該当","","","","","","","","","要確認","","","","","","","","","NITE-CHRIP"
"110-86-1","ピリジン","対象物","該当","","該当","該当","","","","","","要確認","","","","","","","","","NITE-CHRIP"
"110-87-2","ジヒドロピラン","対象物","該当","","","該当","","","","","","","","","","","","","","","NITE-CHRIP"
"110-88-3","１，３，５－トリオキサン","対象物","","","","","","","","","","","","","","","","","","","NITE-CHRIP"
"110-89-4","ピペリジン","対象物","該当","","","該当","","","","","","","","","","","","","","","NITE-CHRIP"
"110-93-0","６－メチル－５－ヘプテン－２－オン","対象物","","","","該当","","","","","","","","","","","","","","","NITE-CHRIP"
"110-96-3","ジイソブチルアミン","対象物","","","","該当","","","","","","","","","","","","","","","NITE-CHRIP"
"110-97-4","ジイソプロパノールアミン","対象物","該当","","","","","","","","","","","","","","","","","","NITE-CHRIP"
"111-11-5","メチル＝オクタノアート","対象物","","","","","","","","","","","","","","","","","","","NITE-CHRIP"
"111-13-7","２－オクタノン","対象物","","","","該当","","","","","","","","","","","","","","","NITE-CHRIP"
"111-14-8","ヘプタン酸","対象物","該当","","","","","","","","","","","","","","","","","","NITE-CHRIP"
"111-17-1","３，３’－チオジプロピオン酸","対象物","該当","","","","","","","","","","","","","","","","","","NITE-CHRIP"
"111-18-2","Ｎ，Ｎ，Ｎ’，Ｎ’－テトラメチルヘキサメチレンジアミン","対象物","","","","","","","","","","","","","","","","","","","NITE-CHRIP"
"111-27-3","１－ヘキサノール","対象物","","","","該当","","","","","","","","","","","","","","","NITE-CHRIP"
"111-30-8","グルタルアルデヒド","対象物","該当","","該当","","","","","","","要確認","","","","","","","","","NITE-CHRIP"
"111-31-9","１－ヘキサンチオール","対象物","","","","該当","","","","","","","","","","","","","","","NITE-CHRIP"
"111-36-4","ブチルイソシアネート","対象物","該当","","","該当","","","","","","","","","","","","","","","NITE-CHRIP"
"111-40-0","Ｎ－（２－アミノエチル）－１，２－エタンジアミン","対象物","該当","","","","","","","","","","","","","","","","","","NITE-CHRIP"
"111-41-1","Ｎ－（２－アミノエチル）－２－アミノエタノール","対象物","該当","","","","","","","","","","","","","","","","","","NITE-CHRIP"
"111-43-3","ジプロピルエーテル","対象物","","","","該当","","","","","","","","","","","","","","","NITE-CHRIP"
"111-44-4","２，２’－ジクロロジエチルエーテル","対象物","該当","","該当","","","","","","","","","","","","","","","","NITE-CHRIP"
"111-49-9","ヘキサメチレンイミン","対象物","該当","","","該当","","","","","","","","","","","","","","","NITE-CHRIP"
"111-65-9","オクタン","対象物","","","","該当","","","","","","要確認","","","","","","","","","NITE-CHRIP"
"111-66-0","オクタ－１－エン","対象物","","","","該当","","","","","","","","","","","","","","","NITE-CHRIP"
"111-69-3","アジポニトリル","対象物","該当","","","","","","","","","","","","","","","","","","NITE-CHRIP"
"111-70-6","１－ヘプタノール","対象物","","","","該当","","","","","","","","","","","","","","","NITE-CHRIP"
"111-71-7","ヘプタナール","対象物","","","","該当","","","","","","","","","","","","","","","NITE-CHRIP"
"111-77-3","２－（２－メトキシエトキシ）エタノール","対象物","該当","","","","","","","","","要確認","","","","","","","","","NITE-CHRIP"
"111-78-4","シクロオクタ－１，５－ジエン","対象物","該当","","","該当","","","","","","","","","","","","","","","NITE-CHRIP"
"111-82-0","メチル＝ドデカノアート","対象物","","","","","","","","","","要確認","","","","","","","","","NITE-CHRIP"
"111-84-2","ノナン","対象物","","","該当","該当","","","","","","要確認","","","","","","","","","NITE-CHRIP"
"111-85-3","１－クロロオクタン","対象物","","","","該当","","","","","","","","","","","","","","","NITE-CHRIP"
"111-86-4","１－オクタンアミン","対象物","該当","","","該当","","","","","","要確認","","","","","","","","","NITE-CHRIP"
"111-87-5","オクタン－１－オール","対象物","","","","","","","","","","要確認","","","","","","","","","NITE-CHRIP"
"111-88-6","１－オクタンチオール","対象物","","","","","","","","","","要確認","","","","","","","","","NITE-CHRIP"
"111-90-0","２－（２－エトキシエトキシ）エタノール","対象物","","","","","","","","","","","","","","","","","","","NITE-CHRIP"
"111-91-1","ジクロロエチルホルマール","対象物","","","","","","","","","","","","","","","","","","","NITE-CHRIP"
"111-92-2","ジ－ｎ－ブチルアミン","対象物","該当","","","該当","","","","","","","","","","","","","","","NITE-CHRIP"
"111-96-6","１－メトキシ－２－（２－メトキシエトキシ）エタン","対象物","該当","","該当","該当","","","","","","要確認","","","","","","","","","NITE-CHRIP"
"112-00-5","ドデシル（トリメチル）アンモニウム＝クロリド","対象物","","","","","","","","","","要確認","","","","","","","","","NITE-CHRIP"
"112-02-7","ヘキサデシル（トリメチル）アンモニウム＝クロリド","対象物","該当","","","","","","","","","要確認","","","","","","","","","NITE-CHRIP"
"112-03-8","トリメチル（オクタデシル）アンモニウム＝クロリド","対象物","","","","","","","","","","要確認","","","","","","","","","NITE-CHRIP"
"112-05-0","ノナン酸","対象物","","","","","","","","","","","","","","","","","","","NITE-CHRIP"
"112-07-2","２－ブトキシエチル＝アセタート","対象物","該当","","該当","","","","","","","","","","","","","","","","NITE-CHRIP"
"112-18-5","Ｎ，Ｎ－ジメチルドデカン－１－イルアミン","対象物","該当","","","","","","","","","要確認","","","","","","","","","NITE-CHRIP"
"112-24-3","Ｎ，Ｎ’－ビス（２－アミノエチル）エタン－１，２－ジアミン","対象物","該当","","","","","","","","","要確認","","","","","","","","","NITE-CHRIP"
"112-25-4","２－（ヘキシルオキシ）エタノール","対象物","","","","","","","","","","","","","","","","","","","NITE-CHRIP"
"112-26-5","１，２－ビス（２－クロロエトキシ）エタン","対象物","","","","","","","","","","","","","","","","","","","NITE-CHRIP"
"112-30-1","デカン－１－オール","対象物","","","","","","","","","","要確認","","","","","","","","","NITE-CHRIP"
"112-31-2","１－デカナール","対象物","","","","","","","","","","要確認","","","","","","","","","NITE-CHRIP"
"112-34-5","２－（２－ブトキシエトキシ）エタノール","対象物","","","該当","","","","","","","要確認","","","","","","","","","NITE-CHRIP"
"112-36-7","１－エトキシ－２－（２－エトキシエトキシ）エタン","対象物","","","","該当","","","","","","","","","","","","","","","NITE-CHRIP"
"112-40-3","ドデカン","対象物","","","","","","","","","","","","","","","","","","","NITE-CHRIP"
"112-41-4","ドデカ－１－エン","対象物","","","","","","","","","","","","","","","","","","","NITE-CHRIP"
"112-42-5","ウンデカン－１－オール","対象物","","","","","","","","","","","","","","","","","","","NITE-CHRIP"
"112-45-8","ウンデセナール","対象物","","","","","","","","","","","","","","","","","","","NITE-CHRIP"
"112-49-2","２，５，８，１１－テトラオキサドデカン","対象物","","","","","","","","","","","","","","","","","","","NITE-CHRIP"
"112-53-8","ドデカン－１－オール","対象物","","","","","","","","","","要確認","","","","","","","","","NITE-CHRIP"
"112-55-0","ドデカン－１－チオール","対象物","該当","","","","","","","","","要確認","","","","","","","","","NITE-CHRIP"
"112-56-1","２－ブトキシ－２’－チオシアノ－ジエチルエーテル","対象物","","","","該当","","","","","","","","","","","","","","","NITE-CHRIP"
"112-57-2","３，６，９－トリアザウンデカン－１，１１－ジイルジアミン","対象物","該当","","","","","","","","","要確認","","","","","","","","","NITE-CHRIP"
"112-59-4","２－［２－（ヘキサン－１－イルオキシ）エトキシ］エタノール","対象物","","","","","","","","","","","","","","","","","","","NITE-CHRIP"
"112-70-9","トリデシルアルコール","対象物","","","","","","","","","","","","","","","","","","","NITE-CHRIP"
"112-72-1","テトラデカン－１－オール","対象物","","","","","","","","","","","","","","","","","","","NITE-CHRIP"
"112-75-4","Ｎ－テトラデシルジメチルアミン","対象物","該当","","","","","","","","","要確認","","","","","","","","","NITE-CHRIP"
"112-76-5","ステアロイル＝クロリド","対象物","","","","","","","","","","","","","","","","","","","NITE-CHRIP"
"112-90-3","（Ｚ）－９－オクタデセン－１－アミン","対象物","該当","","","","","","","","","要確認","","","","","","","","","NITE-CHRIP"
"113-00-8","グアニジン","対象物","該当","","","","","","","","","","","","","","","","","","NITE-CHRIP"
"113-92-8","Ｎ－［３－（４－クロロフェニル）－３－（２－ピリジル）プロピル］ジメチルアミン＝モノマレアート","対象物","","","","","","","","","","","","","","","","","","","NITE-CHRIP"
"114-26-1","Ｎ－メチルカルバミン酸－２－イソプロピルオキシフェニル","対象物","","","該当","","","","","","","","","","","","","","","","NITE-CHRIP"
"115-02-6","（Ｓ）－２－アミノ－３－［（ジアゾアセチル）オキシ］プロパン酸","対象物","","","","","","","","","","","","","","","","","","","NITE-CHRIP"
"115-07-1","プロペン","対象物","","","","該当","","","","","","","","","","","","","","","NITE-CHRIP"
"115-09-3","クロリド（メチル）水銀","対象物","該当","","","","?","","","","","要確認","","","","","","","","","NITE-CHRIP"
"115-10-6","ジメチルエーテル","対象物","","","","該当","","","","","","","","","","","","","","","NITE-CHRIP"
"115-11-7","イソブテン","対象物","","","","該当","","","","","","","","","","","","","","","NITE-CHRIP"
"115-18-4","３－メチル－１－ブテン－３－オール","対象物","","","","該当","","","","","","","","","","","","","","","NITE-CHRIP"
"115-19-5","２－メチル－３－ブチン－２－オール","対象物","該当","","","該当","","","","","","","","","","","","","","","NITE-CHRIP"
"115-21-9","トリクロロエチルシラン","対象物","該当","","","該当","","","","","","","","","","","","","","","NITE-CHRIP"
"115-25-3","オクタフルオロシクロブタン","対象物","","","","","","","","","","","","","","","","","","","NITE-CHRIP"
"115-28-6","１，４，５，６，７，７－ヘキサクロロビシクロ［２．２．１］－５－ヘプテン－２，３－ジカルボン酸","対象物","","該当","","","","","","","","","","","","","","","","","NITE-CHRIP"
"115-29-7","１，９，１０，１１，１２，１２－ヘキサクロロ－５－オキソ－４，６－ジオキサ－５λ（４）－チアトリシクロ［７．２．１．０（２，８）］ドデカ－１０－エン","対象物","該当","","該当","","","","","","","要確認","","","第一種特定","","","","","","NITE-CHRIP"
"115-32-2","２，２，２－トリクロロ－１，１－ビス（４－クロロフェニル）エタノール","対象物","","","","","","","","","","","","","第一種特定","","","","","","NITE-CHRIP"
"115-90-2","チオリン酸Ｏ，Ｏ－ジエチル－Ｏ－［４－（メチルスルフィニル）フェニル］","対象物","該当","","","","","","","","","","","","","","","","","","NITE-CHRIP"
"115-95-7","酢酸リナリル","対象物","該当","","","","","","","","","要確認","","","","","","","","","NITE-CHRIP"
"115-96-8","トリス（２－クロロエチル）＝ホスファート","対象物","","","","","","","","","","要確認","","","","","","","","","NITE-CHRIP"
"116-14-3","テトラフルオロエチレン","対象物","","該当","","","","","","","","要確認","","","","","","","","","NITE-CHRIP"
"116-15-4","ヘキサフルオロプロピレン","対象物","","","","","","","","","","要確認","","","","","","","","","NITE-CHRIP"
"116-29-0","１，２，４－トリクロロ－５－［（４－クロロフェニル）スルホニル］ベンゼン","対象物","","","","","","","","","","要確認","","","","","","","","","NITE-CHRIP"
"116-54-1","ジクロロ酢酸メチル","対象物","","","","","","","","","","","","","","","","","","","NITE-CHRIP"
"117-08-8","テトラクロロフタル酸無水物","対象物","該当","","","","","","","","","","","","","","","","","","NITE-CHRIP"
"117-10-2","１，８－ジヒドロキシ－９，１０－アントラキノン","対象物","","","","","","","","","","","","","","","","","","","NITE-CHRIP"
"117-80-6","２，３－ジクロロ－１，４－ナフトキノン","対象物","","","","","","","","","","","","","","","","","","","NITE-CHRIP"
"117-81-7","ビス（２－エチルヘキサン－１－イル）＝フタラート","対象物","該当","","該当","","","","","","","要確認","","","","","","","","","NITE-CHRIP"
"117-82-8","ビス（２－メトキシエチル）＝フタラート","対象物","","","","","","","","","","","","","","","","","","","NITE-CHRIP"
"117-84-0","フタル酸ジ－ｎ－オクチル","対象物","","","","","","","","","","要確認","","","","","","","","","NITE-CHRIP"
"118-52-5","１，３－ジクロロ－５，５－ジメチルイミダゾリジン－２，４－ジオン","対象物","該当","","","","","","","","","要確認","","","","","","","","","NITE-CHRIP"
"118-58-1","２－ヒドロキシ安息香酸ベンジル","対象物","該当","","","","","","","","","","","","","","","","","","NITE-CHRIP"
"118-69-4","２，６－ジクロロトルエン","対象物","","","","","","","","","","","","","","","","","","","NITE-CHRIP"
"118-71-8","３－ヒドロキシ－２－メチル－４－ピロン","対象物","","","","","","","","","","","","","","","","","","","NITE-CHRIP"
"118-74-1","ペルクロロベンゼン","対象物","該当","","","","","","","","","","","","第一種特定","","","","","","NITE-CHRIP"
"118-75-2","２，３，５，６－テトラクロロ－ｐ－ベンゾキノン","対象物","該当","","","","","","","","","","","","","","","","","","NITE-CHRIP"
"118-79-6","２，４，６－トリブロモフェノール","対象物","該当","","","","","","","","","要確認","","","","","","","","","NITE-CHRIP"
"118-96-7","２，４，６－トリニトロトルエン","対象物","該当","該当","該当","該当","","","","","","要確認","","","","","","","","","NITE-CHRIP"
"119-06-2","ジトリデシル＝フタラート","対象物","","","","","","","","","","要確認","","","","","","","","","NITE-CHRIP"
"119-12-0","チオリン酸Ｏ，Ｏ－ジエチル－Ｏ－（６－オキソ－１－フェニル－１，６－ジヒドロ－３－ピリダジニル）","対象物","該当","","","","","","","","","","","","","","","","","","NITE-CHRIP"
"119-36-8","メチル＝２－ヒドロキシベンゾアート","対象物","該当","","","","","","","","","要確認","","","","","","","","","NITE-CHRIP"
"119-38-0","１－イソプロピル－３－メチル－１Ｈ－ピラゾール－５－イル＝ジメチルカルバマート","対象物","該当","","","","","","","","","","","","","","","","","","NITE-CHRIP"
"119-47-1","２，２’－メチレンビス（４－メチル－６－ｔｅｒｔ－ブチルフェノール）","対象物","","","","","","","","","","","","","","","","","","","NITE-CHRIP"
"119-61-9","ベンゾフェノン","対象物","","該当","","","","","","","","要確認","","","","","","","","","NITE-CHRIP"
"119-64-2","テトラヒドロナフタリン","対象物","","","該当","","","","","","","","","","","","","","","","NITE-CHRIP"
"119-65-3","イソキノリン","対象物","","","","","","","","","","","","","","","","","","","NITE-CHRIP"
"120-12-7","アントラセン","対象物","該当","該当","","","","","","","","要確認","","","","","","","","","NITE-CHRIP"
"120-14-9","３，４－ジメトキシベンズアルデヒド","対象物","","","","","","","","","","","","","","","","","","","NITE-CHRIP"
"120-32-1","２－ベンジル－４－クロロフェノール","対象物","該当","","","","","","","","","","","","","","","","","","NITE-CHRIP"
"120-36-5","２－（２，４－ジクロロフェノキシ）プロパン酸","対象物","該当","","","","","","","","","","","","","","","","","","NITE-CHRIP"
"120-51-4","安息香酸ベンジル","対象物","","","","","","","","","","要確認","","","","","","","","","NITE-CHRIP"
"120-61-6","ジメチル＝テレフタラート","対象物","","","","","","","","","","要確認","","","","","","","","","NITE-CHRIP"
"120-71-8","２－メトキシ－５－メチルアニリン","対象物","","","","","","","","","","","","","","","","","","","NITE-CHRIP"
"120-72-9","１Ｈ－インドール","対象物","","","","","","","","","","","","","","","","","","","NITE-CHRIP"
"120-78-5","ジ（ベンゾチアゾリル－２）ジスルフィド","対象物","該当","","","","","","","","","","","","","","","","","","NITE-CHRIP"
"120-80-9","ピロカテコール","対象物","該当","該当","","","","","","","","要確認","","","","","","","","","NITE-CHRIP"
"120-82-1","１，２，４－トリクロロベンゼン","対象物","","","該当","","","","","","","要確認","","","","","","","","","NITE-CHRIP"
"120-83-2","２，４－ジクロロフェノール","対象物","該当","","","","","","","","","","","","","","","","","","NITE-CHRIP"
"120-92-3","シクロペンタノン","対象物","","","","該当","","","","","","","","","","","","","","","NITE-CHRIP"
"120-95-6","２，４－ジ－ｔｅｒｔ－ペンチルフェノール","対象物","","","","","","","","","","","","","","","","","","","NITE-CHRIP"
"121-03-9","２－メチル－５－ニトロベンゼンスルホン酸","対象物","該当","","","","","","","","","","","","","","","","","","NITE-CHRIP"
"121-14-2","２，４－ジニトロトルエン","対象物","","該当","","","","","","","","要確認","","","","","","","","","NITE-CHRIP"
"121-19-7","（４－ヒドロキシ－３－ニトロフェニル）アルソン酸","対象物","該当","","","","?","","","","","","","","","","","","","","NITE-CHRIP"
"121-29-9","（Ｓ）－２－メチル－４－オキソ－３－［（Ｚ）－ペンタ－２，４－ジエン－１－イル］シクロペンタ－２－エン－１－イル＝（１Ｒ，３Ｒ）－３－［（Ｅ）－３－メトキシ－２－メチル－３－オキソプロパ－１－エン－１－イル］－２，２－ジメチルシクロプロパンカルボキシラート","対象物","","","","","","","","","","","","","","","","","","","NITE-CHRIP"
"121-33-5","バニリン","対象物","","","","","","","","","","","","","","","","","","","NITE-CHRIP"
"121-43-7","トリメチルホウ酸","対象物","","","","該当","","","","","","要確認","","","","","","","","","NITE-CHRIP"
"121-45-9","トリメチル＝ホスフィット","対象物","該当","","","該当","","","","","","","","","","","","","","","NITE-CHRIP"
"121-54-0","ベンジル（ジメチル）（２－｛２－［４－（２，４，４－トリメチルペンタン－２－イル）フェノキシ］エトキシ｝エチル）アンモニウム＝クロリド","対象物","","","","","","","","","","","","","","","","","","","NITE-CHRIP"
"121-57-3","４－アミノベンゼン－１－スルホン酸","対象物","該当","","","","","","","","","","","","","","","","","","NITE-CHRIP"
"121-69-7","Ｎ，Ｎ－ジメチルアニリン","対象物","該当","","該当","","","","","","","要確認","","","","","","","","","NITE-CHRIP"
"121-75-5","ジエチル＝２－［（ジメトキシホスホロチオイル）スルファニル］スクシナート","対象物","該当","該当","","","","","","","","要確認","","","","","","","","","NITE-CHRIP"
"121-79-9","プロピル＝３，４，５－トリヒドロキシベンゾアート","対象物","該当","","","","","","","","","","","","","","","","","","NITE-CHRIP"
"121-82-4","ヘキサヒドロ－１，３，５－トリニトロ－１，３，５－トリアジン","対象物","該当","","該当","該当","","","","","","","","","","","","","","","NITE-CHRIP"
"121-92-6","ｍ－ニトロ安息香酸","対象物","","","","","","","","","","","","","","","","","","","NITE-CHRIP"
"122-00-9","ｐ－メチルアセトフェノン","対象物","","","","","","","","","","","","","","","","","","","NITE-CHRIP"
"122-03-2","４－イソプロピルベンズアルデヒド","対象物","","","","","","","","","","","","","","","","","","","NITE-CHRIP"
"122-14-5","Ｏ，Ｏ－ジメチル＝Ｏ－（３－メチル－４－ニトロフェニル）＝ホスホロチオアート","対象物","該当","","","","","","","","","要確認","","","","","","","","","NITE-CHRIP"
"122-18-9","Ｎ－ベンジル－Ｎ，Ｎ－ジメチルヘキサデカン－１－アミニウム，クロリド（１：１）","対象物","該当","","","","","","","","","要確認","","","","","","","","","NITE-CHRIP"
"122-19-0","ベンジル（ジメチル）（オクタデシル）アンモニウム＝クロリド","対象物","該当","","","","","","","","","","","","","","","","","","NITE-CHRIP"
"122-20-3","トリス（２－ヒドロキシプロピル）アミン［別名：トリイソプロパノールアミン］","対象物","","","","","","","","","","要確認","","","","","","","","","NITE-CHRIP"
"122-34-9","２－クロロ－４，６－ビス（エチルアミノ）－１，３，５－トリアジン","対象物","","","","","","","","","","要確認","","","","","","","","","NITE-CHRIP"
"122-39-4","ジフェニルアミン","対象物","該当","","該当","","","","","","","要確認","","","","","","","","","NITE-CHRIP"
"122-40-7","アミルケイ皮アルデヒド","対象物","該当","","","","","","","","","要確認","","","","","","","","","NITE-CHRIP"
"122-51-0","オルソギ酸エチル","対象物","","","","該当","","","","","","","","","","","","","","","NITE-CHRIP"
"122-52-1","亜リン酸トリエチル","対象物","該当","","","該当","","","","","","","","","","","","","","","NITE-CHRIP"
"122-60-1","２－（フェノキシメチル）オキシラン","対象物","該当","","該当","","","","","","","","","","","","","","","","NITE-CHRIP"
"122-66-7","１，２－ジフェニルヒドラジン","対象物","","該当","","","","","","","","","","","","","","","","","NITE-CHRIP"
"122-88-3","ｐ－クロロフェノキシ酢酸","対象物","","","","","","","","","","","","","","","","","","","NITE-CHRIP"
"122-99-6","２－フェノキシエタノール","対象物","該当","","該当","","","","","","","","","","","","","","","","NITE-CHRIP"
"123-03-5","１－ヘキサデシルピリジン－１－イウム＝クロリド","対象物","該当","","","","","","","","","","","","","","","","","","NITE-CHRIP"
"123-07-9","４－エチルフェノール","対象物","該当","","","","","","","","","","","","","","","","","","NITE-CHRIP"
"123-11-5","ｐ－メトキシベンズアルデヒド","対象物","","","","","","","","","","","","","","","","","","","NITE-CHRIP"
"123-15-9","２－メチルペンタナール（別名　２－メチルバレルアルデヒド）","対象物","","","","該当","","","","","","","","","","","","","","","NITE-CHRIP"
"123-19-3","４－ヘプタノン","対象物","","","","該当","","","","","","","","","","","","","","","NITE-CHRIP"
"123-23-9","ジコハク酸ペルオキシド","対象物","該当","","","該当","","","","","","","","","","","","","","","NITE-CHRIP"
"123-30-8","４－アミノフェノール","対象物","該当","","","","","","","","","要確認","","","","","","","","","NITE-CHRIP"
"123-31-9","ヒドロキノン","対象物","該当","","該当","","","","","","","要確認","","","","","","","","","NITE-CHRIP"
"123-32-0","２，５－ジメチルピラジン","対象物","","","","該当","","","","","","","","","","","","","","","NITE-CHRIP"
"123-35-3","７－メチル－３－メチレン－１，６－オクタジエン","対象物","","","","該当","","","","","","要確認","","","","","","","","","NITE-CHRIP"
"123-38-6","プロピオンアルデヒド","対象物","","","該当","該当","","","","","","","","","","","","","","","NITE-CHRIP"
"123-39-7","Ｎ－メチルホルムアミド","対象物","該当","","","","","","","","","","","","","","","","","","NITE-CHRIP"
"123-54-6","アセチルアセトン","対象物","該当","","","該当","","","","","","要確認","","","","","","","","","NITE-CHRIP"
"123-62-6","無水プロピオン酸","対象物","該当","","","該当","","","","","","","","","","","","","","","NITE-CHRIP"
"123-63-7","２，４，６－トリメチル－１，３，５－トリオキサン","対象物","","","","該当","","","","","","","","","","","","","","","NITE-CHRIP"
"123-66-0","カプロン酸エチル","対象物","","","","該当","","","","","","要確認","","","","","","","","","NITE-CHRIP"
"123-68-2","アリル＝ヘキサノアート","対象物","","","","","","","","","","要確認","","","","","","","","","NITE-CHRIP"
"123-72-8","ｎ－ブチルアルデヒド","対象物","","該当","","該当","","","","","","","","","","","","","","","NITE-CHRIP"
"123-73-9","（２Ｅ）－クロトンアルデヒド","対象物","該当","該当","","","","","","","","要確認","","","","","","","","","NITE-CHRIP"
"123-75-1","ピロリジン","対象物","該当","","","該当","","","","","","","","","","","","","","","NITE-CHRIP"
"123-77-3","Ｃ，Ｃ’－ジアゼンジイルジメタンアミド","対象物","該当","","","","","","","","","","","","","","","","","","NITE-CHRIP"
"123-96-6","２－オクタノール","対象物","","","","","","","","","","","","","","","","","","","NITE-CHRIP"
"124-02-7","ジアリルアミン","対象物","該当","","","該当","","","","","","","","","","","","","","","NITE-CHRIP"
"124-04-9","アジピン酸","対象物","該当","","","","","","","","","","","","","","","","","","NITE-CHRIP"
"124-07-2","オクタン酸","対象物","該当","","","","","","","","","","","","","","","","","","NITE-CHRIP"
"124-09-4","ヘキサン－１，６－ジイルジアミン","対象物","該当","","","","","","","","","要確認","","","","","","","","","NITE-CHRIP"
"124-11-8","ノナ－１－エン","対象物","","","","該当","","","","","","","","","","","","","","","NITE-CHRIP"
"124-13-0","１－オクタナール","対象物","","","","該当","","","","","","","","","","","","","","","NITE-CHRIP"
"124-18-5","デカン","対象物","","","","","","","","","","","","","","","","","","","NITE-CHRIP"
"124-19-6","ノナナール","対象物","","","","","","","","","","","","","","","","","","","NITE-CHRIP"
"124-28-7","Ｎ，Ｎ－ジメチルオクタデカン－１－イルアミン","対象物","該当","","","","","","","","","要確認","","","","","","","","","NITE-CHRIP"
"124-30-1","オクタデシルアミン","対象物","該当","","","","","","","","","要確認","","","","","","","","","NITE-CHRIP"
"124-40-3","ジメチルアミン","対象物","該当","","該当","該当","","","","","","要確認","","","","","","","","","NITE-CHRIP"
"124-41-4","ソジウムメチラート","対象物","該当","","","","","","","","","","","","","","","","","","NITE-CHRIP"
"124-43-6","過酸化水素と尿素の化合物（１：１）","対象物","該当","","","","","","","","","","","","","","","","","","NITE-CHRIP"
"124-47-0","尿素＝モノニトラート","対象物","","","","","","","","","","","","","","","","","","","NITE-CHRIP"
"124-48-1","ジブロモクロロメタン","対象物","","","","","","","","","","要確認","","","","","","","","","NITE-CHRIP"
"124-58-3","メチルアルソン酸","対象物","該当","","","","?","","","","","","","","","","","","","","NITE-CHRIP"
"124-63-0","メタンスルホニルクロリド","対象物","該当","","","","","","","","","","","","","","","","","","NITE-CHRIP"
"124-65-2","ナトリウム＝ジメチルアルシナート","対象物","該当","","","","?","","","","","","","","","","","","","","NITE-CHRIP"
"124-68-5","２－アミノ－２－メチルプロパノール","対象物","該当","","該当","","","","","","","","","","","","","","","","NITE-CHRIP"
"124-73-2","１，２－ジブロモ－１，１，２，２－テトラフルオロエタン","対象物","","","","","","","","","","要確認","","","","","","","","","NITE-CHRIP"
"125-12-2","ｒｅｌ－（１Ｒ，２Ｒ，４Ｒ）－ボルナン－２－イル＝アセタート","対象物","","","","","","","","","","要確認","","","","","","","","","NITE-CHRIP"
"126-07-8","（１’Ｓ，６’Ｒ）－７－クロロ－２’，４，６－トリメトキシ－６’－メチル－３Ｈ－スピロ［ベンゾフラン－２，１’－シクロヘキサ［２］エン］－３，４’－ジオン","対象物","","","","","","","","","","","","","","","","","","","NITE-CHRIP"
"126-33-0","テトラヒドロチオフェン－１，１－ジオキサイド","対象物","","","","","","","","","","","","","","","","","","","NITE-CHRIP"
"126-72-7","トリス（２，３－ジブロモプロパン－１－イル）＝ホスファート","対象物","","該当","","","","","","","","","","","","","","","","","NITE-CHRIP"
"126-73-8","リン酸トリ－ｎ－ブチル","対象物","該当","","該当","","","","","","","要確認","","","","","","","","","NITE-CHRIP"
"126-85-2","Ｎ，Ｎ－ビス（２－クロロエチル）メチルアミン－Ｎ－オキシド","対象物","","","","","","","","","","","","","","","","","","","NITE-CHRIP"
"126-90-9","（３Ｓ）－３，７－ジメチルオクタ－１，６－ジエン－３－オール","対象物","","","","","","","","","","","","","","","","","","","NITE-CHRIP"
"126-91-0","（Ｒ）－３，７－ジメチルオクタ－１，６－ジエン－３－オール","対象物","","","","","","","","","","","","","","","","","","","NITE-CHRIP"
"126-98-7","メタクリロニトリル","対象物","該当","","該当","該当","","","","","","","","","","","","","","","NITE-CHRIP"
"126-99-8","２－クロロ－１，３－ブタジエン","対象物","該当","","該当","該当","","","","","","","","","","","","","","","NITE-CHRIP"
"127-00-4","１－クロロプロパン－２－オール","対象物","該当","","","該当","","","","","","","","","","","","","","","NITE-CHRIP"
"127-19-5","Ｎ，Ｎ－ジメチルアセトアミド","対象物","該当","該当","該当","","","","","","","要確認","","","","","","","","","NITE-CHRIP"
"127-51-5","３－メチル－４－（２，６，６－トリメチルシクロヘキサ－２－エン－１－イル）ブタ－３－エン－２－オン","対象物","該当","","","","","","","","","要確認","","","","","","","","","NITE-CHRIP"
"127-68-4","ｍ－ニトロベンゼンスルホン酸ナトリウム塩","対象物","該当","","","","","","","","","","","","","","","","","","NITE-CHRIP"
"127-91-3","ピナ－２（１０）－エン","対象物","該当","","","該当","","","","","","","","","","","","","","","NITE-CHRIP"
"128-04-1","ナトリウム＝ジメチルジチオカルバマート","対象物","","","","","","","","","","","","","","","","","","","NITE-CHRIP"
"128-37-0","２，６－ジ－ｔｅｒｔ－ブチル－４－メチルフェノール","対象物","","","該当","","","","","","","要確認","","","","","","","","","NITE-CHRIP"
"128-62-1","（Ｓ）－６，７－ジメトキシ－３－［（Ｒ）－４－メトキシ－６－メチル－５，６，７，８－テトラヒドロ［１，３］ジオキソロ［４，５－ｇ］イソキノリン－５－イル］イソベンゾフラン－１（３Ｈ）－オン","対象物","","","","","","","","","","","","","","","","","","","NITE-CHRIP"
"129-15-7","２－メチル－１－ニトロアントラキノン","対象物","","","","","","","","","","","","","","","","","","","NITE-CHRIP"
"129-43-1","１－ヒドロキシアントラキノン","対象物","","","","","","","","","","","","","","","","","","","NITE-CHRIP"
"129-66-8","２，４，６－トリニトロ安息香酸","対象物","","","","","","","","","","","","","","","","","","","NITE-CHRIP"
"129-67-9","二ナトリウム＝７－オキサビシクロ［２．２．１］ヘプタン－２，３－ジカルボキシラート","対象物","","","","","","","","","","","","","","","","","","","NITE-CHRIP"
"129-73-7","４，４’－ビス（ジメチルアミノ）トリフェニルメタン","対象物","","","","","","","","","","","","","","","","","","","NITE-CHRIP"
"130-15-4","１，４－ナフトキノン","対象物","","","","","","","","","","","","","","","","","","","NITE-CHRIP"
"131-11-3","フタル酸ジメチル","対象物","","","該当","","","","","","","","","","","","","","","","NITE-CHRIP"
"131-17-9","ジアリル＝フタラート","対象物","該当","","","","","","","","","要確認","","","","","","","","","NITE-CHRIP"
"131-18-0","ジペンチル＝フタラート","対象物","","","","","","","","","","","","","","","","","","","NITE-CHRIP"
"131-52-2","ペンタクロロフェノールナトリウム","対象物","該当","","","","?","","","","","","","","第一種特定","","","","","","NITE-CHRIP"
"131-57-7","２－ヒドロキシ－４－メトキシベンゾフェノン","対象物","該当","","","","","","","","","","","","","","","","","","NITE-CHRIP"
"131-72-6","２，４－ジニトロ－６－（オクタン－２－イル）フェニル＝（Ｅ）－２－ブテノアート","対象物","該当","","","","","","","","","","","","","","","","","","NITE-CHRIP"
"131-73-7","ビス（２，４，６－トリニトロフェニル）アミン","対象物","","","","該当","","","","","","","","","","","","","","","NITE-CHRIP"
"131-74-8","アンモニウム＝２，４，６－トリニトロフェノラート","対象物","該当","","","該当","","","","","","","","","","","","","","","NITE-CHRIP"
"131-89-5","２，４－ジニトロ－６－シクロヘキシルフェノール","対象物","該当","","","","","","","","","","","","","","","","","","NITE-CHRIP"
"132-27-4","ナトリウム＝ビフェニル－２－オラート","対象物","該当","","","","","","","","","要確認","","","","","","","","","NITE-CHRIP"
"132-32-1","３－アミノ－Ｎ－エチルカルバゾール","対象物","","該当","","","","","","","","","","","","","","","","","NITE-CHRIP"
"132-33-2","４－［（２－アルソノフェニル）ジアゼニル］－３－ヒドロキシナフタレン－２，７－ジスルホン酸","対象物","該当","","","","?","","","","","","","","","","","","","","NITE-CHRIP"
"132-65-0","ジベンゾチオフェン","対象物","","","","","","","","","","","","","","","","","","","NITE-CHRIP"
"133-06-2","Ｎ－［（トリクロロメチル）スルファニル］シクロヘキサ－４－エン－１，２－ジカルボキシミド","対象物","該当","","該当","","","","","","","要確認","","","","","","","","","NITE-CHRIP"
"133-07-3","Ｎ－（トリクロロメチルチオ）フタルイミド","対象物","該当","","","","","","","","","","","","","","","","","","NITE-CHRIP"
"133-32-4","４－（１Ｈ－インドール－３－イル）ブタン酸","対象物","","","","","","","","","","","","","","","","","","","NITE-CHRIP"
"134-29-2","o-Anisidine and Its Hydrochloride","対象物","","該当","","","","","","","","","","","","","","","","","NITE-CHRIP"
"134-62-3","Ｎ，Ｎ－ジエチル－ｍ－トルアミド","対象物","","","","","","","","","","","","","","","","","","","NITE-CHRIP"
"135-01-3","１，２－ジエチルベンゼン","対象物","","","","該当","","","","","","","","","","","","","","","NITE-CHRIP"
"135-19-3","２－ナフトール","対象物","該当","","","","","","","","","要確認","","","","","","","","","NITE-CHRIP"
"135-20-6","Ｎ－ヒドロキシ－Ｎ－フェニル亜硝酸アミドのモノアンモニウム塩","対象物","","該当","","","","","","","","","","","","","","","","","NITE-CHRIP"
"135-88-6","２－（Ｎ－フェニルアミノ）ナフタレン","対象物","該当","","","","","","","","","","","","","","","","","","NITE-CHRIP"
"135-98-8","ｓｅｃ－ブチルベンゼン","対象物","","","","該当","","","","","","","","","","","","","","","NITE-CHRIP"
"136-40-3","３－（フェニルジアゼニル）ピリジン－２，６－ジアミン一塩酸塩","対象物","","","","","","","","","","","","","","","","","","","NITE-CHRIP"
"136-52-7","２－エチルヘキサン酸コバルト（ＩＩ）","対象物","該当","該当","","","","","","","","要確認","","","","","","","","","NITE-CHRIP"
"136-78-7","２，４－ジクロロフェノキシエチル硫酸ナトリウム","対象物","","","","","","","","","","","","","","","","","","","NITE-CHRIP"
"136-99-2","２－（２－ウンデシル－４，５－ジヒドロ－１Ｈ－イミダゾール－１－イル）エタノール","対象物","","","","","","","","","","","","","","","","","","","NITE-CHRIP"
"137-05-3","２－シアノアクリル酸メチル","対象物","該当","","該当","","","","","","","","","","","","","","","","NITE-CHRIP"
"137-07-5","２－アミノベンゼンチオール","対象物","","","","","","","","","","","","","","","","","","","NITE-CHRIP"
"137-09-7","２，４－ジアミノフェノール二塩酸塩","対象物","","","","","","","","","","","","","","","","","","","NITE-CHRIP"
"137-17-7","２，４，５－トリメチルアニリン","対象物","","","","","","","","","","","","","","","","","","","NITE-CHRIP"
"137-26-8","Ｎ，Ｎ，Ｎ’，Ｎ’－テトラメチル－２，３－ジチアジチオスクシンアミド","対象物","該当","","該当","","","","","","","要確認","","","","","","","","","NITE-CHRIP"
"137-29-1","（ＳＰ－４－１）－ビス（ジメチルジチオカルバマト－κ（２）Ｓ，Ｓ’）銅（ＩＩ）","対象物","","","","","","","","","","","","","","","","","","","NITE-CHRIP"
"137-30-4","ビス（ジメチルジチオカルバマト－κ（２）Ｓ，Ｓ’）亜鉛","対象物","該当","","","","","","","","","要確認","","","","","","","","","NITE-CHRIP"
"137-32-6","２－メチルブタン－１－オール","対象物","","","該当","","","","","","","","","","","","","","","","NITE-CHRIP"
"137-42-8","モノメチルジチオカルバミン酸ナトリウム","対象物","該当","","","","","","","","","要確認","","","","","","","","","NITE-CHRIP"
"137-58-6","２－（ジエチルアミノ）－Ｎ－（２，６－ジメチルフェニル）アセトアミド","対象物","該当","","","","","","","","","","","","","","","","","","NITE-CHRIP"
"138-22-7","乳酸ｎ－ブチル","対象物","","","該当","","","","","","","","","","","","","","","","NITE-CHRIP"
"138-86-3","４－イソプロペニル－１－メチルシクロヘキサ－１－エン","対象物","該当","","","該当","","","","","","","","","","","","","","","NITE-CHRIP"
"138-89-6","Ｎ，Ｎ－ジメチル－４－ニトロソアニリン","対象物","","","","","","","","","","","","","","","","","","","NITE-CHRIP"
"139-07-1","ベンジル（ドデシル）（ジメチル）アンモニウム＝クロリド","対象物","該当","","","","","","","","","要確認","","","","","","","","","NITE-CHRIP"
"139-08-2","ベンジル（ジメチル）（テトラデシル）アンモニウム＝クロリド","対象物","該当","","","","","","","","","要確認","","","","","","","","","NITE-CHRIP"
"139-13-9","ニトリロ三酢酸","対象物","","","該当","","","","","","","要確認","","","","","","","","","NITE-CHRIP"
"139-40-2","Propazine","対象物","","","","","","","","","","","","","","","","","","","NITE-CHRIP"
"139-65-1","４，４’－スルファンジイルジアニリン","対象物","","","","","","","","","","","","","","","","","","","NITE-CHRIP"
"140-01-2","五ナトリウム＝［（カルボキシラトメチル）イミノジエチレンジニトリロ］テトラアセタート","対象物","","","","","","","","","","","","","","","","","","","NITE-CHRIP"
"140-11-4","ベンジル＝アセタート","対象物","","","該当","","","","","","","要確認","","","","","","","","","NITE-CHRIP"
"140-29-4","フェニルアセトニトリル","対象物","","","","","","","","","","","","","","","","","","","NITE-CHRIP"
"140-31-8","２－（ピペラジン－１－イル）エチルアミン","対象物","該当","","","","","","","","","","","","","","","","","","NITE-CHRIP"
"140-56-7","ナトリウム＝［４－（ジメチルアミノ）フェニル］ジアゼンスルホナート","対象物","","","","","","","","","","","","","","","","","","","NITE-CHRIP"
"140-57-8","１－（４－ｔｅｒｔ－ブチルフェノキシ）プロパン－２－イル＝２－クロロエチル＝スルフィット","対象物","","","","","","","","","","","","","","","","","","","NITE-CHRIP"
"140-66-9","４－（２，４，４－トリメチルペンタン－２－イル）フェノール","対象物","該当","","","","","","","","","要確認","","","","","","","","","NITE-CHRIP"
"141-05-9","ジエチル＝マレアート","対象物","該当","","","","","","","","","","","","","","","","","","NITE-CHRIP"
"141-10-6","プソイドヨノン","対象物","","","","","","","","","","","","","","","","","","","NITE-CHRIP"
"141-27-5","シトラール","対象物","","","","","","","","","","","","","","","","","","","NITE-CHRIP"
"141-30-0","３，６－ジクロロピリダジン","対象物","","","","","","","","","","","","","","","","","","","NITE-CHRIP"
"141-32-2","ブタン－１－イル＝アクリラート","対象物","該当","","該当","該当","","","","","","要確認","","","","","","","","","NITE-CHRIP"
"141-43-5","２－アミノエタノール","対象物","該当","","該当","","","","","","","要確認","","","","","","","","","NITE-CHRIP"
"141-66-2","リン酸ジメチル＝（Ｅ）－１－（Ｎ，Ｎ－ジメチルカルバモイル）－１－プロペン－２－イル","対象物","該当","","","","","","","","","","","","","","","","","","NITE-CHRIP"
"141-75-3","ブチリル＝クロリド","対象物","該当","","","該当","","","","","","","","","","","","","","","NITE-CHRIP"
"141-79-7","４－メチル－３－ペンテン－２－オン","対象物","","","該当","該当","","","","","","","","","","","","","","","NITE-CHRIP"
"141-82-2","マロン酸","対象物","","","","","","","","","","","","","","","","","","","NITE-CHRIP"
"141-90-2","２－チオキソ－２，３－ジヒドロピリミジン－４（１Ｈ）－オン","対象物","","","","","","","","","","","","","","","","","","","NITE-CHRIP"
"141-93-5","ｍ－ジエチルベンゼン","対象物","","","","該当","","","","","","","","","","","","","","","NITE-CHRIP"
"141-97-9","アセト酢酸エチル","対象物","","","","","","","","","","","","","","","","","","","NITE-CHRIP"
"142-04-1","アニリニウム＝クロリド","対象物","","該当","","","","","","","","","","","","","","","","","NITE-CHRIP"
"142-16-5","ビス（２－エチルヘキシル）＝マレアート","対象物","該当","","","","","","","","","要確認","","","","","","","","","NITE-CHRIP"
"142-19-8","ヘプタン酸アリル","対象物","","","","","","","","","","要確認","","","","","","","","","NITE-CHRIP"
"142-22-3","ジエチレングリコールビス（アリルカーボナート）","対象物","","","","","","","","","","","","","","","","","","","NITE-CHRIP"
"142-28-9","１，３－ジクロロプロパン","対象物","該当","","","該当","","","","","","","","","","","","","","","NITE-CHRIP"
"142-29-0","シクロペンテン","対象物","","","","該当","","","","","","","","","","","","","","","NITE-CHRIP"
"142-59-6","二ナトリウム＝エタン－１，２－ジイルジカルバモジチオアート","対象物","該当","","","","","","","","","","","","","","","","","","NITE-CHRIP"
"142-62-1","ヘキサン酸","対象物","該当","","","","","","","","","","","","","","","","","","NITE-CHRIP"
"142-64-3","ピペラジン・二塩酸塩","対象物","","","","","","","","","","","","","","","","","","","NITE-CHRIP"
"142-68-7","オキサン","対象物","","","","該当","","","","","","","","","","","","","","","NITE-CHRIP"
"142-71-2","銅（ＩＩ）＝ジアセタート","対象物","","","","","","","","","","要確認","","","","","","","","","NITE-CHRIP"
"142-82-5","ヘプタン","対象物","","","該当","該当","","","","","","要確認","","","","","","","","","NITE-CHRIP"
"142-83-6","（２Ｅ，４Ｅ）－ヘキサ－２，４－ジエナール","対象物","該当","","","","","","","","","","","","","","","","","","NITE-CHRIP"
"142-84-7","ジ－ｎ－プロピルアミン","対象物","該当","","","","","","","","","","","","","","","","","","NITE-CHRIP"
"142-92-7","酢酸ヘキシル","対象物","","","","該当","","","","","","要確認","","","","","","","","","NITE-CHRIP"
"142-96-1","ｎ－ブチルエーテル","対象物","","","","該当","","","","","","","","","","","","","","","NITE-CHRIP"
"143-08-8","ノナン－１－オール","対象物","","","","","","","","","","要確認","","","","","","","","","NITE-CHRIP"
"143-18-0","カリウム＝オレアート","対象物","","","","","","","","","","","","","","","","","","","NITE-CHRIP"
"143-22-6","トリエチレングリコールモノブチルエーテル","対象物","該当","","","","","","","","","","","","","","","","","","NITE-CHRIP"
"143-24-8","２，５，８，１１，１４－ペンタオキサペンタデカン","対象物","","","","","","","","","","","","","","","","","","","NITE-CHRIP"
"143-36-2","ヨージド（メチル）水銀","対象物","該当","","","","?","","","","","要確認","","","","","","","","","NITE-CHRIP"
"143-50-0","ペルクロロペンタシクロ［５．３．０．０（２，６）．０（３，９）．０（４，８）］デカン－５－オン","対象物","該当","","","","","","","","","","","","第一種特定","","","","","","NITE-CHRIP"
"144-41-2","Ｏ，Ｏ－ジメチル＝Ｓ－（２－モルホリノ－２－オキソエチル）＝ホスホロジチオアート","対象物","","","","","","","","","","","","","","","","","","","NITE-CHRIP"
"144-48-9","２－ヨードアセトアミド","対象物","","","","","","","","","","","","","","","","","","","NITE-CHRIP"
"144-49-0","モノフルオール酢酸","対象物","該当","","","","","","","","","","","","","","","","","","NITE-CHRIP"
"144-54-7","メチルジチオカルバミン酸","対象物","該当","","","","","","","","","要確認","","","","","","","","","NITE-CHRIP"
"145-73-3","７－オキサビシクロ［２．２．１］ヘプタン－２，３－ジカルボン酸","対象物","","","","","","","","","","","","","","","","","","","NITE-CHRIP"
"146-84-9","銀（１＋）＝２，４，６－トリニトロフェノラート","対象物","","","","","","","","","","","","","","","","","","","NITE-CHRIP"
"147-14-8","ピグメントブルー－１５","対象物","","","","","","","","","","","","","","","","","","","NITE-CHRIP"
"147-24-0","Ｎ－［２－（ベンズヒドリルオキシ）エチル］ジメチルアミン一塩酸塩","対象物","","","","","","","","","","","","","","","","","","","NITE-CHRIP"
"148-01-6","２－メチル－３，５－ジニトロベンズアミド","対象物","","","","","","","","","","","","","","","","","","","NITE-CHRIP"
"148-18-5","ナトリウム＝ジエチルカルバモジチオアート","対象物","","","","","","","","","","","","","","","","","","","NITE-CHRIP"
"148-24-3","８－ヒドロキシキノリン","対象物","該当","","","","","","","","","","","","","","","","","","NITE-CHRIP"
"148-79-8","２－（１，３－チアゾール－４－イル）－１Ｈ－ベンゾイミダゾール","対象物","","","","","","","","","","","","","","","","","","","NITE-CHRIP"
"148-82-3","（Ｓ）－２－アミノ－３－｛４－［ビス（２－クロロエチル）アミノ］フェニル｝プロパン酸","対象物","","該当","","","","","","","","","","","","","","","","","NITE-CHRIP"
"149-30-4","１，３－ベンゾチアゾール－２（３Ｈ）－チオン","対象物","該当","該当","","","","","","","","要確認","","","","","","","","","NITE-CHRIP"
"149-57-5","２－エチルヘキサン酸","対象物","該当","","該当","","","","","","","","","","","","","","","","NITE-CHRIP"
"149-73-5","トリメトキシメタン","対象物","","","","該当","","","","","","","","","","","","","","","NITE-CHRIP"
"150-46-9","トリエトキシボラン","対象物","","","","該当","","","","","","要確認","","","","","","","","","NITE-CHRIP"
"150-68-5","３－（４－クロロフェニル）－１，１－ジメチル尿素","対象物","","","","","","","","","","","","","","","","","","","NITE-CHRIP"
"150-70-9","［４－（ジメチルアミノ）フェニル］ジアゼンスルホン酸","対象物","","","","","","","","","","","","","","","","","","","NITE-CHRIP"
"150-76-5","４－メトキシフェノール","対象物","該当","","該当","","","","","","","","","","","","","","","","NITE-CHRIP"
"151-10-0","１，３－ジメトキシベンゼン","対象物","","","","","","","","","","","","","","","","","","","NITE-CHRIP"
"151-21-3","ナトリウム＝ドデシル＝スルファート","対象物","該当","","","","","","","","","要確認","","","","","","","","","NITE-CHRIP"
"151-67-7","２－ブロモ－２－クロロ－１，１，１－トリフルオロエタン","対象物","","","該当","","","","","","","","","","","","","","","","NITE-CHRIP"
"152-16-9","オクタメチルピロホスホルアミド","対象物","","","","","","","","","","","","","","","","","","","NITE-CHRIP"
"154-93-8","１，３－ビス（２－クロロエチル）－１－ニトロソ尿素","対象物","","該当","","","","","","","","","","","","","","","","","NITE-CHRIP"
"156-43-4","ｐ－フェネチジン","対象物","該当","","","","","","","","","","","","","","","","","","NITE-CHRIP"
"156-59-2","ｃｉｓ－１，２－ジクロロエチレン","対象物","","","","該当","","","","","","要確認","","","","","","","","","NITE-CHRIP"
"156-60-5","ｔｒａｎｓ－１，２－ジクロロエチレン","対象物","","","","該当","","","","","","要確認","","","","","","","","","NITE-CHRIP"
"156-62-7","カルシウムシアナミド","対象物","該当","","","","","","","","","","","","","","","","","","NITE-CHRIP"
"156-87-6","３－アミノ－１－プロパノール","対象物","該当","","","","","","","","","","","","","","","","","","NITE-CHRIP"
"189-55-9","ベンゾ［ｒｓｔ］ペンタフェン","対象物","該当","該当","","","","","","","","","","","","","","","","","NITE-CHRIP"
"189-64-0","ジベンゾ［ｃ，ｐｑｒ］テトラフェン","対象物","該当","該当","","","","","","","","","","","","","","","","","NITE-CHRIP"
"193-39-5","インデノ［１，２，３－ｃｄ］ピレン","対象物","該当","","","","","","","","","","","","","","","","","","NITE-CHRIP"
"194-59-2","７Ｈ－ジベンゾ［ｃ，ｇ］カルバゾール","対象物","","","","","","","","","","","","","","","","","","","NITE-CHRIP"
"195-19-7","ベンゾ［ｃ］フェナントレン","対象物","","","","","","","","","","","","","","","","","","","NITE-CHRIP"
"205-82-3","ベンゾ［ｊ］フルオランテン","対象物","該当","該当","","","","","","","","","","","","","","","","","NITE-CHRIP"
"205-99-2","ベンゾ［ｅ］アセフェナントリレン","対象物","該当","該当","","","","","","","","","","","","","","","","","NITE-CHRIP"
"207-08-9","ベンゾ［ｋ］フルオランテン","対象物","該当","該当","","","","","","","","","","","","","","","","","NITE-CHRIP"
"208-96-8","アセナフチレン","対象物","","","","","","","","","","","","","","","","","","","NITE-CHRIP"
"218-01-9","クリセン","対象物","該当","該当","","","","","","","","","","","","","","","","","NITE-CHRIP"
"224-42-0","ジベンゾ［ａ，ｊ］アクリジン","対象物","","該当","","","","","","","","","","","","","","","","","NITE-CHRIP"
"226-36-8","ジベンゾ［ａ，ｈ］アクリジン","対象物","","","","","","","","","","","","","","","","","","","NITE-CHRIP"
"271-89-6","ベンゾフラン","対象物","","該当","","該当","","","","","","","","","","","","","","","NITE-CHRIP"
"280-57-9","トリエチレンジアミン","対象物","","","","","","","","","","","","","","","","","","","NITE-CHRIP"
"286-20-4","７－オキサビシクロ［４．１．０］ヘプタン","対象物","","","","該当","","","","","","","","","","","","","","","NITE-CHRIP"
"287-92-3","シクロペンタン","対象物","","","","該当","","","","","","","","","","","","","","","NITE-CHRIP"
"288-05-1","セレノフェン","対象物","","","","","","","","","","要確認","","","","","","","","","NITE-CHRIP"
"288-32-4","イミダゾール","対象物","該当","","","","","","","","","","","","","","","","","","NITE-CHRIP"
"288-88-0","１，２，４－トリアゾール","対象物","","","","","","","","","","","","","","","","","","","NITE-CHRIP"
"288-94-8","１Ｈ－テトラゾール","対象物","","","","","","","","","","","","","","","","","","","NITE-CHRIP"
"291-64-5","シクロヘプタン","対象物","","","","該当","","","","","","","","","","","","","","","NITE-CHRIP"
"297-78-9","オクタクロルテトラヒドロメタノフタラン","対象物","該当","","","","","","","","","","","","","","","","","","NITE-CHRIP"
"297-97-2","Ｏ，Ｏ－ジエチル＝Ｏ－ピラジン－２－イル＝ホスホロチオアート","対象物","該当","","","","","","","","","","","","","","","","","","NITE-CHRIP"
"298-00-0","ジメチルパラニトロフェニルチオホスフェイト","対象物","該当","","該当","","","","","","","","","","","","","","","","NITE-CHRIP"
"298-02-2","ジチオリン酸Ｏ，Ｏ－ジエチル－Ｓ－エチルチオメチル","対象物","該当","","該当","","","","","","","","","","","","","","","","NITE-CHRIP"
"298-04-4","ジチオリン酸Ｏ，Ｏ－ジエチル－Ｓ－（２－エチルチオエチル）","対象物","該当","","","","","","","","","要確認","","","","","","","","","NITE-CHRIP"
"298-06-6","Ｏ，Ｏ－ジエチル＝Ｓ－水素＝ホスホロジチオアート","対象物","","","","","","","","","","","","","","","","","","","NITE-CHRIP"
"298-07-7","ビス（２－エチルヘキシル）＝水素＝ホスファート","対象物","該当","","","","","","","","","","","","","","","","","","NITE-CHRIP"
"298-12-4","グリオキシル酸","対象物","該当","","","","","","","","","","","","","","","","","","NITE-CHRIP"
"298-81-7","９－メトキシ－７Ｈ－フロ［３，２－ｇ］［１］ベンゾピラン－７－オン","対象物","","該当","","","","","","","","","","","","","","","","","NITE-CHRIP"
"299-42-3","（１Ｒ，２Ｓ）－２－（メチルアミノ）－１－フェニルプロパン－１－オール","対象物","","","","","","","","","","","","","","","","","","","NITE-CHRIP"
"299-84-3","チオリン酸Ｏ，Ｏ－ジメチル－Ｏ－（２，４，５－トリクロロフェニル）","対象物","","","該当","","","","","","","","","","","","","","","","NITE-CHRIP"
"299-86-5","Ｎ－メチルアミノホスホン酸Ｏ－（４－ｔｅｒｔ－ブチル－２－クロロフェニル）－Ｏ－メチル","対象物","","","","","","","","","","","","","","","","","","","NITE-CHRIP"
"300-76-5","リン酸１，２－ジブロモ－２，２－ジクロロエチル＝ジメチル","対象物","該当","","","","","","","","","","","","","","","","","","NITE-CHRIP"
"301-02-0","オレイン酸アミド","対象物","","","","","","","","","","","","","","","","","","","NITE-CHRIP"
"301-04-2","酢酸鉛（ＩＩ）","対象物","該当","該当","","","","","","","","要確認","","","","","","","","","NITE-CHRIP"
"301-10-0","スズ＝ビス（２－エチルヘキサノアート）","対象物","","","","","","","","","","","","","","","","","","","NITE-CHRIP"
"301-12-2","Ｓ－［２－（エチルスルフィニル）エチル］＝Ｏ，Ｏ－ジメチル＝ホスホロチオアート","対象物","","","","","","","","","","","","","","","","","","","NITE-CHRIP"
"302-17-0","２，２，２－トリクロロエタン－１，１－ジオール","対象物","該当","該当","","","","","","","","","","","","","","","","","NITE-CHRIP"
"302-22-7","酢酸クロロマジノン","対象物","","","","","","","","","","","","","","","","","","","NITE-CHRIP"
"303-34-4","（１Ｓ，７ａＲ）－７－［（｛（Ｒ）－２，３－ジヒドロキシ－２－［（Ｓ）－１－メトキシエチル］－３－メチルブタノイル｝オキシ）メチル］－２，３，５，７ａ－テトラヒドロ－１Ｈ－ピロリジン－１－イル＝（Ｚ）－２－メチルブタ－２－エノアート","対象物","","","","","","","","","","","","","","","","","","","NITE-CHRIP"
"304-20-1","１－ヒドラジノフタラジン一塩酸塩","対象物","該当","","","","","","","","","","","","","","","","","","NITE-CHRIP"
"305-03-3","４－｛４－［ビス（２－クロロエチル）アミノ］フェニル｝ブタン酸","対象物","","該当","","","","","","","","","","","","","","","","","NITE-CHRIP"
"306-83-2","２，２－ジクロロ－１，１，１－トリフルオロエタン","対象物","","","","","","","","","","要確認","","","","","","","","","NITE-CHRIP"
"306-98-9","ペルフルオロ（１，２－ジメチルシクロヘキサン）","対象物","","","","","","","","","","","","","","","","","","","NITE-CHRIP"
"307-24-4","ウンデカフルオロヘキサン酸","対象物","該当","","","","","","","","","","","","","","","","","","NITE-CHRIP"
"309-00-2","ｒｅｌ－（１Ｒ，２Ｒ，３Ｒ，６Ｓ，７Ｓ，８Ｓ）－１，８，９，１０，１１，１１－ヘキサクロロテトラシクロ［６．２．１．１（３，６）．０（２，７）］ドデカ－４，９－ジエン","対象物","該当","該当","","","","","","","","","","","第一種特定","","","","","","NITE-CHRIP"
"314-40-9","５－ブロモ－３－ｓｅｃ－ブチル－６－メチルピリミジン－２，４（１Ｈ，３Ｈ）－ジオン","対象物","","","","","","","","","","要確認","","","","","","","","","NITE-CHRIP"
"317-34-0","１，３－ジメチル－３，９－ジヒドロ－１Ｈ－プリン－２，６－ジオンとエタン－１，２－ジアミンの化合物（２：１）","対象物","該当","","","","","","","","","","","","","","","","","","NITE-CHRIP"
"319-84-6","ｒ－１，ｃ－２，ｔ－３，ｃ－４，ｔ－５，ｔ－６－ヘキサクロロシクロヘキサン","対象物","","","","","","","","","","","","","第一種特定","","","","","","NITE-CHRIP"
"320-67-2","４－アミノ－１－β－Ｄ－リボフラノシル－１，３，５－トリアジン－２（１Ｈ）－オン","対象物","","該当","","","","","","","","","","","","","","","","","NITE-CHRIP"
"328-84-7","１，２－ジクロロ－４－（トリフルオロメチル）ベンゼン","対象物","","","","","","","","","","","","","","","","","","","NITE-CHRIP"
"330-54-1","３－（３，４－ジクロロフェニル）－１，１－ジメチル尿素","対象物","","該当","","","","","","","","要確認","","","","","","","","","NITE-CHRIP"
"330-55-2","３－（３，４－ジクロロフェニル）－１－メトキシ－１－メチル尿素","対象物","","","","","","","","","","要確認","","","","","","","","","NITE-CHRIP"
"333-20-0","チオシアン酸カリウム","対象物","","","","","","","","","","","","","","","","","","","NITE-CHRIP"
"333-25-5","（２－クロロビニル）アルソン酸＝ジクロリド","対象物","該当","","","","?","","","","","","","","","","","","","","NITE-CHRIP"
"333-29-9","ジエチル－（１，３－ジチオシクロペンチリデン）－チオホスホルアミド","対象物","該当","","","","","","","","","","","","","","","","","","NITE-CHRIP"
"333-41-5","Ｏ，Ｏ－ジエチル＝Ｏ－（２－イソプロピル－６－メチルピリミジン－４－イル）＝ホスホロチオアート","対象物","該当","","該当","","","","","","","要確認","","","","","","","","","NITE-CHRIP"
"334-48-5","デカン酸","対象物","該当","","","","","","","","","","","","","","","","","","NITE-CHRIP"
"334-88-3","ジアゾメタン","対象物","該当","該当","","該当","","","","","","","","","","","","","","","NITE-CHRIP"
"335-67-1","２，２，３，３，４，４，５，５，６，６，７，７，８，８，８－ペンタデカフルオロオクタン酸","対象物","該当","","","","","","","","","要確認","","","第一種特定","","","","","","NITE-CHRIP"
"335-76-2","Nonadecafluorodecanoic acid","対象物","","","","","","","","","","","","","","","","","","","NITE-CHRIP"
"348-61-8","４－ブロモ－１，２－ジフルオロベンゼン","対象物","","","","該当","","","","","","","","","","","","","","","NITE-CHRIP"
"351-05-3","モノフルオール酢酸パラブロムアニリド","対象物","該当","","","","","","","","","","","","","","","","","","NITE-CHRIP"
"353-50-4","二フッ化カルボニル","対象物","","","","","","","","","","","","","","","","","","","NITE-CHRIP"
"353-59-3","ブロモ（クロロ）（ジフルオロ）メタン","対象物","","","","","","","","","","要確認","","","","","","","","","NITE-CHRIP"
"354-33-6","１，１，１，２，２－ペンタフルオロエタン","対象物","","","","","","","","","","","","","","","","","","","NITE-CHRIP"
"355-46-4","トリデカフルオロヘキサン－１－スルホン酸","対象物","","","","","","","","","","","","","第一種特定","","","","","","NITE-CHRIP"
"357-57-3","ブルシン","対象物","","","","","","","","","","","","","","","","","","","NITE-CHRIP"
"366-18-7","２，２’－ビピリジル","対象物","","","","","","","","","","","","","","","","","","","NITE-CHRIP"
"371-40-4","フルオロアニリン","対象物","","","","","","","","","","","","","","","","","","","NITE-CHRIP"
"372-09-8","シアノ酢酸","対象物","","","","","","","","","","","","","","","","","","","NITE-CHRIP"
"373-02-4","酢酸ニッケル（ＩＩ）","対象物","該当","","","","?","","","","","要確認","","","","","","","","","NITE-CHRIP"
"375-73-5","１，１，２，２，３，３，４，４，４－ノナフルオロブタン－１－スルホン酸","対象物","該当","","","","","","","","","","","","","","","","","","NITE-CHRIP"
"375-85-9","トリデカフルオロヘプタン酸","対象物","","","","","","","","","","","","","","","","","","","NITE-CHRIP"
"375-95-1","ヘプタデカフルオロノナン酸","対象物","","","","","","","","","","","","","","","","","","","NITE-CHRIP"
"379-51-1","トリシクロヘキシルフルオロスズ","対象物","","","","","","","","","","要確認","","","","","","","","","NITE-CHRIP"
"379-52-2","フルオロ（トリフェニル）スタンナン","対象物","","","","","","","","","","要確認","","","","","","","","","NITE-CHRIP"
"381-73-7","ジフルオロ酢酸","対象物","該当","","","","","","","","","","","","","","","","","","NITE-CHRIP"
"382-21-8","１，１，３，３，３－ペンタフルオロ－２－（トリフルオロメチル）－１－プロペン","対象物","","","","","","","","","","","","","","","","","","","NITE-CHRIP"
"420-04-2","シアナミド","対象物","該当","","","","","","","","","要確認","","","","","","","","","NITE-CHRIP"
"420-12-2","チイラン","対象物","","","","該当","","","","","","","","","","","","","","","NITE-CHRIP"
"420-46-2","１，１，１－トリフルオロエタン","対象物","","","","","","","","","","","","","","","","","","","NITE-CHRIP"
"422-44-6","１，２－ジクロロ－１，１，２，３，３－ペンタフルオロプロパン","対象物","","","","","","","","","","要確認","","","","","","","","","NITE-CHRIP"
"422-48-0","２，３－ジクロロ－１，１，１，２，３－ペンタフルオロプロパン","対象物","","","","","","","","","","要確認","","","","","","","","","NITE-CHRIP"
"422-56-0","３，３－ジクロロ－１，１，１，２，２－ペンタフルオロプロパン","対象物","","","","","","","","","","要確認","","","","","","","","","NITE-CHRIP"
"427-45-2","トリス（４－クロロフェニル）（フルオロ）スタンナン","対象物","","","","","","","","","","要確認","","","","","","","","","NITE-CHRIP"
"429-06-1","テトラエチルアンモニウム＝テトラフルオロボラヌイド","対象物","","","","","","","","","","要確認","","","","","","","","","NITE-CHRIP"
"429-30-1","トリエチル［（トリフルオロアセチル）オキシ］スタンナン","対象物","","","","","","","","","","要確認","","","","","","","","","NITE-CHRIP"
"429-77-6","トリベンジル（フルオロ）スタンナン","対象物","","","","","","","","","","要確認","","","","","","","","","NITE-CHRIP"
"431-03-8","ビアセチル","対象物","該当","","該当","該当","","","","","","","","","","","","","","","NITE-CHRIP"
"431-86-7","１，２－ジクロロ－１，１，３，３，３－ペンタフルオロプロパン","対象物","","","","","","","","","","要確認","","","","","","","","","NITE-CHRIP"
"431-89-0","１，１，１，２，３，３，３－ヘプタフルオロプロパン","対象物","","","","","","","","","","","","","","","","","","","NITE-CHRIP"
"446-35-5","２，４－ジフルオロ－１－ニトロベンゼン","対象物","","","","","","","","","","","","","","","","","","","NITE-CHRIP"
"446-86-6","６－［（１－メチル－４－ニトロ－１Ｈ－イミダゾール－５－イル）スルファニル］－９Ｈ－プリン","対象物","該当","該当","","","","","","","","","","","","","","","","","NITE-CHRIP"
"459-57-4","４－フルオロベンズアルデヒド","対象物","","","","","","","","","","","","","","","","","","","NITE-CHRIP"
"459-72-3","エチル＝２－フルオロアセタート","対象物","","","","該当","","","","","","","","","","","","","","","NITE-CHRIP"
"460-19-5","オキサロニトリル","対象物","","","該当","該当","","","","","","","","","","","","","","","NITE-CHRIP"
"463-51-4","ケテン","対象物","","","","","","","","","","","","","","","","","","","NITE-CHRIP"
"463-58-1","硫化カルボニル","対象物","","","","","","","","","","","","","","","","","","","NITE-CHRIP"
"463-82-1","２，２－ジメチルプロパン","対象物","","","","","","","","","","","","","","","","","","","NITE-CHRIP"
"464-06-2","２，２，３－トリメチルブタン","対象物","","","","","","","","","","","","","","","","","","","NITE-CHRIP"
"464-07-3","３，３－ジメチルブタン－２－オール","対象物","","","","該当","","","","","","","","","","","","","","","NITE-CHRIP"
"470-82-6","１，３，３－トリメチル－２－オキサビシクロ［２，２，２］オクタン","対象物","","","","","","","","","","","","","","","","","","","NITE-CHRIP"
"470-90-6","２－クロロ－１－（２，４－ジクロロフェニル）ビニル＝ジエチル＝ホスファート","対象物","該当","","","","","","","","","","","","","","","","","","NITE-CHRIP"
"471-25-0","プロピオール酸","対象物","","","","","","","","","","","","","","","","","","","NITE-CHRIP"
"479-18-5","７－（２，３－ジヒドロキシプロピル）－１，３－ジメチル－３，７－ジヒドロ－１Ｈ－プリン－２，６－ジオン","対象物","","","","","","","","","","","","","","","","","","","NITE-CHRIP"
"479-45-8","Ｎ－メチル－Ｎ，２，４，６－テトラニトロベンゼンアミン","対象物","該当","","","該当","","","","","","","","","","","","","","","NITE-CHRIP"
"484-20-8","４－メトキシ－７Ｈ－フロ［３，２－ｇ］クロメン－７－オン","対象物","","該当","","","","","","","","","","","","","","","","","NITE-CHRIP"
"485-31-4","２，４－ジニトロ－６－メチルプロピルフェノールジメチルアクリレート","対象物","","","","","","","","","","","","","","","","","","","NITE-CHRIP"
"494-03-1","Ｎ－（２－ナフチル）ビス（２－クロロエチル）アミン","対象物","","該当","","","","","","","","","","","","","","","","","NITE-CHRIP"
"494-52-0","２－（３－ピリジル）－ピペリジン","対象物","","","","","","","","","","","","","","","","","","","NITE-CHRIP"
"497-19-8","炭酸ナトリウム","対象物","該当","","","","","","","","","","","","","","","","","","NITE-CHRIP"
"501-53-1","ベンジル＝カルボノクロリダート","対象物","","","","","","","","","","","","","","","","","","","NITE-CHRIP"
"502-39-6","（３－シアノグアニジノ）（メチル）水銀","対象物","該当","","","","?","","","","","要確認","","","","","","","","","NITE-CHRIP"
"504-24-5","４－ピリジルアミン","対象物","","","","","","","","","","","","","","","","","","","NITE-CHRIP"
"504-29-0","２－アミノピリジン","対象物","該当","","","","","","","","","","","","","","","","","","NITE-CHRIP"
"504-60-9","ペンタ－１，３－ジエン","対象物","","","","該当","","","","","","","","","","","","","","","NITE-CHRIP"
"505-32-8","３，７，１１，１５－テトラメチルヘキサデカ－１－エン－３－オール","対象物","","","","","","","","","","","","","","","","","","","NITE-CHRIP"
"505-60-2","ビス（２－クロロエチル）スルフィド","対象物","該当","該当","","","","","","","","","","","","","","","","","NITE-CHRIP"
"506-61-6","ジシアノ銀酸カリウム","対象物","","","","","","","","","","要確認","","","","","","","","","NITE-CHRIP"
"506-64-9","シアン化銀","対象物","該当","","","","","","","","","要確認","","","","","","","","","NITE-CHRIP"
"506-77-4","塩化シアン","対象物","該当","","該当","","","","","","","要確認","","","","","","","","","NITE-CHRIP"
"506-78-5","ヨウ化シアン","対象物","","","","","","","","","","要確認","","","","","","","","","NITE-CHRIP"
"506-80-9","セレン化炭素","対象物","","","","","","","","","","要確認","","","","","","","","","NITE-CHRIP"
"506-82-1","ジメチルカドミウム","対象物","該当","","","","?","","","","","要確認","","","","","","","","","NITE-CHRIP"
"506-83-2","ブロミド（メチル）水銀","対象物","該当","","","","?","","","","","要確認","","","","","","","","","NITE-CHRIP"
"506-93-4","グアニジン＝モノニトラート","対象物","","","","該当","","","","","","","","","","","","","","","NITE-CHRIP"
"506-96-7","アセチルブロマイド","対象物","","","","","","","","","","","","","","","","","","","NITE-CHRIP"
"507-20-0","２－クロロ－２－メチルプロパン","対象物","","","","該当","","","","","","","","","","","","","","","NITE-CHRIP"
"507-28-8","テトラフェニルアルソニウム＝クロリド","対象物","該当","","","","?","","","","","","","","","","","","","","NITE-CHRIP"
"507-55-1","１，３－ジクロロ－１，１，２，２，３－ペンタフルオロプロパン","対象物","","","","","","","","","","要確認","","","","","","","","","NITE-CHRIP"
"507-70-0","ｒｅｌ－（１Ｒ，２Ｓ，４Ｒ）－ボルナン－２－オール","対象物","","","","","","","","","","","","","","","","","","","NITE-CHRIP"
"509-14-8","テトラニトロメタン","対象物","","該当","","該当","","","","","","","","","","","","","","","NITE-CHRIP"
"510-15-6","４，４’－ジクロロベンジル酸エチルエステル","対象物","","","","","","","","","","","","","","","","","","","NITE-CHRIP"
"512-56-1","リン酸トリメチル","対象物","","","","","","","","","","","","","","","","","","","NITE-CHRIP"
"513-35-9","２－メチル－２－ブテン","対象物","","","","該当","","","","","","","","","","","","","","","NITE-CHRIP"
"513-37-1","１－クロロ－２－メチルプロパ－１－エン","対象物","","該当","","該当","","","","","","","","","","","","","","","NITE-CHRIP"
"513-77-9","炭酸バリウム","対象物","","","","","","","","","","","","","","","","","","","NITE-CHRIP"
"513-78-0","炭酸カドミウム","対象物","該当","該当","","","?","","","","","要確認","","","","","","","","","NITE-CHRIP"
"513-79-1","炭酸コバルト（ＩＩ）","対象物","該当","","","","?","","","","","要確認","","","","","","","","","NITE-CHRIP"
"513-86-0","アセチルメチルカルビノール","対象物","","","","該当","","","","","","","","","","","","","","","NITE-CHRIP"
"519-44-8","２，４－ジニトロベンゼン－１，３－ジオール","対象物","","","","","","","","","","","","","","","","","","","NITE-CHRIP"
"520-10-5","３－［（２－アルソノフェニル）ジアゼニル］－４，５－ジヒドロキシナフタレン－２，７－ジスルホン酸","対象物","該当","","","","?","","","","","","","","","","","","","","NITE-CHRIP"
"520-45-6","３－アセト－６－メチル－２－ピロノン","対象物","","","","","","","","","","","","","","","","","","","NITE-CHRIP"
"526-73-8","１，２，３－トリメチルベンゼン","対象物","","","","該当","","","","","","要確認","","","","","","","","","NITE-CHRIP"
"526-75-0","２，３－ジメチルフェノール","対象物","該当","","","","","","","","","","","","","","","","","","NITE-CHRIP"
"527-60-6","２，４，６－トリメチルフェノール","対象物","","","","","","","","","","","","","","","","","","","NITE-CHRIP"
"528-29-0","１，２－ジニトロベンゼン","対象物","該当","","","","","","","","","","","","","","","","","","NITE-CHRIP"
"530-64-3","キノリン一塩酸塩","対象物","","該当","","","","","","","","","","","","","","","","","NITE-CHRIP"
"531-82-8","Ｎ－［４－（５－ニトロ－２－フリル）－１，３－チアゾール－２－イル］アセトアミド","対象物","","該当","","","","","","","","","","","","","","","","","NITE-CHRIP"
"532-03-6","３－（ｏ－メトキシフェノキシ）－１，２－プロパンジオール－１－カルバメート","対象物","","","","","","","","","","","","","","","","","","","NITE-CHRIP"
"532-27-4","２－クロロアセトフェノン","対象物","該当","","","","","","","","","","","","","","","","","","NITE-CHRIP"
"532-32-1","ナトリウム＝ベンゾアート","対象物","該当","","","","","","","","","","","","","","","","","","NITE-CHRIP"
"533-74-4","３，５－ジメチル－１，３，５－チアジアジナン－２－チオン","対象物","","","","","","","","","","要確認","","","","","","","","","NITE-CHRIP"
"533-96-0","セスキ炭酸ナトリウム","対象物","","","","","","","","","","","","","","","","","","","NITE-CHRIP"
"534-22-5","２－メチルフラン","対象物","","","","該当","","","","","","","","","","","","","","","NITE-CHRIP"
"534-52-1","４，６－ジニトロ－ｏ－クレゾール","対象物","該当","","","","","","","","","","","","","","","","","","NITE-CHRIP"
"536-90-3","ｍ－アニシジン","対象物","","","","","","","","","","要確認","","","","","","","","","NITE-CHRIP"
"538-75-0","Ｎ，Ｎ’－ジシクロヘキシルカルボジイミド","対象物","該当","","","","","","","","","","","","","","","","","","NITE-CHRIP"
"538-93-2","イソブチルベンゼン","対象物","","","","該当","","","","","","","","","","","","","","","NITE-CHRIP"
"539-74-2","エチル＝３－ブロモプロパノアート","対象物","","","","","","","","","","","","","","","","","","","NITE-CHRIP"
"540-54-5","モノクロロプロパン","対象物","","","","該当","","","","","","","","","","","","","","","NITE-CHRIP"
"540-72-7","チオシアン酸ナトリウム","対象物","","","","","","","","","","","","","","","","","","","NITE-CHRIP"
"540-73-8","１，２－ジメチルヒドラジン","対象物","該当","該当","","該当","","","","","","","","","","","","","","","NITE-CHRIP"
"540-80-7","ｔｅｒｔ－ブチル＝ニトリット","対象物","","","","該当","","","","","","","","","","","","","","","NITE-CHRIP"
"540-84-1","２，２，４－トリメチルペンタン","対象物","","","","","","","","","","","","","","","","","","","NITE-CHRIP"
"540-88-5","酢酸ｔｅｒｔ－ブチル","対象物","","","該当","","","","","","","","","","","","","","","","NITE-CHRIP"
"541-02-6","２，２，４，４，６，６，８，８，１０，１０－デカメチルシクロペンタシロキサン","対象物","","","","","","","","","","","","","","","","","","","NITE-CHRIP"
"541-09-3","（Ｔ－４）－ビス（アセタト－κＯ）（ジオキソ）ウラン","対象物","","該当","","","","","","","","","","","","","","","","","NITE-CHRIP"
"541-41-3","クロロギ酸エチル","対象物","該当","","","該当","","","","","","","","","","","","","","","NITE-CHRIP"
"541-42-4","イソプロピル＝ニトリット","対象物","該当","","","該当","","","","","","","","","","","","","","","NITE-CHRIP"
"541-43-5","ギ酸バリウム","対象物","","","","","","","","","","","","","","","","","","","NITE-CHRIP"
"541-69-5","１，３－フェニレンジアミン＝二塩酸塩","対象物","該当","","","","","","","","","","","","","","","","","","NITE-CHRIP"
"541-73-1","ｍ－ジクロロベンゼン","対象物","","","該当","該当","","","","","","要確認","","","","","","","","","NITE-CHRIP"
"541-85-5","５－メチルヘプタン－３－オン","対象物","","","該当","該当","","","","","","","","","","","","","","","NITE-CHRIP"
"542-18-7","クロロシクロヘキサン","対象物","","","","該当","","","","","","要確認","","","","","","","","","NITE-CHRIP"
"542-55-2","ぎ酸イソブチル","対象物","","","","該当","","","","","","","","","","","","","","","NITE-CHRIP"
"542-56-3","イソブチル＝ニトリット","対象物","","","","","","","","","","","","","","","","","","","NITE-CHRIP"
"542-75-6","１，３－ジクロロプロパ－１－エン","対象物","該当","","該当","","","","","","","要確認","","","","","","","","","NITE-CHRIP"
"542-76-7","β－クロロプロピオニトリル","対象物","","","","","","","","","","","","","","","","","","","NITE-CHRIP"
"542-83-6","シアン化カドミウム（ＩＩ）","対象物","該当","該当","","","?","","","","","要確認","","","","","","","","","NITE-CHRIP"
"542-84-7","シアン化コバルト（ＩＩ）","対象物","該当","","","","?","","","","","要確認","","","","","","","","","NITE-CHRIP"
"542-92-7","１，３－シクロペンタジエン","対象物","該当","","","該当","","","","","","","","","","","","","","","NITE-CHRIP"
"543-21-5","アセチレンジカルボン酸アミド","対象物","","","","","","","","","","","","","","","","","","","NITE-CHRIP"
"543-27-1","クロロ炭酸イソブチルエステル","対象物","","","","該当","","","","","","","","","","","","","","","NITE-CHRIP"
"543-59-9","１－クロロペンタン","対象物","","","","該当","","","","","","","","","","","","","","","NITE-CHRIP"
"543-80-6","バリウム＝ジアセタート","対象物","","","","","","","","","","","","","","","","","","","NITE-CHRIP"
"543-90-8","酢酸カドミウム（ＩＩ）","対象物","該当","該当","","","?","","","","","要確認","","","","","","","","","NITE-CHRIP"
"544-01-4","１－（イソペンチルオキシ）－３－メチルブタン","対象物","","","","該当","","","","","","","","","","","","","","","NITE-CHRIP"
"544-16-1","亜硝酸ｎ－ブチル","対象物","","","","該当","","","","","","","","","","","","","","","NITE-CHRIP"
"544-18-3","ギ酸コバルト（ＩＩ）","対象物","該当","","","","","","","","","要確認","","","","","","","","","NITE-CHRIP"
"544-19-4","銅（２＋）＝ジホルマート","対象物","","","","","","","","","","要確認","","","","","","","","","NITE-CHRIP"
"544-92-3","シアン化銅（Ｉ）","対象物","該当","","","","","","","","","要確認","","","","","","","","","NITE-CHRIP"
"544-97-8","ジメチル亜鉛","対象物","該当","","","該当","","","","","","","","","","","","","","","NITE-CHRIP"
"545-06-2","トリクロロエタンニトリル","対象物","","","","","","","","","","","","","","","","","","","NITE-CHRIP"
"546-67-8","酢酸鉛（ＩＶ）","対象物","","","","","","","","","","要確認","","","","","","","","","NITE-CHRIP"
"546-68-9","テトライソプロポキシチタン","対象物","","","","該当","","","","","","","","","","","","","","","NITE-CHRIP"
"547-64-8","乳酸メチル","対象物","","","","該当","","","","","","","","","","","","","","","NITE-CHRIP"
"547-67-1","シュウ酸ニッケル（ＩＩ）","対象物","該当","","","","?","","","","","要確認","","","","","","","","","NITE-CHRIP"
"548-62-9","ジメチル（４－｛ビス［４－（ジメチルアミノ）フェニル］メチリデン｝シクロヘキサ－２，５－ジエン－１－イリデン）アンモニウム＝クロリド","対象物","","該当","","","","","","","","","","","","","","","","","NITE-CHRIP"
"552-30-7","１，３－ジオキソ－１，３－ジヒドロイソベンゾフラン－５－カルボン酸","対象物","該当","","該当","","","","","","","要確認","","","","","","","","","NITE-CHRIP"
"552-45-4","２－（クロロメチル）トルエン","対象物","","","","","","","","","","","","","","","","","","","NITE-CHRIP"
"553-26-4","４，４’－ビピリジル","対象物","","","","","","","","","","","","","","","","","","","NITE-CHRIP"
"554-00-7","２，４－ジクロロアニリン","対象物","","","","","","","","","","要確認","","","","","","","","","NITE-CHRIP"
"554-13-2","炭酸リチウム","対象物","","","","","","","","","","要確認","","","","","","","","","NITE-CHRIP"
"554-84-7","ｍ－ニトロフェノール","対象物","","","","","","","","","","","","","","","","","","","NITE-CHRIP"
"555-34-0","鉄（３＋）＝三ナトリウム＝トリオキサラート","対象物","","","","","","","","","","","","","","","","","","","NITE-CHRIP"
"555-84-0","１－｛［（５－ニトロ－２－フリル）メチリデン］アミノ｝イミダゾリジン－２－オン","対象物","","","","","","","","","","","","","","","","","","","NITE-CHRIP"
"556-28-5","炭酸イットリウム（ＩＩＩ）","対象物","","","","","","","","","","","","","","","","","","","NITE-CHRIP"
"556-52-5","オキシラン－２－イルメタノール","対象物","該当","該当","該当","","","","","","","要確認","","","","","","","","","NITE-CHRIP"
"556-61-6","イソチオシアナトメタン","対象物","該当","","","","","","","","","要確認","","","","","","","","","NITE-CHRIP"
"556-67-2","２，２，４，４，６，６，８，８－オクタメチルシクロテトラシロキサン","対象物","","","","該当","","","","","","要確認","","","","","","","","","NITE-CHRIP"
"556-82-1","３－メチル－２－ブテノール","対象物","該当","","","該当","","","","","","","","","","","","","","","NITE-CHRIP"
"556-88-7","ニトログアニジン","対象物","","","","","","","","","","","","","","","","","","","NITE-CHRIP"
"557-04-0","ステアリン酸マグネシウム（ＩＩ）","対象物","","","","","","","","","","","","","","","","","","","NITE-CHRIP"
"557-19-7","シアン化ニッケル（ＩＩ）","対象物","該当","","","","?","","","","","要確認","","","","","","","","","NITE-CHRIP"
"557-21-1","シアン化亜鉛（ＩＩ）","対象物","","","","","","","","","","要確認","","","","","","","","","NITE-CHRIP"
"558-13-4","テトラブロモメタン","対象物","該当","","","","","","","","","","","","","","","","","","NITE-CHRIP"
"558-25-8","メタンスルホニル＝フルオリド","対象物","該当","","","","","","","","","","","","","","","","","","NITE-CHRIP"
"560-21-4","２，３，３－トリメチルペンタン","対象物","","","","","","","","","","","","","","","","","","","NITE-CHRIP"
"562-49-2","３，３－ジメチルペンタン","対象物","","","","","","","","","","","","","","","","","","","NITE-CHRIP"
"562-81-2","バリウム＝（ＳＰ－４－１）－テトラシアニドプラチナート（２－）","対象物","該当","","","","","","","","","","","","","","","","","","NITE-CHRIP"
"563-12-2","ビス（ジチオリン酸）Ｓ，Ｓ’－メチレン－Ｏ，Ｏ，Ｏ’，Ｏ’－テトラエチル","対象物","該当","","該当","","","","","","","","","","","","","","","","NITE-CHRIP"
"563-16-6","３，３－ジメチルヘキサン","対象物","","","","","","","","","","","","","","","","","","","NITE-CHRIP"
"563-25-7","ジブチル（ジフルオロ）スタンナン","対象物","","","","","","","","","","要確認","","","","","","","","","NITE-CHRIP"
"563-41-7","セミカルバジド一塩酸塩","対象物","","","","","","","","","","","","","","","","","","","NITE-CHRIP"
"563-47-3","３－クロロ－２－メチルプロパ－１－エン","対象物","該当","","","該当","","","","","","要確認","","","","","","","","","NITE-CHRIP"
"563-63-3","酢酸銀（Ｉ）","対象物","","","","","","","","","","要確認","","","","","","","","","NITE-CHRIP"
"563-68-8","酢酸タリウム（Ｉ）","対象物","","","","","","","","","","要確認","","","","","","","","","NITE-CHRIP"
"563-80-4","３－メチルブタン－２－オン","対象物","","","","該当","","","","","","","","","","","","","","","NITE-CHRIP"
"564-02-3","２，２，３－トリメチルペンタン","対象物","","","","","","","","","","","","","","","","","","","NITE-CHRIP"
"565-59-3","２，３－ジメチルペンタン","対象物","","","","","","","","","","","","","","","","","","","NITE-CHRIP"
"565-75-3","２，３，４－トリメチルペンタン","対象物","","","","","","","","","","","","","","","","","","","NITE-CHRIP"
"569-61-9","４，４’－（４－イミノシクロヘキサ－２，５－ジエニリデンメチレン）ジアニリン塩酸塩","対象物","","","","","","","","","","","","","","","","","","","NITE-CHRIP"
"569-64-2","（４－｛［４－（ジメチルアミノ）フェニル］（フェニル）メチリデン｝シクロヘキサ－２，５－ジエン－１－イリデン）（ジメチル）アンモニウム＝クロリド","対象物","該当","","","","","","","","","","","","","","","","","","NITE-CHRIP"
"573-56-8","２，６－ジニトロフェノール","対象物","","","","該当","","","","","","","","","","","","","","","NITE-CHRIP"
"573-58-0","二ナトリウム＝３，３’－（ビフェニル－４，４’－ジイルジジアゼン－２，１－ジイル）ビス（４－アミノナフタレン－１－スルホナート）","対象物","","","","","","","","","","","","","","","","","","","NITE-CHRIP"
"576-26-1","２，６－ジメチルフェノール","対象物","該当","","","","","","","","","要確認","","","","","","","","","NITE-CHRIP"
"577-11-7","ナトリウム＝１，４－ビス［（２－エチルヘキシル）オキシ］－１，４－ジオキソブタン－２－スルホナート","対象物","","","","","","","","","","","","","","","","","","","NITE-CHRIP"
"578-94-9","１０－クロロ－５，１０－ジヒドロフェナルサジニン","対象物","該当","","","","?","","","","","","","","","","","","","","NITE-CHRIP"
"579-66-8","２，６－ジエチルベンゼンアミン","対象物","","","","","","","","","","","","","","","","","","","NITE-CHRIP"
"581-89-5","２－ニトロナフタレン","対象物","","","","","","","","","","","","","","","","","","","NITE-CHRIP"
"583-48-2","３，４－ジメチルヘキサン","対象物","","","","","","","","","","","","","","","","","","","NITE-CHRIP"
"583-52-8","二カリウム＝オキサラート","対象物","","","","","","","","","","","","","","","","","","","NITE-CHRIP"
"583-59-5","２－メチルシクロヘキサノール","対象物","","","","該当","","","?","","","","","","","","","","","","NITE-CHRIP"
"583-60-8","２－メチルシクロヘキサノン","対象物","該当","","","該当","","","?","","","","","","","","","","","","NITE-CHRIP"
"583-78-8","２，５－ジクロロフェノール","対象物","","","","","","","","","","","","","","","","","","","NITE-CHRIP"
"583-91-5","２－ヒドロキシ－４－メチルチオ酪酸","対象物","該当","","","","","","","","","","","","","","","","","","NITE-CHRIP"
"584-08-7","炭酸二カリウム","対象物","該当","","","","","","","","","","","","","","","","","","NITE-CHRIP"
"584-79-2","ＤＬ－３－アリル－２－メチルシクロペンタ－２－エン－４－オン－１－イル－ＤＬ－シス，トランス－クリサンテメート　［別名：２－メチル－４－オキソ－３－（２－プロペニル）－２－シクロペンテン－１－イル＝２，２－ジメチル－３－（２－メチル－１－プロペニル）シクロプロパンカルボキシラート（ｃｉｓ，ｔｒａｎｓ　異性体混合物）］","対象物","該当","","","","","","","","","","","","","","","","","","NITE-CHRIP"
"584-94-1","２，３－ジメチルヘキサン","対象物","","","","","","","","","","","","","","","","","","","NITE-CHRIP"
"585-07-9","メタクリル酸ｔｅｒｔ－ブチル","対象物","","","","該当","","","","","","","","","","","","","","","NITE-CHRIP"
"586-62-9","１，４－テルピノレン","対象物","","","","該当","","","","","","","","","","","","","","","NITE-CHRIP"
"589-34-4","３－メチルヘキサン","対象物","","","","","","","","","","","","","","","","","","","NITE-CHRIP"
"589-43-5","２，４－ジメチルヘキサン","対象物","","","","","","","","","","","","","","","","","","","NITE-CHRIP"
"589-53-7","４－メチルヘプタン","対象物","","","","","","","","","","","","","","","","","","","NITE-CHRIP"
"589-81-1","３－メチルヘプタン","対象物","","","","","","","","","","","","","","","","","","","NITE-CHRIP"
"589-92-4","４－メチルシクロヘキサノン","対象物","","","","","","","","","","","","","","","","","","","NITE-CHRIP"
"590-01-2","プロピオン酸ノルマルブチル","対象物","","","","該当","","","","","","","","","","","","","","","NITE-CHRIP"
"590-18-1","（Ｚ）－ブタ－２－エン","対象物","","","","該当","","","","","","","","","","","","","","","NITE-CHRIP"
"590-28-3","シアン酸カリウム","対象物","","","","","","","","","","","","","","","","","","","NITE-CHRIP"
"590-35-2","２，２－ジメチルペンタン","対象物","","","","","","","","","","","","","","","","","","","NITE-CHRIP"
"590-73-8","２，２－ジメチルヘキサン","対象物","","","","","","","","","","","","","","","","","","","NITE-CHRIP"
"590-86-3","３－メチルブタナール","対象物","","","","該当","","","","","","","","","","","","","","","NITE-CHRIP"
"591-12-8","５－メチルフラン－２（３Ｈ）－オン","対象物","","","","","","","","","","","","","","","","","","","NITE-CHRIP"
"591-24-2","３－メチルシクロヘキサノン","対象物","","","","","","","","","","","","","","","","","","","NITE-CHRIP"
"591-27-5","ｍ－アミノフェノール","対象物","該当","","","","","","","","","","","","","","","","","","NITE-CHRIP"
"591-60-6","アセト酢酸ｎ－ブチルエステル","対象物","","","","","","","","","","","","","","","","","","","NITE-CHRIP"
"591-76-4","２－メチルヘキサン","対象物","","","","","","","","","","","","","","","","","","","NITE-CHRIP"
"591-87-7","アリル＝アセタート","対象物","","","","該当","","","","","","","","","","","","","","","NITE-CHRIP"
"591-89-9","テトラシアノ水銀酸二カリウム","対象物","該当","","","","?","","","","","要確認","","","","","","","","","NITE-CHRIP"
"592-01-8","シアン化カルシウム（ＩＩ）","対象物","該当","","","","","","","","","要確認","","","","","","","","","NITE-CHRIP"
"592-02-9","ジエチルカドミウム","対象物","該当","","","","?","","","","","要確認","","","","","","","","","NITE-CHRIP"
"592-04-1","シアン化水銀（ＩＩ）","対象物","該当","","","","?","","","","","要確認","","","","","","","","","NITE-CHRIP"
"592-05-2","λ（２）－プルンバンジカルボニトリル","対象物","","該当","","","","","","","","要確認","","","","","","","","","NITE-CHRIP"
"592-13-2","２，５－ジメチルヘキサン","対象物","","","","","","","","","","","","","","","","","","","NITE-CHRIP"
"592-27-8","２－メチルヘプタン","対象物","","","","該当","","","","","","","","","","","","","","","NITE-CHRIP"
"592-41-6","１－ヘキセン","対象物","","","","該当","","","","","","要確認","","","","","","","","","NITE-CHRIP"
"592-62-1","（メチル－ＯＮＮ－アゾキシ）メチル＝アセタート","対象物","","該当","","","","","","","","","","","","","","","","","NITE-CHRIP"
"592-85-8","チオシアン酸水銀（ＩＩ）","対象物","該当","","","","?","","","","","要確認","","","","","","","","","NITE-CHRIP"
"592-87-0","チオシアン酸鉛（ＩＩ）","対象物","","","","","","","","","","要確認","","","","","","","","","NITE-CHRIP"
"593-53-3","フルオロメタン","対象物","","","","","","","","","","","","","","","","","","","NITE-CHRIP"
"593-60-2","ブロモエチレン","対象物","","該当","","該当","","","","","","","","","","","","","","","NITE-CHRIP"
"593-74-8","ジメチル水銀","対象物","該当","","","該当","?","","","","","要確認","","","","","","","","","NITE-CHRIP"
"593-79-3","ジメチルセラン","対象物","","","","","","","","","","要確認","","","","","","","","","NITE-CHRIP"
"593-80-6","Dimethyl telluride","対象物","","","","","","","","","","要確認","","","","","","","","","NITE-CHRIP"
"593-85-1","炭酸とグアニジンの化合物（１：２）","対象物","","","","","","","","","","","","","","","","","","","NITE-CHRIP"
"593-88-4","トリメチルヒ素","対象物","該当","","","","?","","","","","","","","","","","","","","NITE-CHRIP"
"593-89-5","ジクロロ（メチル）アルサン","対象物","該当","","","","?","","","","","","","","","","","","","","NITE-CHRIP"
"594-10-5","トリメチルアンチモン","対象物","","","","","","","","","","要確認","","","","","","","","","NITE-CHRIP"
"594-27-4","テトラメチルスズ","対象物","該当","","","該当","","","","","","要確認","","","","","","","","","NITE-CHRIP"
"594-31-0","ジクロロ（トリフェニル）－λ（５）－スチバン","対象物","","","","","","","","","","要確認","","","","","","","","","NITE-CHRIP"
"594-42-3","トリクロロメチルスルフェニル＝クロリド","対象物","該当","","","","","","","","","","","","","","","","","","NITE-CHRIP"
"594-72-9","１，１－ジクロロ－１－ニトロエタン","対象物","","","","","","","","","","","","","","","","","","","NITE-CHRIP"
"594-82-1","２，２，３，３－テトラメチルブタン","対象物","","","","","","","","","","","","","","","","","","","NITE-CHRIP"
"595-90-4","テトラフェニルスズ","対象物","","","","","","","","","","要確認","","","","","","","","","NITE-CHRIP"
"597-64-8","テトラエチルスタンナン","対象物","","","","","","","","","","要確認","","","","","","","","","NITE-CHRIP"
"597-82-0","トリフェニルホスホロチオエート","対象物","","","","","","","","","","","","","","","","","","","NITE-CHRIP"
"598-14-1","ジクロロ（エチル）アルサン","対象物","該当","","","","?","","","","","","","","","","","","","","NITE-CHRIP"
"598-31-2","ブロムアセトン","対象物","","","","該当","","","","","","","","","","","","","","","NITE-CHRIP"
"598-54-9","銅（１＋）＝アセタート","対象物","","","","","","","","","","","","","","","","","","","NITE-CHRIP"
"598-56-1","Ｎ，Ｎ－ジメチルエチルアミン","対象物","該当","","","該当","","","","","","","","","","","","","","","NITE-CHRIP"
"598-62-9","炭酸マンガン（ＩＩ）","対象物","該当","","","","?","","","","","要確認","","","","","","","","","NITE-CHRIP"
"598-63-0","炭酸鉛（ＩＩ）","対象物","","該当","","","","","","","","要確認","","","","","","","","","NITE-CHRIP"
"598-78-7","２－クロロプロピオン酸","対象物","該当","","","","","","","","","","","","","","","","","","NITE-CHRIP"
"598-82-3","乳酸","対象物","該当","","","","","","","","","","","","","","","","","","NITE-CHRIP"
"599-64-4","４－（１－メチル－１－フェニルエチル）フェノール［別名：２－フェニル－２－（４－ヒドロキシフェニル）プロパン］","対象物","","","","","","","","","","","","","","","","","","","NITE-CHRIP"
"600-25-9","１－クロロ－１－ニトロプロパン","対象物","","","","","","","","","","","","","","","","","","","NITE-CHRIP"
"602-01-7","２，３－ジニトロトルエン","対象物","","","","","","","","","","要確認","","","","","","","","","NITE-CHRIP"
"602-29-9","２，３，４－トリニトロトルエン","対象物","","","","該当","","","","","","","","","","","","","","","NITE-CHRIP"
"602-87-9","５－ニトロアセナフテン","対象物","","","","","","","","","","","","","","","","","","","NITE-CHRIP"
"603-13-4","１，２，３－トリニトロベンゼン","対象物","","","","該当","","","","","","","","","","","","","","","NITE-CHRIP"
"603-15-6","３，４，５－トリニトロトルエン","対象物","","","","該当","","","","","","","","","","","","","","","NITE-CHRIP"
"603-32-7","トリフェニルアルサン","対象物","該当","","","","?","","","","","","","","","","","","","","NITE-CHRIP"
"603-35-0","トリフェニルホスフィン","対象物","該当","","","","","","","","","","","","","","","","","","NITE-CHRIP"
"603-36-1","トリフェニルアンチモン","対象物","","","","","","","","","","要確認","","","","","","","","","NITE-CHRIP"
"606-20-2","２，６－ジニトロトルエン","対象物","","該当","","","","","","","","要確認","","","","","","","","","NITE-CHRIP"
"606-35-9","２－メトキシ－１，３，５－トリニトロベンゼン","対象物","","","","","","","","","","","","","","","","","","","NITE-CHRIP"
"607-57-8","２－ニトロ－９Ｈ－フルオレン","対象物","","","","","","","","","","","","","","","","","","","NITE-CHRIP"
"608-71-9","ペンタブロモフェノール","対象物","","","","","","","","","","","","","","","","","","","NITE-CHRIP"
"608-73-1","１，２，３，４，５，６－ヘキサクロロシクロヘキサン","対象物","","","","","","","","","","","","","","","","","","","NITE-CHRIP"
"608-93-5","１，２，３，４，５－ペンタクロロベンゼン","対象物","","","","","","","","","","","","","第一種特定","","","","","","NITE-CHRIP"
"609-26-7","３－エチル－２－メチルペンタン","対象物","","","","","","","","","","","","","","","","","","","NITE-CHRIP"
"609-74-5","２，３，５－トリニトロトルエン","対象物","","","","該当","","","","","","","","","","","","","","","NITE-CHRIP"
"609-89-2","２，４－ジクロル－６－ニトロフェノール","対象物","","","","","","","","","","","","","","","","","","","NITE-CHRIP"
"610-25-3","２，４，５－トリニトロトルエン","対象物","","","","該当","","","","","","","","","","","","","","","NITE-CHRIP"
"610-31-1","１，２，４－トリニトロベンゼン","対象物","","","","該当","","","","","","","","","","","","","","","NITE-CHRIP"
"610-39-9","３，４－ジニトロトルエン","対象物","","","","","","","","","","要確認","","","","","","","","","NITE-CHRIP"
"611-06-3","２，４－ジクロロ－１－ニトロベンゼン","対象物","該当","該当","","","","","","","","","","","","","","","","","NITE-CHRIP"
"611-19-8","１－クロロ－２－（クロロメチル）ベンゼン","対象物","","","","","","","","","","","","","","","","","","","NITE-CHRIP"
"612-82-8","３，３’－ジメチルベンジジン二塩酸塩","対象物","","","","","?","","","","","","","","","","","","","","NITE-CHRIP"
"612-83-9","Ｎ，Ｎ’－（３，３’－ジクロロビフェニル－４，４’－ジイル）ジアンモニウム＝ジクロリド","対象物","該当","","","","?","","","","","","","","","","","","","","NITE-CHRIP"
"613-35-4","Ｎ，Ｎ’－ジアセチルベンジジン","対象物","","該当","","","","","","","","","","","","","","","","","NITE-CHRIP"
"614-45-9","ｔｅｒｔ－ブチル＝ペルオキシ安息香酸","対象物","該当","","","該当","","","","","","","","","","","","","","","NITE-CHRIP"
"614-90-4","１，４－ジイソシアナト－２－メチルベンゼン","対象物","該当","","","","?","","","","","要確認","","","","","","","","","NITE-CHRIP"
"615-05-4","４－メトキシ－１，３－フェニレンジアミン","対象物","該当","該当","","","","","","","","","","","","","","","","","NITE-CHRIP"
"615-28-1","ベンゼン－１，２－ジアミン二塩酸塩","対象物","該当","該当","","","","","","","","","","","","","","","","","NITE-CHRIP"
"615-53-2","Ｎ－メチル－Ｎ－ニトロソカルバミン酸エチル","対象物","","","","","","","","","","","","","","","","","","","NITE-CHRIP"
"615-58-7","２，４－ジブロモフェノール","対象物","","","","","","","","","","","","","","","","","","","NITE-CHRIP"
"616-23-9","２，３－ジクロロ－１－プロパノール","対象物","","","","","","","","","","","","","","","","","","","NITE-CHRIP"
"616-38-6","炭酸ジメチル","対象物","","","","該当","","","","","","","","","","","","","","","NITE-CHRIP"
"616-45-5","２－ピロリドン","対象物","","","","","","","","","","","","","","","","","","","NITE-CHRIP"
"616-74-0","４，６－ジニトロベンゼン－１，３－ジオール","対象物","","","","","","","","","","","","","","","","","","","NITE-CHRIP"
"617-75-4","トリエチルアルサン","対象物","該当","","","","?","","","","","","","","","","","","","","NITE-CHRIP"
"617-78-7","３－エチルペンタン","対象物","","","","","","","","","","","","","","","","","","","NITE-CHRIP"
"617-85-6","トリエチルスチバン","対象物","","","","","","","","","","要確認","","","","","","","","","NITE-CHRIP"
"617-94-7","２－フェニル－２－プロパノール","対象物","","","","","","","","","","","","","","","","","","","NITE-CHRIP"
"618-25-7","｛４－［（カルバモイルメチル）アミノ］フェニル｝アルソン酸","対象物","該当","","","","?","","","","","","","","","","","","","","NITE-CHRIP"
"618-85-9","３，５－ジニトロトルエン","対象物","","","","","","","","","","要確認","","","","","","","","","NITE-CHRIP"
"619-15-8","２，５－ジニトロトルエン","対象物","","","","","","","","","","要確認","","","","","","","","","NITE-CHRIP"
"619-99-8","３－エチルヘキサン","対象物","","","","","","","","","","","","","","","","","","","NITE-CHRIP"
"620-11-1","酢酸アミル","対象物","","","","","","","","","","","","","","","","","","","NITE-CHRIP"
"620-17-7","ｍ－エチルフェノール","対象物","","","","","","","","","","","","","","","","","","","NITE-CHRIP"
"621-64-7","Ｎ－ニトロソジプロピルアミン","対象物","","該当","","","","","","","","","","","","","","","","","NITE-CHRIP"
"622-08-2","２－（ベンジルオキシ）エタノール","対象物","該当","","","","","","","","","","","","","","","","","","NITE-CHRIP"
"622-24-2","（２－クロロエチル）ベンゼン","対象物","","","","該当","","","","","","","","","","","","","","","NITE-CHRIP"
"622-45-7","シクロヘキシル＝アセタート","対象物","","","","該当","","","","","","","","","","","","","","","NITE-CHRIP"
"623-42-7","ブタン酸メチル","対象物","","","","該当","","","","","","","","","","","","","","","NITE-CHRIP"
"623-46-1","１，２－ジクロロ－１－エトキシエタン","対象物","","","","該当","","","","","","","","","","","","","","","NITE-CHRIP"
"623-91-6","フマル酸ジエチル","対象物","","","","","","","","","","","","","","","","","","","NITE-CHRIP"
"624-18-0","ベンゼン－１，４－ジアミン二塩酸塩","対象物","該当","","","","","","","","","","","","","","","","","","NITE-CHRIP"
"624-31-7","４－ヨードトルエン","対象物","","","","","","","","","","","","","","","","","","","NITE-CHRIP"
"624-41-9","酢酸２－メチルブチル","対象物","","","","","","","","","","","","","","","","","","","NITE-CHRIP"
"624-48-6","マレイン酸ジメチル","対象物","該当","","","","","","","","","","","","","","","","","","NITE-CHRIP"
"624-54-4","プロピオン酸ノルマルペンチル","対象物","","","","該当","","","","","","","","","","","","","","","NITE-CHRIP"
"624-64-6","（Ｅ）－ブタ－２－エン","対象物","","","","該当","","","","","","","","","","","","","","","NITE-CHRIP"
"624-83-9","イソシアン酸メチル","対象物","該当","","該当","該当","","","","","","","","","","","","","","","NITE-CHRIP"
"624-91-9","亜硝酸メチル","対象物","","","","","","","","","","","","","","","","","","","NITE-CHRIP"
"624-92-0","１，２－ジメチルジスルファン","対象物","該当","","","該当","","","","","","要確認","","","","","","","","","NITE-CHRIP"
"625-16-1","ｔｅｒｔ－ペンチル＝アセタート","対象物","","","","","","","","","","","","","","","","","","","NITE-CHRIP"
"625-45-6","２－メトキシ酢酸","対象物","該当","","","","","","","","","","","","","","","","","","NITE-CHRIP"
"626-17-5","１，３－ジシアノベンゼン［別名：イソフタロニトリル］","対象物","","","","","","","","","","","","","","","","","","","NITE-CHRIP"
"626-38-0","ペンタン－２－イル＝アセタート","対象物","該当","","","","","","","","","","","","","","","","","","NITE-CHRIP"
"626-43-7","３，５－ジクロロアニリン","対象物","","","","","","","","","","要確認","","","","","","","","","NITE-CHRIP"
"626-67-5","Ｎ－メチルピペリジン","対象物","該当","","","該当","","","","","","","","","","","","","","","NITE-CHRIP"
"627-13-4","硝酸ｎ－プロピル","対象物","","","","該当","","","","","","","","","","","","","","","NITE-CHRIP"
"627-44-1","ジエチル水銀","対象物","該当","","","","?","","","","","要確認","","","","","","","","","NITE-CHRIP"
"627-53-2","ジエチルセラン","対象物","","","","","","","","","","要確認","","","","","","","","","NITE-CHRIP"
"627-54-3","1,1'-tellurobisethane","対象物","","","","","","","","","","要確認","","","","","","","","","NITE-CHRIP"
"628-39-7","ジエチルジセラン","対象物","","","","","","","","","","要確認","","","","","","","","","NITE-CHRIP"
"628-76-2","１，５－ジクロロペンタン","対象物","","","","該当","","","","","","","","","","","","","","","NITE-CHRIP"
"628-86-4","ビス［（オキシド－λ（５）－アザニリジン）メチル］水銀","対象物","該当","","","","?","","","","","要確認","","","","","","","","","NITE-CHRIP"
"629-14-1","１，２－ジエトキシエタン","対象物","","","","該当","","","","","","","","","","","","","","","NITE-CHRIP"
"629-35-6","ジブチル水銀","対象物","","","","","","","","","","要確認","","","","","","","","","NITE-CHRIP"
"630-10-4","セレノ尿素","対象物","","","","","","","","","","要確認","","","","","","","","","NITE-CHRIP"
"630-20-6","テトラクロロエタン","対象物","","","","","","","","","","","","","","","","","","","NITE-CHRIP"
"631-60-7","酢酸水銀（Ｉ）","対象物","該当","","","","","","","","","要確認","","","","","","","","","NITE-CHRIP"
"632-22-4","テトラメチル尿素","対象物","","","","","","","","","","","","","","","","","","","NITE-CHRIP"
"633-65-8","９，１０－ジメトキシ－５，６－ジヒドロ［１，３］ジオキソロ［４，５－ｇ］イソキノリノ［３，２－ａ］イソキノリン－７－イウム＝クロリド","対象物","","","","","","","","","","","","","","","","","","","NITE-CHRIP"
"634-66-2","１，２，３，４－テトラクロロベンゼン","対象物","","","","","","","","","","","","","","","","","","","NITE-CHRIP"
"637-92-3","２－エトキシ－２－メチルプロパン","対象物","","","","該当","","","","","","","","","","","","","","","NITE-CHRIP"
"638-11-9","酪酸イソプロピル","対象物","","","","該当","","","","","","","","","","","","","","","NITE-CHRIP"
"638-21-1","フェニルホスフィン","対象物","","","","","","","","","","","","","","","","","","","NITE-CHRIP"
"638-38-0","酢酸マンガン（ＩＩ）","対象物","該当","","","","?","","","","","要確認","","","","","","","","","NITE-CHRIP"
"638-39-1","酢酸スズ（ＩＩ）","対象物","","","","","","","","","","","","","","","","","","","NITE-CHRIP"
"638-49-3","ぎ酸アミル","対象物","","","","該当","","","","","","","","","","","","","","","NITE-CHRIP"
"639-58-7","クロロ（トリフェニル）スタンナン","対象物","","","該当","","","","","","","要確認","","","","","","","","","NITE-CHRIP"
"640-15-3","ジチオりん酸Ｓ－２－（エチルチオ）エチル－Ｏ，Ｏ－ジメチル","対象物","該当","","","","","","","","","","","","","","","","","","NITE-CHRIP"
"640-19-7","モノフルオール酢酸アミド","対象物","","","","","","","","","","","","","","","","","","","NITE-CHRIP"
"640-67-5","シュウ酸マンガン（ＩＩ）","対象物","該当","","","","?","","","","","要確認","","","","","","","","","NITE-CHRIP"
"643-79-8","フタルアルデヒド","対象物","該当","","","","","","","","","","","","","","","","","","NITE-CHRIP"
"644-97-3","ジクロロ（フェニル）ホスファン","対象物","該当","","","","","","","","","","","","","","","","","","NITE-CHRIP"
"645-96-5","ベンゼンセレノール","対象物","","","","","","","","","","要確認","","","","","","","","","NITE-CHRIP"
"646-06-0","１，３－ジオキソラン","対象物","該当","","","該当","","","","","","","","","","","","","","","NITE-CHRIP"
"650-51-1","ナトリウム＝２，２，２－トリクロロアセタート","対象物","","","","","","","","","","","","","","","","","","","NITE-CHRIP"
"659-70-1","イソ吉草酸イソアミル","対象物","","","","","","","","","","","","","","","","","","","NITE-CHRIP"
"661-69-8","ヘキサメチルジスタンナン","対象物","","","","","","","","","","要確認","","","","","","","","","NITE-CHRIP"
"668-34-8","トリフェニルスタンニリウム","対象物","","","","","","","","","","要確認","","","","","","","","","NITE-CHRIP"
"671-04-5","２－クロル－４，５－ジメチルフェニル－Ｎ－メチルカルバメート","対象物","","","","","","","","","","","","","","","","","","","NITE-CHRIP"
"674-82-8","４－メチリデンオキセタン－２－オン","対象物","該当","","","該当","","","","","","","","","","","","","","","NITE-CHRIP"
"676-22-2","シクロドデカ－１，５，９－トリエン","対象物","","","","","","","","","","","","","","","","","","","NITE-CHRIP"
"676-97-1","メチルホスホノイル＝ジクロリド","対象物","該当","","","","","","","","","","","","","","","","","","NITE-CHRIP"
"678-39-7","３，３，４，４，５，５，６，６，７，７，８，８，９，９，１０，１０，１０－ヘプタデカフルオロデカン－１－オール","対象物","","","","","","","","","","","","","第一種特定","","","","","","NITE-CHRIP"
"680-31-9","りん酸トリス（ジメチルアミド）","対象物","該当","","","","","","","","","","","","","","","","","","NITE-CHRIP"
"681-84-5","テトラメトキシシラン","対象物","該当","","","該当","","","","","","","","","","","","","","","NITE-CHRIP"
"681-99-2","トリブチル（イソシアナト）スタンナン","対象物","","","","","","","","","","要確認","","","","","","","","","NITE-CHRIP"
"682-00-8","トリブチル（エトキシ）スタンナン","対象物","","","","","","","","","","要確認","","","","","","","","","NITE-CHRIP"
"682-32-6","フルオロ（トリプロピル）スタンナン","対象物","","","","","","","","","","要確認","","","","","","","","","NITE-CHRIP"
"683-10-3","［ドデシル（ジメチル）アンモニオ］アセタート","対象物","該当","","","","","","","","","要確認","","","","","","","","","NITE-CHRIP"
"683-18-1","ジブタン－１－イル（ジクロロ）スタンナン","対象物","該当","","該当","","","","","","","要確認","","","","","","","","","NITE-CHRIP"
"684-16-2","ヘキサフルオロアセトン","対象物","該当","","","","","","","","","","","","","","","","","","NITE-CHRIP"
"684-93-5","Ｎ－ニトロソ－Ｎ－メチル尿素","対象物","該当","該当","","","","","","","","","","","","","","","","","NITE-CHRIP"
"688-73-3","トリブチルスタンナン","対象物","","","","","","","","","","要確認","","","","","","","","","NITE-CHRIP"
"688-84-6","メタクリル酸２－エチルヘキシル","対象物","","","","","","","","","","","","","","","","","","","NITE-CHRIP"
"691-37-2","４－メチル－１－ペンテン","対象物","","","","該当","","","","","","","","","","","","","","","NITE-CHRIP"
"693-13-0","Ｎ，Ｎ’－ジイソプロピルメタンジイミン","対象物","該当","","","","","","","","","","","","","","","","","","NITE-CHRIP"
"693-98-1","２－メチル－１Ｈ－イミダゾール","対象物","","","","","","","","","","","","","","","","","","","NITE-CHRIP"
"696-28-6","ジクロロ（フェニル）アルサン","対象物","該当","","","","?","","","","","","","","","","","","","","NITE-CHRIP"
"700-13-0","２，３，５－トリメチルハイドロキノン","対象物","該当","","","","","","","","","","","","","","","","","","NITE-CHRIP"
"706-31-0","シクロドデカ－１，５，９－トリエン","対象物","","","","","","","","","","","","","","","","","","","NITE-CHRIP"
"709-98-8","Ｎ－（３，４－ジクロロフェニル）プロピオン酸アミド","対象物","","","","","","","","","","","","","","","","","","","NITE-CHRIP"
"712-48-1","クロロ（ジフェニル）アルサン","対象物","該当","","","","?","","","","","","","","","","","","","","NITE-CHRIP"
"712-68-5","５－（５－ニトロ－２－フリル）－１，３，４－チアジアゾール－２－アミン","対象物","","","","","","","","","","","","","","","","","","","NITE-CHRIP"
"731-27-1","Ｎ－｛［ジクロロ（フルオロ）メチル］スルファニル｝－Ｎ’，Ｎ’－ジメチル－Ｎ－ｐ－トリルスルファミド","対象物","該当","","","","","","","","","","","","","","","","","","NITE-CHRIP"
"732-11-6","Ｓ－［（１，３－ジオキソイソインドリン－２－イル）メチル］＝Ｏ，Ｏ－ジメチル＝ホスホロジチオアート","対象物","","","","","","","","","","","","","","","","","","","NITE-CHRIP"
"732-26-3","２，４，６－トリ－ｔｅｒｔ－ブチルフェノール","対象物","該当","","","","","","","","","","","","第一種特定","","","","","","NITE-CHRIP"
"738-70-5","５－（３，４，５－トリメトキシベンジル）ピリミジン－２，４－ジアミン","対象物","","","","","","","","","","","","","","","","","","","NITE-CHRIP"
"752-58-9","１，３，５－トリス（トリブチルスタンニル）－１，３，５－トリアジナン－２，４，６－トリオン","対象物","","","","","","","","","","要確認","","","","","","","","","NITE-CHRIP"
"753-61-7","ヒドロキシ（メチル）（オキソ）スタンナン","対象物","","","","","","","","","","要確認","","","","","","","","","NITE-CHRIP"
"753-73-1","ジクロロジメチルスズ","対象物","","","","","","","","","","要確認","","","","","","","","","NITE-CHRIP"
"754-12-1","２，３，３，３－テトラフルオロプロパ－１－エン","対象物","","","","該当","","","","","","","","","","","","","","","NITE-CHRIP"
"756-79-6","ジメチル＝メチルホスホナート","対象物","","","","","","","","","","","","","","","","","","","NITE-CHRIP"
"756-80-9","ジチオりん酸Ｏ，Ｏ－ジメチル","対象物","","","","","","","","","","","","","","","","","","","NITE-CHRIP"
"759-73-9","Ｎ－エチル－Ｎ－ニトロソ尿素","対象物","該当","該当","","","","","","","","","","","","","","","","","NITE-CHRIP"
"759-94-4","エチル－Ｎ，Ｎ－ジ－ｎ－プロピルチオカーバメート","対象物","","","","","","","","","","","","","","","","","","","NITE-CHRIP"
"760-23-6","３，４－ジクロロ－１－ブテン","対象物","","","","該当","","","","","","","","","","","","","","","NITE-CHRIP"
"760-67-8","２－エチルヘキサノイル＝クロリド","対象物","該当","","","","","","","","","","","","","","","","","","NITE-CHRIP"
"763-69-9","エチル＝３－エトキシプロパノアート","対象物","該当","","該当","該当","","","","","","","","","","","","","","","NITE-CHRIP"
"764-13-6","２，５－ジメチルヘキサ－２，４－ジエン","対象物","","","","該当","","","","","","","","","","","","","","","NITE-CHRIP"
"764-41-0","１，４－ジクロロ－２－ブテン","対象物","該当","該当","","","","","","","","","","","","","","","","","NITE-CHRIP"
"764-48-7","２－（ビニルオキシ）エタノール","対象物","","","","","","","","","","","","","","","","","","","NITE-CHRIP"
"765-34-4","２，３－エポキシ－１－プロパナール","対象物","","該当","","","","","","","","","","","","","","","","","NITE-CHRIP"
"767-10-2","１－ブチルピロリジン","対象物","","","","該当","","","","","","","","","","","","","","","NITE-CHRIP"
"768-52-5","Ｎ－イソプロピルアニリン","対象物","該当","","","","","","","","","","","","","","","","","","NITE-CHRIP"
"770-35-4","１－フェノキシプロパン－２－オール","対象物","該当","","","","","","","","","","","","","","","","","","NITE-CHRIP"
"786-19-6","ジエチル－４－クロルフェニルメルカプトメチルジチオホスフェイト","対象物","該当","","","","","","","","","","","","","","","","","","NITE-CHRIP"
"791-28-6","トリフェニルホスフィンオキサイド","対象物","","","","","","","","","","","","","","","","","","","NITE-CHRIP"
"793-24-8","Ｎ－（４－メチルペンタン－２－イル）－Ｎ’－フェニルベンゼン－１，４－ジアミン","対象物","該当","","","","","","","","","要確認","","","","","","","","","NITE-CHRIP"
"794-93-4","（｛６－［２－（５－ニトロ－２－フリル）ビニル］－１，２，４－トリアジン－３－イル｝イミノ）ジメタノール","対象物","","","","","","","","","","","","","","","","","","","NITE-CHRIP"
"811-54-1","鉛（２＋）＝ジホルマート","対象物","","","","","","","","","","要確認","","","","","","","","","NITE-CHRIP"
"811-73-4","ヨード（トリメチル）スタンナン","対象物","","","","","","","","","","要確認","","","","","","","","","NITE-CHRIP"
"811-97-2","１，１，１，２－テトラフルオロエタン","対象物","","","","","","","","","","","","","","","","","","","NITE-CHRIP"
"813-19-4","ヘキサブチルジスタンナン","対象物","","","","","","","","","","要確認","","","","","","","","","NITE-CHRIP"
"814-68-6","アクリル酸クロライド","対象物","","","","該当","","","","","","","","","","","","","","","NITE-CHRIP"
"814-78-8","メチルイソプロペニルケトン","対象物","該当","","","該当","","","","","","","","","","","","","","","NITE-CHRIP"
"814-89-1","シュウ酸コバルト（ＩＩ）","対象物","","","","","","","","","","要確認","","","","","","","","","NITE-CHRIP"
"814-91-5","［オキサラト－κ（２）Ｏ（１），Ｏ（２）］銅","対象物","","","","","","","","","","","","","","","","","","","NITE-CHRIP"
"814-94-8","スズ（２＋）＝オキサラート","対象物","該当","","","","","","","","","","","","","","","","","","NITE-CHRIP"
"815-85-0","Ｄ－酒石酸スズ（ＩＩ）","対象物","","","","","","","","","","","","","","","","","","","NITE-CHRIP"
"818-08-6","ジブチルスズオキシド","対象物","該当","","該当","","","","","","","要確認","","","","","","","","","NITE-CHRIP"
"818-61-1","２－ヒドロキシエチル＝アクリラート","対象物","該当","","","","","","","","","要確認","","","","","","","","","NITE-CHRIP"
"819-21-6","１，１，３，３－テトラブチル－１，３－ジフルオロジスタンノキサン","対象物","","","","","","","","","","要確認","","","","","","","","","NITE-CHRIP"
"821-10-3","ジクロルブチン","対象物","","","","","","","","","","","","","","","","","","","NITE-CHRIP"
"822-36-6","５－メチル－１Ｈ－イミダゾール","対象物","","該当","","","","","","","","","","","","","","","","","NITE-CHRIP"
"823-40-5","２－メチルベンゼン－１，３－ジアミン","対象物","","","","","","","","","","要確認","","","","","","","","","NITE-CHRIP"
"824-78-2","ｐ－ニトロフェノールナトリウム","対象物","","","","","","","","","","","","","","","","","","","NITE-CHRIP"
"826-36-8","２，２，６，６－テトラメチルピペリジン－４－オン","対象物","該当","","","","","","","","","","","","","","","","","","NITE-CHRIP"
"828-00-2","６－アセトキシ－２，４－ジメチル－１，３－ジオキサン","対象物","該当","","","該当","","","","","","","","","","","","","","","NITE-CHRIP"
"831-52-7","ナトリウム＝２－アミノ－４，６－ジニトロフェノラート","対象物","","","","","","","","","","","","","","","","","","","NITE-CHRIP"
"834-12-8","２－エチルアミノ－４－イソプロピルアミノ－６－メチルチオ－１，３，５－トリアジン","対象物","","","","","","","","","","","","","","","","","","","NITE-CHRIP"
"836-30-6","４－ニトロジフエニルアミン","対象物","","","","","","","","","","","","","","","","","","","NITE-CHRIP"
"838-88-0","２，２’－ジメチル－４，４’－メチレンジアニリン","対象物","","該当","","","","","","","","","","","","","","","","","NITE-CHRIP"
"842-07-9","１－（フェニルアゾ）－２－ナフトール","対象物","","","","","","","","","","","","","","","","","","","NITE-CHRIP"
"843-55-0","４，４’－シクロヘキサン－１，１－ジイルジフェノール","対象物","","","","","","","","","","","","","","","","","","","NITE-CHRIP"
"865-38-3","チオシアン酸カドミウム（ＩＩ）","対象物","該当","","","","?","","","","","要確認","","","","","","","","","NITE-CHRIP"
"866-55-7","ジクロロ（ジエチル）スタンナン","対象物","","","","","","","","","","要確認","","","","","","","","","NITE-CHRIP"
"867-36-7","ジクロロ（ジプロピル）スタンナン","対象物","","","","","","","","","","要確認","","","","","","","","","NITE-CHRIP"
"868-77-9","２－ヒドロキシエチル＝メタクリラート","対象物","該当","","","","","","","","","","","","","","","","","","NITE-CHRIP"
"868-85-9","ジメチル＝ホスホナート","対象物","","","","該当","","","","","","","","","","","","","","","NITE-CHRIP"
"869-29-4","アリリデンジアセテート","対象物","","","","","","","","","","","","","","","","","","","NITE-CHRIP"
"869-59-0","トリオクチルスタンナン","対象物","","","","","","","","","","要確認","","","","","","","","","NITE-CHRIP"
"870-08-6","ジオクチル（オキソ）スタンナン","対象物","","","","","","","","","","要確認","","","","","","","","","NITE-CHRIP"
"872-05-9","デカ－１－エン","対象物","","","","該当","","","","","","","","","","","","","","","NITE-CHRIP"
"882-33-7","ジフェニルジスルフィド","対象物","","","","","","","","","","","","","","","","","","","NITE-CHRIP"
"892-20-6","水素化トリフェニルスズ","対象物","","","","","","","","","","要確認","","","","","","","","","NITE-CHRIP"
"894-09-7","ヨード（トリフェニル）スタンナン","対象物","","","","","","","","","","要確認","","","","","","","","","NITE-CHRIP"
"900-95-8","トリフェニルスタンニル＝アセタート","対象物","該当","","","","","","","","","要確認","","","","","","","","","NITE-CHRIP"
"910-06-5","（ベンゾイルオキシ）トリフェニルスズ","対象物","","","","","","","","","","要確認","","","","","","","","","NITE-CHRIP"
"917-61-3","シアン酸ナトリウム","対象物","","","","","","","","","","","","","","","","","","","NITE-CHRIP"
"917-69-1","酢酸コバルト（ＩＩＩ）","対象物","該当","","","","","","","","","要確認","","","","","","","","","NITE-CHRIP"
"919-28-8","アセトキシ（トリオクチル）スタンナン","対象物","","","","","","","","","","要確認","","","","","","","","","NITE-CHRIP"
"919-30-2","３－アミノプロピルトリエトキシシラン","対象物","該当","","","","","","","","","","","","","","","","","","NITE-CHRIP"
"920-46-7","メタクリル酸クロライド","対象物","","","","該当","","","","","","","","","","","","","","","NITE-CHRIP"
"921-47-1","２，３，４－トリメチルヘキサン","対象物","","","","","","","","","","","","","","","","","","","NITE-CHRIP"
"922-28-1","３，４－ジメチルヘプタン","対象物","","","","","","","","","","","","","","","","","","","NITE-CHRIP"
"923-26-2","２－ヒドロキシプロピル＝メタクリラート","対象物","該当","","","","","","","","","","","","","","","","","","NITE-CHRIP"
"923-34-2","トリエチルインジウム","対象物","","","","","","","","","","要確認","","","","","","","","","NITE-CHRIP"
"924-16-3","Ｎ－ニトロソジブチルアミン","対象物","","該当","","","","","","","","","","","","","","","","","NITE-CHRIP"
"924-42-5","Ｎ－メチロールアクリルアマイド［別名：Ｎ－（ヒドロキシメチル）アクリルアミド］","対象物","","該当","","","","","","","","","","","","","","","","","NITE-CHRIP"
"925-21-3","ブチル＝水素＝マレアート","対象物","該当","","","","","","","","","","","","","","","","","","NITE-CHRIP"
"926-41-0","酢酸ペンチル類（酢酸２，２－ジメチルプロピル）","対象物","","","","","","","","","","","","","","","","","","","NITE-CHRIP"
"926-82-9","３，５－ジメチルヘプタン","対象物","","","","","","","","","","","","","","","","","","","NITE-CHRIP"
"927-49-1","ｎ－アミルケトン［別名：ジペンチルケトン］","対象物","","","","","","","","","","","","","","","","","","","NITE-CHRIP"
"928-68-7","６－メチル－２－ヘプタノン","対象物","","","","該当","","","","","","","","","","","","","","","NITE-CHRIP"
"928-96-1","ｃｉｓ－３－ヘキセン－１－オール","対象物","","","","該当","","","","","","","","","","","","","","","NITE-CHRIP"
"930-37-0","メチルグリシジルエーテル","対象物","","","","該当","","","","","","","","","","","","","","","NITE-CHRIP"
"930-55-2","１－ニトロソピロリジン","対象物","","","","","","","","","","","","","","","","","","","NITE-CHRIP"
"932-69-4","安息香酸コバルト（ＩＩ）","対象物","","","","","","","","","","要確認","","","","","","","","","NITE-CHRIP"
"933-60-8","ｒｅｌ－（１Ｒ，２Ｒ，６Ｓ，７Ｓ）－トリシクロ［５．２．１．０（２，６）］デカ－３，８－ジエン","対象物","","","","","","","","","","要確認","","","","","","","","","NITE-CHRIP"
"941-69-5","Ｎ－フェニルマレイミド","対象物","","","","","","","","","","要確認","","","","","","","","","NITE-CHRIP"
"944-22-9","Ｏ－エチル　Ｓ－フェニル＝エチルホスホノジチオアート","対象物","該当","","該当","","","","","","","","","","","","","","","","NITE-CHRIP"
"947-04-6","ラウリルラクタム","対象物","","","","","","","","","","","","","","","","","","","NITE-CHRIP"
"950-37-8","ジチオリン酸Ｓ－（２，３－ジヒドロ－５－メトキシ－２－オキソ－１，３，４－チアジアゾール－３－イル）メチル－Ｏ，Ｏ－ジメチル","対象物","","","","","","","","","","要確認","","","","","","","","","NITE-CHRIP"
"962-89-0","ブロモ（トリフェニル）スタンナン","対象物","","","","","","","","","","要確認","","","","","","","","","NITE-CHRIP"
"974-29-8","１－（トリフェニルスタンニル）－１Ｈ－１，２，４－トリアゾール","対象物","","","","","","","","","","要確認","","","","","","","","","NITE-CHRIP"
"989-38-8","ベイシック　レッド－１","対象物","該当","","","","","","","","","","","","","","","","","","NITE-CHRIP"
"992-98-3","Thallium formate","対象物","","","","","","","","","","要確認","","","","","","","","","NITE-CHRIP"
"993-16-8","トリクロロメチルスズ","対象物","","","","","","","","","","要確認","","","","","","","","","NITE-CHRIP"
"993-50-0","（ジメチルアミノ）（トリメチル）スタンナン","対象物","","","","","","","","","","要確認","","","","","","","","","NITE-CHRIP"
"993-74-8","ビス（ジメチルアミノ）（ジメチル）スタンナン","対象物","","","","","","","","","","要確認","","","","","","","","","NITE-CHRIP"
"994-05-8","tert-Amyl methyl ether","対象物","","","","該当","","","","","","","","","","","","","","","NITE-CHRIP"
"994-31-0","クロロ（トリエチル）スタンナン","対象物","","","","","","","","","","要確認","","","","","","","","","NITE-CHRIP"
"994-32-1","トリエチル（ヒドロキシ）スタンナン","対象物","","","","","","","","","","要確認","","","","","","","","","NITE-CHRIP"
"994-99-0","ビス（トリエチルスタンニル）エチン","対象物","","","","","","","","","","要確認","","","","","","","","","NITE-CHRIP"
"996-08-7","ジブロモジブチルスズ","対象物","","","","","","","","","","要確認","","","","","","","","","NITE-CHRIP"
"996-37-2","１，１，１－トリメチル－Ｎ－（トリメチルシリル）－Ｎ－（トリメチルスタンニル）シランアミン","対象物","","","","","","","","","","要確認","","","","","","","","","NITE-CHRIP"
"998-40-3","トリブチル　フォスフィン","対象物","","","","","","","","","","","","","","","","","","","NITE-CHRIP"
"999-61-1","２－ヒドロキシプロピル＝アクリラート","対象物","該当","","該当","","","","","","","要確認","","","","","","","","","NITE-CHRIP"
"999-81-5","（２－クロロエチル）（トリメチル）アンモニウム＝クロリド","対象物","","","","","","","","","","要確認","","","","","","","","","NITE-CHRIP"
"999-97-3","１，１，１，３，３，３－ヘキサメチルジシラザン","対象物","該当","","","該当","","","","","","","","","","","","","","","NITE-CHRIP"
"1000-40-4","ビス（ブチルスルファニル）（ジメチル）スタンナン","対象物","","","","","","","","","","要確認","","","","","","","","","NITE-CHRIP"
"1002-53-5","ジブチルスタンナン","対象物","","","","","","","","","","要確認","","","","","","","","","NITE-CHRIP"
"1002-88-6","オクタデカン酸コバルト（ＩＩ）","対象物","","","","","","","","","","要確認","","","","","","","","","NITE-CHRIP"
"1011-73-0","ナトリウム＝２，４－ジニトロフェノラート","対象物","","","","","","","","","","","","","","","","","","","NITE-CHRIP"
"1011-95-6","ジフェニルスタンナン","対象物","","","","","","","","","","要確認","","","","","","","","","NITE-CHRIP"
"1014-70-6","２，４－ビス（エチルアミノ）－６－メチルチオ－１，３，５－トリアジン","対象物","","","","","","","","","","要確認","","","","","","","","","NITE-CHRIP"
"1015-27-6","トリエチル（フェニルエチニル）スタンナン","対象物","","","","","","","","","","要確認","","","","","","","","","NITE-CHRIP"
"1024-57-3","１，４，５，６，７，８，８－ヘプタクロロ－２，３－エポキシ－３ａ，４，７，７ａ－テトラヒドロ－４，７－メタノ－１Ｈ－インデン","対象物","該当","","","","","","","","","要確認","","","","","","","","","NITE-CHRIP"
"1025-15-6","イソシアヌル酸トリアリル","対象物","","","","","","","","","","","","","","","","","","","NITE-CHRIP"
"1049-38-3","３－エチル－２－［３－（３－エチル－１，３－ベンゾセレナゾール－２（３Ｈ）－イリデン）プロパ－１－エン－１－イル］－１，３－ベンゾセレナゾール－３－イウム＝ヨージド","対象物","","","","","","","","","","要確認","","","","","","","","","NITE-CHRIP"
"1064-10-4","ヘキサフェニルジスタンナン","対象物","","","","","","","","","","要確認","","","","","","","","","NITE-CHRIP"
"1066-30-4","酢酸クロム（ＩＩＩ）","対象物","","","","","","","","","","要確認","","","","","","","","","NITE-CHRIP"
"1066-40-6","トリメチルシラノール","対象物","","","","該当","","","","","","","","","","","","","","","NITE-CHRIP"
"1066-44-0","トリメチルスズブロミド","対象物","","","","","","","","","","要確認","","","","","","","","","NITE-CHRIP"
"1066-45-1","塩化トリメチルスズ","対象物","","","","","","","","","","要確認","","","","","","","","","NITE-CHRIP"
"1066-57-5","トリクロロ（エチル）スタンナン","対象物","","","","","","","","","","要確認","","","","","","","","","NITE-CHRIP"
"1067-08-9","３－エチル－３－メチルペンタン","対象物","","","","","","","","","","","","","","","","","","","NITE-CHRIP"
"1067-20-5","３，３－ジエチルペンタン","対象物","","","","","","","","","","","","","","","","","","","NITE-CHRIP"
"1067-29-4","ヘキサプロピルジスタンノキサン","対象物","","","","","","","","","","要確認","","","","","","","","","NITE-CHRIP"
"1067-33-0","ジブチルスズ二酢酸","対象物","","","","","","","","","","要確認","","","","","","","","","NITE-CHRIP"
"1067-52-3","トリブチル（メトキシ）スタンナン","対象物","","","","","","","","","","要確認","","","","","","","","","NITE-CHRIP"
"1067-53-4","［トリス（２－メトキシエトキシ）］（ビニル）シラン","対象物","","","","","","","","","","","","","","","","","","","NITE-CHRIP"
"1067-55-6","ジブチルジメトキシスズ","対象物","","","","","","","","","","要確認","","","","","","","","","NITE-CHRIP"
"1067-97-6","トリブチルスタンナノール","対象物","","","","","","","","","","要確認","","","","","","","","","NITE-CHRIP"
"1068-19-5","４，４－ジメチルヘプタン","対象物","","","","","","","","","","","","","","","","","","","NITE-CHRIP"
"1068-27-5","２，５－ビス（ｔｅｒｔ－ブチルペルオキシ）－２，５－ジメチルヘキサ－３－イン","対象物","","","","該当","","","","","","","","","","","","","","","NITE-CHRIP"
"1068-87-7","３－エチル－２，４－ジメチルペンタン","対象物","","","","","","","","","","","","","","","","","","","NITE-CHRIP"
"1069-53-0","２，３，５－トリメチルヘキサン","対象物","","","","","","","","","","","","","","","","","","","NITE-CHRIP"
"1069-66-5","ナトリウム＝２－プロピルペンタノアート","対象物","","","","","","","","","","","","","","","","","","","NITE-CHRIP"
"1070-87-7","２，２，４，４－テトラメチルペンタン","対象物","","","","","","","","","","","","","","","","","","","NITE-CHRIP"
"1071-26-7","２，２－ジメチルヘプタン","対象物","","","","","","","","","","","","","","","","","","","NITE-CHRIP"
"1071-83-6","Ｎ－（ホスホノメチル）－グリシン","対象物","該当","","","","","","","","","要確認","","","","","","","","","NITE-CHRIP"
"1071-93-8","アジピン酸ジヒドラジド","対象物","該当","","","","","","","","","要確認","","","","","","","","","NITE-CHRIP"
"1072-05-5","２，６－ジメチルヘプタン","対象物","","","","","","","","","","","","","","","","","","","NITE-CHRIP"
"1072-35-1","鉛（ＩＩ）＝ジステアラート","対象物","","該当","","","","","","","","要確認","","","","","","","","","NITE-CHRIP"
"1072-52-2","２－（アジリジン－１－イル）エタノール","対象物","該当","","","","","","","","","","","","","","","","","","NITE-CHRIP"
"1076-43-3","（（２）Ｈ６）ベンゼン","対象物","該当","","","該当","?","","","","","要確認","","","","","","","","","NITE-CHRIP"
"1085-98-9","Ｎ，Ｎ－ジメチルアミノ－Ｎ’－フェニル－Ｎ’－（フルオロジクロロメチルチオ）スルホン","対象物","該当","","","","","","","","","","","","","","","","","","NITE-CHRIP"
"1089-59-4","メチル（トリフェニル）スタンナン","対象物","","","","","","","","","","要確認","","","","","","","","","NITE-CHRIP"
"1103-05-5","ジフェニル［ビス（フェニルスルファニル）］スタンナン","対象物","","","","","","","","","","要確認","","","","","","","","","NITE-CHRIP"
"1111-67-7","チオシアン酸銅（Ｉ）","対象物","","","","","","","","","","要確認","","","","","","","","","NITE-CHRIP"
"1112-56-7","テトラビニルスタンナン","対象物","","","","","","","","","","要確認","","","","","","","","","NITE-CHRIP"
"1112-63-6","ヘキサエチルジスタンノキサン","対象物","","","","","","","","","","要確認","","","","","","","","","NITE-CHRIP"
"1113-38-8","ジアンモニウム＝オキサラート","対象物","","","","","","","","","","","","","","","","","","","NITE-CHRIP"
"1116-54-7","２，２’－（ニトロソイミノ）ジエタノール","対象物","該当","該当","","該当","","","","","","","","","","","","","","","NITE-CHRIP"
"1118-14-5","（アセチルオキシ）（トリメチル）スタンナン","対象物","","","","","","","","","","要確認","","","","","","","","","NITE-CHRIP"
"1118-42-9","ジクロロ（ジペンチル）スタンナン","対象物","","","","","","","","","","要確認","","","","","","","","","NITE-CHRIP"
"1118-46-3","ブチルトリクロロスズ","対象物","該当","","該当","","","","","","","要確認","","","","","","","","","NITE-CHRIP"
"1119-40-0","グルタル酸ジメチル","対象物","","","","","","","","","","","","","","","","","","","NITE-CHRIP"
"1119-94-4","ドデシル（トリメチル）アンモニウム＝ブロミド","対象物","","","","","","","","","","要確認","","","","","","","","","NITE-CHRIP"
"1120-21-4","ウンデカン","対象物","","","","該当","","","","","","","","","","","","","","","NITE-CHRIP"
"1120-71-4","２，２－ジオキソ－１，２λ（６）－オキサチオラン","対象物","該当","該当","","","","","","","","","","","","","","","","","NITE-CHRIP"
"1122-90-3","４－（オキソアルシノ）アニリン","対象物","該当","","","","?","","","","","","","","","","","","","","NITE-CHRIP"
"1124-11-4","２，３，５，６－テトラメチルピラジン","対象物","","","","","","","","","","","","","","","","","","","NITE-CHRIP"
"1124-19-2","トリクロロ（フェニル）スタンナン","対象物","","","","","","","","","","要確認","","","","","","","","","NITE-CHRIP"
"1129-41-5","Ｎ－メチルカルバミン酸－ｍ－トリル","対象物","","","","","","","","","","","","","","","","","","","NITE-CHRIP"
"1132-39-4","ジフェニルセラン","対象物","","","","","","","","","","要確認","","","","","","","","","NITE-CHRIP"
"1135-99-5","ジクロロ（ジフェニル）スタンナン","対象物","","","","","","","","","","要確認","","","","","","","","","NITE-CHRIP"
"1153-05-5","オキソ（トリフェニル）－λ（５）－アルサン","対象物","該当","","","","?","","","","","","","","","","","","","","NITE-CHRIP"
"1163-19-5","デカブロモ－１，１’－オキシビス（ベンゼン）","対象物","","","","","","","","","","要確認","","","第一種特定","","","","","","NITE-CHRIP"
"1178-79-6","クロロ［トリス（２－メチル－２－フェニルプロピル）］スタンナン","対象物","","","","","","","","","","要確認","","","","","","","","","NITE-CHRIP"
"1184-57-2","ヒドロキシド（メチル）水銀","対象物","該当","","","","?","","","","","要確認","","","","","","","","","NITE-CHRIP"
"1184-64-1","炭酸銅（ＩＩ）","対象物","","","","","","","","","","","","","","","","","","","NITE-CHRIP"
"1185-55-3","トリメトキシ（メチル）シラン","対象物","","","","該当","","","","","","","","","","","","","","","NITE-CHRIP"
"1185-57-5","クエン酸のアンモニウム＝鉄（３＋）塩＝（１：？：？）","対象物","","","","","","","","","","","","","","","","","","","NITE-CHRIP"
"1185-73-5","ビス［（３－｛［（２－エチルヘキシル）オキシ］カルボニル｝アクリロイル）オキシ］（ジオクチル）スタンナン","対象物","","","","","","","","","","要確認","","","","","","","","","NITE-CHRIP"
"1185-81-5","ジブチルビス（ドデシルチオ）スズ","対象物","","","","","","","","","","要確認","","","","","","","","","NITE-CHRIP"
"1186-53-4","２，２，３，４－テトラメチルペンタン","対象物","","","","","","","","","","","","","","","","","","","NITE-CHRIP"
"1194-65-6","２，６－ジクロロベンゾニトリル","対象物","","","","","","","","","","要確認","","","","","","","","","NITE-CHRIP"
"1202-36-4","Diphenyltellurium","対象物","","","","","","","","","","要確認","","","","","","","","","NITE-CHRIP"
"1205-17-0","３－（１，３－ベンゾジオキソール－５－イル）－２－メチルプロパナール","対象物","該当","","","","","","","","","要確認","","","","","","","","","NITE-CHRIP"
"1214-39-7","６－（ベンジルアミノ）プリン","対象物","","","","","","","","","","","","","","","","","","","NITE-CHRIP"
"1222-05-5","４，６，６，７，８，８－ヘキサメチル－１，３，４，６，７，８－ヘキサヒドロシクロペンタ［ｇ］イソクロメン","対象物","","","","","","","","","","要確認","","","","","","","","","NITE-CHRIP"
"1241-94-7","２－エチルヘキサン－１－イル＝ジフェニル＝ホスファート","対象物","","","","","","","","","","","","","","","","","","","NITE-CHRIP"
"1262-21-1","ビス（トリフェニルスズ）＝オキシド","対象物","","","","","","","","","","要確認","","","","","","","","","NITE-CHRIP"
"1262-78-8","テトラキス（２－メチル－２－フェニルプロピル）スタンナン","対象物","","","","","","","","","","要確認","","","","","","","","","NITE-CHRIP"
"1294-75-3","スタンノセン","対象物","","","","","","","","","","要確認","","","","","","","","","NITE-CHRIP"
"1300-21-6","ジクロロエタン","対象物","","","","","","","","","","","","","","","","","","","NITE-CHRIP"
"1300-73-8","ａｒ，ａｒ－ジメチルアニリン","対象物","該当","","該当","","","","","","","","","","","","","","","","NITE-CHRIP"
"1302-09-6","セレン化二銀","対象物","","","","","","","","","","要確認","","","","","","","","","NITE-CHRIP"
"1302-42-7","アルミン酸ナトリウム","対象物","該当","","","","","","","","","","","","","","","","","","NITE-CHRIP"
"1302-74-5","コランダム","対象物","","","","","","","","","","","","","","","","","","","NITE-CHRIP"
"1302-82-5","セレン化アルミニウム","対象物","","","","","","","","","","要確認","","","","","","","","","NITE-CHRIP"
"1303-00-0","ヒ化ガリウム","対象物","","該当","","","","","","","","要確認","","","","","","","","","NITE-CHRIP"
"1303-11-3","ヒ化インジウム","対象物","該当","","","","?","","","","","要確認","","","","","","","","","NITE-CHRIP"
"1303-28-2","五酸化二ヒ素","対象物","該当","","","","?","","","","","要確認","","","","","","","","","NITE-CHRIP"
"1303-32-8","一硫化一ヒ素","対象物","該当","","","","?","","","","","要確認","","","","","","","","","NITE-CHRIP"
"1303-33-9","三硫化二ヒ素（ＩＩＩ）","対象物","該当","","","","?","","","","","要確認","","","","","","","","","NITE-CHRIP"
"1303-34-0","五硫化二ヒ素","対象物","該当","","","","?","","","","","要確認","","","","","","","","","NITE-CHRIP"
"1303-36-2","三セレン化二ヒ素","対象物","該当","","","","?","","","","","要確認","","","","","","","","","NITE-CHRIP"
"1303-37-3","セレン化ヒ素","対象物","該当","","","","?","","","","","要確認","","","","","","","","","NITE-CHRIP"
"1303-39-5","テトラキス［トリオキシドヒ酸（１－）］三酸化五亜鉛（ＩＩ）四水和物","対象物","該当","","","","?","","","","","要確認","","","","","","","","","NITE-CHRIP"
"1303-62-4","セレン化金","対象物","","","","","","","","","","要確認","","","","","","","","","NITE-CHRIP"
"1303-86-2","三酸化二ホウ素","対象物","","","","","","","","","","要確認","","","","","","","","","NITE-CHRIP"
"1303-96-4","ホウ砂","対象物","","","該当","","","","","","","要確認","","","","","","","","","NITE-CHRIP"
"1304-28-5","酸化バリウム","対象物","","","","","","","","","","","","","","","","","","","NITE-CHRIP"
"1304-29-6","過酸化バリウム","対象物","","","","該当","","","","","","","","","","","","","","","NITE-CHRIP"
"1304-39-8","セレン化バリウム","対象物","","","","","","","","","","要確認","","","","","","","","","NITE-CHRIP"
"1304-56-9","酸化ベリリウム","対象物","該当","","","","?","","","","","要確認","","","","","","","","","NITE-CHRIP"
"1304-76-3","酸化ビスマス","対象物","","","","","","","","","","","","","","","","","","","NITE-CHRIP"
"1304-82-1","テルル化ビスマス","対象物","","","","","","","","","","要確認","","","","","","","","","NITE-CHRIP"
"1304-85-4","次硝酸ビスマス","対象物","","","","","","","","","","","","","","","","","","","NITE-CHRIP"
"1305-62-0","水酸化カルシウム","対象物","該当","","該当","","","","","","","","","","","","","","","","NITE-CHRIP"
"1305-79-9","過酸化カルシウム","対象物","該当","","","該当","","","","","","","","","","","","","","","NITE-CHRIP"
"1305-84-6","Calcium selenide","対象物","","","","","","","","","","要確認","","","","","","","","","NITE-CHRIP"
"1305-99-3","二リン化三カルシウム","対象物","該当","","","該当","","","","","","","","","","","","","","","NITE-CHRIP"
"1306-19-0","酸化カドミウム（ＩＩ）","対象物","該当","該当","","","?","","","","","要確認","","","","","","","","","NITE-CHRIP"
"1306-23-6","硫化カドミウム","対象物","該当","該当","","","?","","","","","要確認","","","","","","","","","NITE-CHRIP"
"1306-24-7","セレン化カドミウム","対象物","該当","","","","?","","","","","要確認","","","","","","","","","NITE-CHRIP"
"1306-25-8","テルル化カドミウム","対象物","該当","","","","?","","","","","要確認","","","","","","","","","NITE-CHRIP"
"1306-38-3","酸化セリウム（ＩＶ）","対象物","","","","","","","","","","要確認","","","","","","","","","NITE-CHRIP"
"1307-86-4","水酸化コバルト（ＩＩＩ）","対象物","該当","","","","?","","","","","要確認","","","","","","","","","NITE-CHRIP"
"1307-96-6","酸化コバルト（ＩＩ）","対象物","該当","","","","?","","","","","要確認","","","","","","","","","NITE-CHRIP"
"1307-99-9","セレン化コバルト","対象物","該当","","","","?","","","","","要確認","","","","","","","","","NITE-CHRIP"
"1308-04-9","酸化コバルト","対象物","該当","","","","?","","","","","要確認","","","","","","","","","NITE-CHRIP"
"1308-06-1","四酸化三コバルト","対象物","該当","","","","?","","","","","要確認","","","","","","","","","NITE-CHRIP"
"1308-14-1","三水酸化クロム","対象物","該当","","","","","","","","","要確認","","","","","","","","","NITE-CHRIP"
"1308-38-9","酸化クロム（ＩＩＩ）","対象物","該当","","","","","","","","","要確認","","","","","","","","","NITE-CHRIP"
"1309-37-1","三酸化二鉄（ＩＩＩ）","対象物","","","","","","","","","","","","","","","","","","","NITE-CHRIP"
"1309-38-2","酸化鉄","対象物","","","","","","","","","","","","","","","","","","","NITE-CHRIP"
"1309-48-4","酸化マグネシウム","対象物","","","","","","","","","","","","","","","","","","","NITE-CHRIP"
"1309-60-0","酸化鉛（ＩＶ）","対象物","","","","","","","","","","要確認","","","","","","","","","NITE-CHRIP"
"1310-03-8","六フッ化ケイ酸鉛（ＩＩ）・二水和物","対象物","","","","","","","","","","要確認","","","","","","","","","NITE-CHRIP"
"1310-32-3","セレン化鉄","対象物","","","","","","","","","","要確認","","","","","","","","","NITE-CHRIP"
"1310-65-2","水酸化リチウム","対象物","該当","","","","","","","","","","","","","","","","","","NITE-CHRIP"
"1310-83-4","Thallium hydroxide","対象物","","","","","","","","","","要確認","","","","","","","","","NITE-CHRIP"
"1311-11-1","水酸化鉛オキシド","対象物","","","","","","","","","","要確認","","","","","","","","","NITE-CHRIP"
"1312-41-0","インジウムアンチモン","対象物","","","","","","","","","","要確認","","","","","","","","","NITE-CHRIP"
"1312-43-2","酸化インジウム（ＩＩＩ）","対象物","該当","","","","?","","","","","要確認","","","","","","","","","NITE-CHRIP"
"1312-45-4","Diindium tritelluride","対象物","","","","","","","","","","要確認","","","","","","","","","NITE-CHRIP"
"1312-73-8","硫化カリウム","対象物","該当","","","","","","","","","","","","","","","","","","NITE-CHRIP"
"1312-74-9","Dipotassium selenide","対象物","","","","","","","","","","要確認","","","","","","","","","NITE-CHRIP"
"1313-04-8","Magnesium selenide","対象物","","","","","","","","","","要確認","","","","","","","","","NITE-CHRIP"
"1313-13-9","二酸化マンガン","対象物","該当","","","","?","","","","","要確認","","","","","","","","","NITE-CHRIP"
"1313-22-0","セレン化マンガン","対象物","該当","","","","?","","","","","要確認","","","","","","","","","NITE-CHRIP"
"1313-27-5","三酸化モリブデン","対象物","","","該当","","","","","","","要確認","","","","","","","","","NITE-CHRIP"
"1313-30-0","ドデカモリブドリン酸ナトリウム","対象物","","","","","","","","","","要確認","","","","","","","","","NITE-CHRIP"
"1313-60-6","過酸化ナトリウム","対象物","該当","","","該当","","","","","","","","","","","","","","","NITE-CHRIP"
"1313-82-2","硫化ナトリウム","対象物","該当","","","","","","","","","","","","","","","","","","NITE-CHRIP"
"1313-85-5","セレン化二ナトリウム","対象物","","","","","","","","","","要確認","","","","","","","","","NITE-CHRIP"
"1313-99-1","酸化ニッケル（ＩＩ）","対象物","該当","","","","?","","","","","要確認","","","","","","","","","NITE-CHRIP"
"1314-04-1","硫化ニッケル","対象物","該当","","","","?","","","","","要確認","","","","","","","","","NITE-CHRIP"
"1314-05-2","セレン化ニッケル（ＩＩ）","対象物","該当","","","","?","","","","","要確認","","","","","","","","","NITE-CHRIP"
"1314-06-3","酸化ニッケル（ＩＩＩ）","対象物","該当","","","","?","","","","","要確認","","","","","","","","","NITE-CHRIP"
"1314-13-2","酸化亜鉛","対象物","","","該当","","","","","","","","","","","","","","","","NITE-CHRIP"
"1314-18-7","過酸化ストロンチウム","対象物","","","","該当","","","","","","","","","","","","","","","NITE-CHRIP"
"1314-22-3","過酸化亜鉛","対象物","","","","該当","","","","","","","","","","","","","","","NITE-CHRIP"
"1314-23-4","酸化ジルコニウム（ＩＶ）","対象物","該当","","","","","","","","","","","","","","","","","","NITE-CHRIP"
"1314-27-8","酸化鉛","対象物","","","","","","","","","","要確認","","","","","","","","","NITE-CHRIP"
"1314-34-7","酸化バナジウム（ＩＩＩ）","対象物","","","","","","","","","","要確認","","","","","","","","","NITE-CHRIP"
"1314-35-8","酸化タングステン","対象物","","","","","","","","","","","","","","","","","","","NITE-CHRIP"
"1314-36-9","酸化イットリウム","対象物","","","","","","","","","","","","","","","","","","","NITE-CHRIP"
"1314-56-3","五酸化リン","対象物","該当","","","","","","","","","","","","","","","","","","NITE-CHRIP"
"1314-60-9","五酸化二アンチモン","対象物","","","","","","","","","","要確認","","","","","","","","","NITE-CHRIP"
"1314-61-0","酸化タンタル","対象物","","","","","","","","","","","","","","","","","","","NITE-CHRIP"
"1314-80-3","五硫化二リン","対象物","","","","該当","","","","","","","","","","","","","","","NITE-CHRIP"
"1314-84-7","リン化亜鉛（Ｚｎ３Ｐ２）","対象物","","","","","","","","","","","","","","","","","","","NITE-CHRIP"
"1314-85-8","三硫化四リン","対象物","","","","該当","","","","","","","","","","","","","","","NITE-CHRIP"
"1314-87-0","硫化鉛（ＩＩ）","対象物","","","","","","","","","","要確認","","","","","","","","","NITE-CHRIP"
"1314-91-6","テルル化鉛","対象物","","","","","","","","","","要確認","","","","","","","","","NITE-CHRIP"
"1314-95-0","硫化スズ（ＩＩ）","対象物","","","","","","","","","","","","","","","","","","","NITE-CHRIP"
"1315-01-1","硫化スズ（ＩＶ）","対象物","","","","","","","","","","","","","","","","","","","NITE-CHRIP"
"1315-04-4","硫化アンチモン（Ｖ）","対象物","","","","","","","","","","要確認","","","","","","","","","NITE-CHRIP"
"1315-05-5","セレン化アンチモン","対象物","","","","","","","","","","要確認","","","","","","","","","NITE-CHRIP"
"1315-06-6","セレン化スズ（ＩＩ）","対象物","","","","","","","","","","要確認","","","","","","","","","NITE-CHRIP"
"1315-07-7","セレン化ストロンチウム","対象物","","","","","","","","","","要確認","","","","","","","","","NITE-CHRIP"
"1315-09-9","セレン化亜鉛","対象物","","","","","","","","","","要確認","","","","","","","","","NITE-CHRIP"
"1315-11-3","Zinc telluride","対象物","","","","","","","","","","要確認","","","","","","","","","NITE-CHRIP"
"1317-34-6","三酸化二マンガン","対象物","該当","","","","?","","","","","要確認","","","","","","","","","NITE-CHRIP"
"1317-35-7","四酸化三マンガン","対象物","該当","","","","?","","","","","要確認","","","","","","","","","NITE-CHRIP"
"1317-38-0","酸化銅（ＩＩ）","対象物","該当","","","","","","","","","","","","","","","","","","NITE-CHRIP"
"1317-39-1","酸化銅（Ｉ）","対象物","該当","","","","","","","","","","","","","","","","","","NITE-CHRIP"
"1317-40-4","硫化銅（ＩＩ）","対象物","","","","","","","","","","","","","","","","","","","NITE-CHRIP"
"1317-41-5","セレン化銅（ＩＩ）","対象物","","","","","","","","","","要確認","","","","","","","","","NITE-CHRIP"
"1317-42-6","硫化コバルト（ＩＩ）","対象物","該当","","","","?","","","","","要確認","","","","","","","","","NITE-CHRIP"
"1317-61-9","酸化鉄","対象物","","","","","","","","","","","","","","","","","","","NITE-CHRIP"
"1317-70-0","二酸化チタン（アナターゼ型）","対象物","","","","","","","","","","","","","","","","","","","NITE-CHRIP"
"1317-80-2","二酸化チタン（ルチル型）","対象物","","","","","","","","","","","","","","","","","","","NITE-CHRIP"
"1317-95-9","Tripoli","対象物","","該当","","","","","","","","","","","","","","","","","NITE-CHRIP"
"1318-02-1","ゼオライト","対象物","","","","","","","","","","","","","","","","","","","NITE-CHRIP"
"1319-46-6","ジカルボナト（ジヒドロキシ）三鉛","対象物","","","","","","","","","","要確認","","","","","","","","","NITE-CHRIP"
"1320-37-2","ジクロロ（テトラフルオロ）エタン","対象物","","","","","","","","","","要確認","","","","","","","","","NITE-CHRIP"
"1321-12-6","ニトロトルエン","対象物","","","","","","","","","","","","","","","","","","","NITE-CHRIP"
"1321-38-6","ジイソシアナトトルエン","対象物","該当","","","","?","","","","","要確認","","","","","","","","","NITE-CHRIP"
"1321-64-8","ペンタクロロナフタレン","対象物","該当","","","","","","","","","","","","第一種特定","","","","","","NITE-CHRIP"
"1321-65-9","トリクロロナフタレン","対象物","該当","","","","","","","","","","","","第一種特定","","","","","","NITE-CHRIP"
"1321-74-0","ジビニルベンゼン","対象物","","","","該当","","","","","","","","","","","","","","","NITE-CHRIP"
"1321-94-4","メチルナフタレン","対象物","","","該当","","","","","","","要確認","","","","","","","","","NITE-CHRIP"
"1322-98-1","デシルベンゼンスルホン酸ナトリウム","対象物","","","","","","","","","","要確認","","","","","","","","","NITE-CHRIP"
"1325-75-3","リンモリブデンタングステン酸Ｎ－［４－［［４－（ジエチルアミノ）フェニル］フェニルメチレン］－２，５－シクロヘキサンジエン－１－イリデン］－Ｎ－エチルエタナミニウム","対象物","","","","","","","","","","要確認","","","","","","","","","NITE-CHRIP"
"1325-87-7","リンモリブデンタングステン酸Ｎ－［４－［［４－（ジエチルアミノ）フェニル］［４－（エチルアミノ）－１－ナフタレニル］］メチレン］－２，５－シクロヘキサジエン－１－イリデン］－Ｎ－エチルエタナミニウム","対象物","","","","","","","","","","要確認","","","","","","","","","NITE-CHRIP"
"1327-41-9","塩基性塩化アルミニウム","対象物","","","","","","","","","","","","","","","","","","","NITE-CHRIP"
"1327-50-0","三テルル化二アンチモン","対象物","","","","","","","","","","要確認","","","","","","","","","NITE-CHRIP"
"1327-52-2","ヒ酸","対象物","該当","","","","?","","","","","要確認","","","","","","","","","NITE-CHRIP"
"1327-53-3","三酸化二ヒ素","対象物","該当","","","","?","","","","","要確認","","","","","","","","","NITE-CHRIP"
"1328-53-6","ピグメントグリーン－７","対象物","","","","","","","","","","","","","","","","","","","NITE-CHRIP"
"1330-38-7","ダイレクト　ブルー－８６","対象物","","","","","","","","","","","","","","","","","","","NITE-CHRIP"
"1330-43-4","七酸化二ナトリウム四ホウ素","対象物","","","","","","","","","","要確認","","","","","","","","","NITE-CHRIP"
"1330-78-5","トリトリル＝ホスファート","対象物","該当","","","","","","","","","要確認","","","","","","","","","NITE-CHRIP"
"1331-47-1","ジクロロベンジジン","対象物","該当","","","","?","","","","","","","","","","","","","","NITE-CHRIP"
"1331-61-9","アンモニウム＝ドデシルベンゼンスルホナート","対象物","","","","","","","","","","要確認","","","","","","","","","NITE-CHRIP"
"1332-07-6","ホウ酸亜鉛","対象物","","","","","","","","","","要確認","","","","","","","","","NITE-CHRIP"
"1332-14-5","塩基性硫酸銅（ＩＩ）","対象物","","","","","","","","","","","","","","","","","","","NITE-CHRIP"
"1332-37-2","酸化鉄","対象物","","","","","","","","","","","","","","","","","","","NITE-CHRIP"
"1332-40-7","酸化塩化銅水和物","対象物","","","","","","","","","","","","","","","","","","","NITE-CHRIP"
"1332-62-3","水酸化マンガン","対象物","該当","","","","?","","","","","要確認","","","","","","","","","NITE-CHRIP"
"1332-65-6","オキシ塩化銅","対象物","","","","","","","","","","","","","","","","","","","NITE-CHRIP"
"1332-70-3","硫化コバルト","対象物","該当","","","","?","","","","","要確認","","","","","","","","","NITE-CHRIP"
"1332-71-4","硫化コバルト","対象物","該当","","","","?","","","","","要確認","","","","","","","","","NITE-CHRIP"
"1332-81-6","四酸化二アンチモン","対象物","","","","","","","","","","要確認","","","","","","","","","NITE-CHRIP"
"1333-83-1","フッ化水素ナトリウム","対象物","","","","","","","","","","要確認","","","","","","","","","NITE-CHRIP"
"1335-25-7","酸化鉛","対象物","","","","","","","","","","要確認","","","","","","","","","NITE-CHRIP"
"1335-31-5","μ－オキシド－ビス（シアニド水銀）","対象物","該当","","","","?","","","","","要確認","","","","","","","","","NITE-CHRIP"
"1335-32-6","ビス（アセタト－κＯ）（テトラヒドロキシ）三鉛","対象物","","該当","","","","","","","","要確認","","","","","","","","","NITE-CHRIP"
"1335-85-9","ジニトロオルトクレゾール","対象物","","","","","","","","","","","","","","","","","","","NITE-CHRIP"
"1335-87-1","ヘキサクロロナフタレン","対象物","該当","","","","","","","","","","","","第一種特定","","","","","","NITE-CHRIP"
"1335-88-2","テトラクロロナフタレン","対象物","","","","","","","","","","","","","第一種特定","","","","","","NITE-CHRIP"
"1336-21-6","水酸化アンモニウム","対象物","該当","","","","?","","","","","","","","","","","","","","NITE-CHRIP"
"1338-23-4","ブタン－２－オン＝ペルオキシド","対象物","該当","","","該当","","","","","","要確認","","","","","","","","","NITE-CHRIP"
"1344-08-7","硫化ナトリウム","対象物","該当","","","","","","","","","","","","","","","","","","NITE-CHRIP"
"1344-36-1","ジカルボナト（ジヒドロキシ）三鉛","対象物","","","","","","","","","","要確認","","","","","","","","","NITE-CHRIP"
"1344-37-2","Ｃ．Ｉ．ピグメントイエロー３４","対象物","該当","","","","","","","","","要確認","","","","","","","","","NITE-CHRIP"
"1344-40-7","ビス（酸化水酸化亜リン酸三鉛）一水和物","対象物","","該当","","","","","","","","要確認","","","","","","","","","NITE-CHRIP"
"1344-43-0","酸化マンガン（ＩＩ）","対象物","該当","","","","?","","","","","要確認","","","","","","","","","NITE-CHRIP"
"1344-48-5","硫化水銀（ＩＩ）","対象物","","","","","","","","","","要確認","","","","","","","","","NITE-CHRIP"
"1345-04-6","硫化アンチモン（ＩＩＩ）","対象物","","該当","","","","","","","","要確認","","","","","","","","","NITE-CHRIP"
"1345-16-0","Ｃ．Ｉ．ピグメントブルー２８","対象物","該当","","","","?","","","","","要確認","","","","","","","","","NITE-CHRIP"
"1345-25-1","酸化鉄","対象物","","","","","","","","","","","","","","","","","","","NITE-CHRIP"
"1395-21-7","バシロマイシン","対象物","該当","","","","","","","","","","","","","","","","","","NITE-CHRIP"
"1402-68-2","アフラトキシン","対象物","該当","該当","","","","","","","","","","","","","","","","","NITE-CHRIP"
"1435-48-9","１，３－ジクロロ－４－フルオロベンゼン","対象物","","","","","","","","","","","","","","","","","","","NITE-CHRIP"
"1449-55-4","テトラシクロヘキシルスタンナン","対象物","","","","","","","","","","要確認","","","","","","","","","NITE-CHRIP"
"1460-02-2","１，３，５－トリ－ｔｅｒｔ－ブチルベンゼン","対象物","","","","","","","","","","","","","","","","","","","NITE-CHRIP"
"1461-22-9","トリブタン－１－イル（クロロ）スタンナン","対象物","","","該当","","","","","","","要確認","","","","","","","","","NITE-CHRIP"
"1461-23-0","ブロモ（トリブチル）スタンナン","対象物","","","","","","","","","","要確認","","","","","","","","","NITE-CHRIP"
"1461-25-2","テトラブチルスズ","対象物","該当","","該当","","","","","","","要確認","","","","","","","","","NITE-CHRIP"
"1464-53-5","２，２’－ビオキシラン","対象物","","","","該当","","","","","","","","","","","","","","","NITE-CHRIP"
"1467-79-4","ジメチルカルバモニトリル","対象物","","","","","","","","","","","","","","","","","","","NITE-CHRIP"
"1477-55-0","メタキシリレンジアミン","対象物","該当","","","","","","","","","","","","","","","","","","NITE-CHRIP"
"1478-61-1","４，４’－［２，２，２－トリフルオロ－１－（トリフルオロメチル）エチリデン］ビスフエノール","対象物","該当","","","","","","","","","","","","","","","","","","NITE-CHRIP"
"1482-82-2","ジベンジルジセラン","対象物","","","","","","","","","","要確認","","","","","","","","","NITE-CHRIP"
"1493-13-6","三フッ化メタンスルホン酸","対象物","","","","","","","","","","","","","","","","","","","NITE-CHRIP"
"1499-33-8","メチル（トリフェニル）アルソニウム＝ヨージド","対象物","該当","","","","?","","","","","","","","","","","","","","NITE-CHRIP"
"1506-02-1","７－アセチル－１，１，３，４，４，６－ヘキサメチルテトラヒドロナフタレン","対象物","","","","","","","","","","","","","","","","","","","NITE-CHRIP"
"1522-92-5","３－ブロモ－２，２－ビス（ブロモメチル）プロパン－１－オール","対象物","該当","該当","","","","","","","","","","","","","","","","","NITE-CHRIP"
"1528-01-4","トリブチル（メチル）スタンナン","対象物","","","","","","","","","","要確認","","","","","","","","","NITE-CHRIP"
"1528-07-0","トリブロモブチルスズ","対象物","","","","","","","","","","要確認","","","","","","","","","NITE-CHRIP"
"1529-30-2","トリエチル（フェノキシ）スタンナン","対象物","","","","","","","","","","要確認","","","","","","","","","NITE-CHRIP"
"1538-62-1","Bis(acetato-O-)triphenylantimony","対象物","","","","","","","","","","要確認","","","","","","","","","NITE-CHRIP"
"1563-66-2","Ｎ－メチルカルバミン酸２，３－ジヒドロ－２，２－ジメチル－７－ベンゾ［ｂ］フラニル","対象物","","","該当","","","","","","","要確認","","","","","","","","","NITE-CHRIP"
"1569-01-3","１－プロポキシプロパン－２－オール","対象物","","","","該当","","","","","","","","","","","","","","","NITE-CHRIP"
"1569-02-4","１－エトキシプロパン－２－オール","対象物","該当","","該当","","","","","","","","","","","","","","","","NITE-CHRIP"
"1570-64-5","４－クロロ－ｏ－クレゾール","対象物","該当","","","","","","","","","","","","","","","","","","NITE-CHRIP"
"1576-35-8","ｐ－トルエンスルホノヒドラジド","対象物","","","","","","","","","","","","","","","","","","","NITE-CHRIP"
"1582-09-8","α，α，α－トリフルオロ－２，６－ジニトロ－Ｎ，Ｎ－ジプロピル－ｐ－トルイジン","対象物","該当","","","","","","","","","要確認","","","","","","","","","NITE-CHRIP"
"1586-91-0","トリフェニルメチリウム＝（ＯＣ－６－１１）－ヘキサクロロ－λ（５）－スチバヌイド","対象物","","","","","","","","","","要確認","","","","","","","","","NITE-CHRIP"
"1587-41-3","ジクロルジニトロメタン","対象物","","","","","","","","","","","","","","","","","","","NITE-CHRIP"
"1588-79-0","オクタン酸コバルト（ＩＩ）","対象物","","","","","","","","","","要確認","","","","","","","","","NITE-CHRIP"
"1590-87-0","ジシラン","対象物","","","","該当","","","","","","","","","","","","","","","NITE-CHRIP"
"1596-84-5","Daminozide","対象物","","","","","","","","","","","","","","","","","","","NITE-CHRIP"
"1600-27-7","酢酸水銀（ＩＩ）","対象物","該当","","","","","","","","","要確認","","","","","","","","","NITE-CHRIP"
"1609-86-5","２－イソシアナト－２－メチルプロパン","対象物","","","","","","","","","","","","","","","","","","","NITE-CHRIP"
"1615-80-1","１，２－ジエチルヒドラジン","対象物","","","","","","","","","","","","","","","","","","","NITE-CHRIP"
"1622-32-8","２－クロロエタンスルホニル＝クロリド","対象物","","","","","","","","","","","","","","","","","","","NITE-CHRIP"
"1631-73-8","トリメチルスタンナン","対象物","","","","","","","","","","要確認","","","","","","","","","NITE-CHRIP"
"1634-04-4","メチル－ｔｅｒｔ－ブチルエーテル","対象物","","","該当","該当","","","","","","","","","","","","","","","NITE-CHRIP"
"1635-61-6","５－クロロ－２－ニトロアニリン","対象物","","","","","","","","","","","","","","","","","","","NITE-CHRIP"
"1643-20-5","Ｎ－ドデシルジメチルアミン＝オキシド","対象物","","","","","","","","","","要確認","","","","","","","","","NITE-CHRIP"
"1663-39-4","ｔｅｒｔ－ブチル＝アクリラート","対象物","該当","","","該当","","","","","","","","","","","","","","","NITE-CHRIP"
"1666-13-3","ジフェニルジセラン","対象物","","","","","","","","","","要確認","","","","","","","","","NITE-CHRIP"
"1668-00-4","３，６－ビス［（２－アルソノフェニル）ジアゼニル］－４，５－ジヒドロキシナフタレン－２，７－ジスルホン酸","対象物","該当","","","","?","","","","","","","","","","","","","","NITE-CHRIP"
"1675-54-3","２，２－ビス［４－（オキシラン－２－イルメトキシ）フェニル］プロパン","対象物","該当","","","","","","","","","","","","","","","","","","NITE-CHRIP"
"1678-91-7","エチルシクロヘキサン","対象物","","","","","","","","","","要確認","","","","","","","","","NITE-CHRIP"
"1694-09-3","ナトリウム＝３－（Ｎ－｛４－［（４－｛ジメチルアミノ｝フェニル）（４－｛Ｎ－エチル［（３－スルホナトフェニル）メチル］アミノ｝フェニル）メチレン］－２，５－シクロヘキサジエン－１－イリデン｝－Ｎ－エチルアンモニオ）ベンゼンスルホナート","対象物","","","","","","","","","","","","","","","","","","","NITE-CHRIP"
"1717-00-6","１，１－ジクロロ－１－フルオロエタン","対象物","","","","","","","","","","要確認","","","","","","","","","NITE-CHRIP"
"1738-25-6","３－（ジメチルアミノ）プロパンニトリル","対象物","","","","該当","","","","","","","","","","","","","","","NITE-CHRIP"
"1746-01-6","２，３，７，８－テトラクロロジベンゾ－１，４－ジオキシン","対象物","","該当","","","","","","","","要確認","","","","","","","","","NITE-CHRIP"
"1752-30-3","アセトンチオセミカルバゾン","対象物","","","","","","","","","","","","","","","","","","","NITE-CHRIP"
"1755-01-7","ｒｅｌ－（１Ｒ，２Ｓ，６Ｒ，７Ｓ）－トリシクロ［５．２．１．０（２，６）］デカ－３，８－ジエン","対象物","","","","","","","","","","要確認","","","","","","","","","NITE-CHRIP"
"1758-73-2","二酸化チオウレア","対象物","","","","","","","","","","","","","","","","","","","NITE-CHRIP"
"1761-71-3","４，４’－メチレンビス（シクロヘキサン－１－アミン）","対象物","該当","","","","","","","","","","","","","","","","","","NITE-CHRIP"
"1762-26-1","エチルトリメチル鉛","対象物","該当","","","","","","","","","要確認","","","","","","","","","NITE-CHRIP"
"1762-27-2","ジエチルジメチル鉛","対象物","該当","","","","","","","","","要確認","","","","","","","","","NITE-CHRIP"
"1762-28-3","トリエチルメチル鉛","対象物","該当","","","","","","","","","要確認","","","","","","","","","NITE-CHRIP"
"1762-95-4","チオシアン酸アンモニウム","対象物","","","","","","","","","","","","","","","","","","","NITE-CHRIP"
"1763-23-1","ペルフルオロ（オクタン－１－スルホン酸）","対象物","該当","","","","","","","","","要確認","","","第一種特定","","","","","","NITE-CHRIP"
"1789-58-8","ジクロロエチルシラン","対象物","該当","","","該当","","","","","","","","","","","","","","","NITE-CHRIP"
"1803-12-9","トリフェニルスタンニル＝ジメチルジチオカルバマート","対象物","","","","","","","","","","要確認","","","","","","","","","NITE-CHRIP"
"1806-26-4","４－オクタン－１－イルフェノール","対象物","","","","","","","","","","要確認","","","","","","","","","NITE-CHRIP"
"1809-19-4","ジブタン－１－イル＝ホスホナート","対象物","","","","","","","","","","","","","","","","","","","NITE-CHRIP"
"1836-75-5","２，４－ジクロロフェニル－４’－ニトロフェニルエーテル","対象物","該当","該当","","","","","","","","","","","","","","","","","NITE-CHRIP"
"1852-16-0","Ｎ－ブトキシメチルアクリルアマイド","対象物","","","","","","","","","","","","","","","","","","","NITE-CHRIP"
"1861-40-1","Benfluralin","対象物","該当","","","","","","","","","要確認","","","","","","","","","NITE-CHRIP"
"1873-29-6","１－イソシアナト－２－メチルプロパン","対象物","","","","","","","","","","","","","","","","","","","NITE-CHRIP"
"1879-09-0","２－ｔｅｒｔ－ブチル－４，６－ジメチルフェノール","対象物","","","","","","","","","","","","","","","","","","","NITE-CHRIP"
"1885-14-9","フェニルクロルホーメート","対象物","","","","","","","","","","","","","","","","","","","NITE-CHRIP"
"1897-45-6","２，４，５，６－テトラクロロイソフタロニトリル","対象物","該当","","","","","","","","","要確認","","","","","","","","","NITE-CHRIP"
"1907-13-7","（アセチルオキシ）（トリエチル）スタンナン","対象物","","","","","","","","","","要確認","","","","","","","","","NITE-CHRIP"
"1910-42-5","１，１’－ジメチル［４，４’－ビピリジン］－１，１’－ジイウム＝ジクロリド","対象物","該当","","","","","","","","","要確認","","","","","","","","","NITE-CHRIP"
"1912-24-9","２－クロロ－４－エチルアミノ－６－イソプロピルアミノ－１，３，５－トリアジン","対象物","該当","","該当","","","","","","","要確認","","","","","","","","","NITE-CHRIP"
"1912-83-0","スズ（２＋）＝ジ（オクタノアート）","対象物","","","","","","","","","","","","","","","","","","","NITE-CHRIP"
"1912-84-1","スズ＝ジオレアート","対象物","","","","","","","","","","","","","","","","","","","NITE-CHRIP"
"1918-18-9","Ｎ－（３，４－ジクロロフェニル）カルバミン酸メチル","対象物","","","","","","","","","","","","","","","","","","","NITE-CHRIP"
"1929-77-7","Ｓ－プロピル＝ジプロピルチオカルバマート","対象物","","","","","","","","","","","","","","","","","","","NITE-CHRIP"
"1929-82-4","２－クロロ－６－トリクロロメチルピリジン","対象物","","","","","","","","","","","","","","","","","","","NITE-CHRIP"
"1931-62-0","ＯＯ－ｔｅｒｔ－ブチル＝水素＝モノペルオキシマレアート","対象物","該当","","","該当","","","","","","","","","","","","","","","NITE-CHRIP"
"1937-37-7","二ナトリウム＝４－アミノ－３－（｛４’－［（２，４－ジアミノフェニル）ジアゼニル］ビフェニル－４－イル｝ジアゼニル）－５－ヒドロキシ－６－（フェニルジアゼニル）ナフタレン－２，７－ジスルホナート","対象物","","該当","","","","","","","","要確認","","","","","","","","","NITE-CHRIP"
"1939-36-2","トリメチレンジアミン四酢酸","対象物","","","","","","","","","","","","","","","","","","","NITE-CHRIP"
"1948-33-0","２－ｔ－ブチル　ハイドロキノン","対象物","該当","","","","","","","","","","","","","","","","","","NITE-CHRIP"
"1954-36-5","フタロイルオキシビス（トリフェニルスズ）","対象物","","","","","","","","","","要確認","","","","","","","","","NITE-CHRIP"
"2039-87-4","ｏ－クロロスチレン","対象物","","","","","","","","","","","","","","","","","","","NITE-CHRIP"
"2040-52-0","（Ｔ－４）－ビス［オキサラト－κ（２）Ｏ（１），Ｏ（２）］トリウム","対象物","","該当","","","","","","","","","","","","","","","","","NITE-CHRIP"
"2045-00-3","（２－アミノフェニル）アルソン酸","対象物","該当","","","","?","","","","","","","","","","","","","","NITE-CHRIP"
"2050-67-1","３，３’－ジクロロビフェニル","対象物","該当","","","","?","","","","","要確認","","","第一種特定","","","","","","NITE-CHRIP"
"2050-68-2","４，４’－ジクロロビフェニル","対象物","該当","","","","?","","","","","要確認","","","第一種特定","","","","","","NITE-CHRIP"
"2051-24-3","２，２’，３，３’，４，４’，５，５’，６，６’－デカクロロビフェニル","対象物","該当","","","","?","","","","","要確認","","","第一種特定","","","","","","NITE-CHRIP"
"2051-60-7","２－クロロビフェニル","対象物","該当","","","","?","","","","","要確認","","","第一種特定","","","","","","NITE-CHRIP"
"2051-61-8","３－クロロビフェニル","対象物","該当","","","","?","","","","","要確認","","","第一種特定","","","","","","NITE-CHRIP"
"2051-62-9","４－クロロビフェニル","対象物","該当","","","","?","","","","","要確認","","","第一種特定","","","","","","NITE-CHRIP"
"2074-50-2","１，１’－ジメチル－４，４’－ビピリジン－１，１’－ジイウム＝ジメチル＝ジスルファート","対象物","該当","","","","","","","","","","","","","","","","","","NITE-CHRIP"
"2079-00-7","ブラストサイジンＳ","対象物","","","","","","","","","","","","","","","","","","","NITE-CHRIP"
"2082-79-3","３－（４’－ヒドロキシ－３’，５’－ジ－ｔｅｒｔ－ブチルフェニル）プロピオン酸－ｎ－オクタデシル","対象物","","","","","","","","","","","","","","","","","","","NITE-CHRIP"
"2082-81-7","ブタン－１，４－ジイル＝ジメタクリラート","対象物","該当","","","","","","","","","","","","","","","","","","NITE-CHRIP"
"2104-64-5","Ｏ－エチル＝Ｏ－４－ニトロフェニル＝フェニルホスホノチオアート","対象物","該当","","該当","","","","","","","要確認","","","","","","","","","NITE-CHRIP"
"2117-50-2","ビス（トリメチルスタンニル）エチン","対象物","","","","","","","","","","要確認","","","","","","","","","NITE-CHRIP"
"2136-70-1","２－（テトラデシルオキシ）エタノール","対象物","","","","","","","","","","要確認","","","","","","","","","NITE-CHRIP"
"2136-99-4","２，２’，３，３’，５，５’，６，６’－オクタクロロビフェニル","対象物","該当","","","","?","","","","","要確認","","","第一種特定","","","","","","NITE-CHRIP"
"2155-70-6","トリブタン－１－イルスタンニル＝メタクリラート","対象物","","","","","","","","","","要確認","","","","","","","","","NITE-CHRIP"
"2155-73-9","トリブチルスチバン","対象物","","","","","","","","","","要確認","","","","","","","","","NITE-CHRIP"
"2155-74-0","トリブトキシアンチモン（ＩＩＩ）","対象物","","","","","","","","","","要確認","","","","","","","","","NITE-CHRIP"
"2155-75-1","２，２’，２’’－［スチビリジントリス（チオ）］トリス酢酸トリス（６－メチルヘプチル）","対象物","","","","","","","","","","要確認","","","","","","","","","NITE-CHRIP"
"2157-45-1","テトラキス（２－メトキシエトキシ）シラン","対象物","","","","","","","","","","","","","","","","","","","NITE-CHRIP"
"2176-98-9","テトラプロピルスタンナン","対象物","","","","","","","","","","要確認","","","","","","","","","NITE-CHRIP"
"2179-59-1","アリル－ｎ－プロピルジスルフィド","対象物","該当","","該当","","","","","","","","","","","","","","","","NITE-CHRIP"
"2179-92-2","トリブチル（シアノ）スタンナン","対象物","","","","","","","","","","要確認","","","","","","","","","NITE-CHRIP"
"2179-99-9","ビス（ラウロキシ）ジメチルスズ","対象物","","","","","","","","","","要確認","","","","","","","","","NITE-CHRIP"
"2199-69-1","１，２－ジクロロ（（２）Ｈ４）ベンゼン","対象物","","","","","","","","","","要確認","","","","","","","","","NITE-CHRIP"
"2206-26-0","アセトニトリル－２，２，２－ｄ３","対象物","","","","","","","","","","","","","","","","","","","NITE-CHRIP"
"2210-25-5","Ｎ－イソプロピルアクリルアミド","対象物","","","","","","","","","","","","","","","","","","","NITE-CHRIP"
"2210-79-9","［（２－メチルフェノキシ）メチル］オキシラン","対象物","該当","","","","","","","","","要確認","","","","","","","","","NITE-CHRIP"
"2212-67-1","Ｓ－エチル＝ヘキサヒドロ－１Ｈ－アゼピン－１－カルボチオアート","対象物","","","","","","","","","","要確認","","","","","","","","","NITE-CHRIP"
"2213-23-2","２，４－ジメチルヘプタン","対象物","","","","","","","","","","","","","","","","","","","NITE-CHRIP"
"2216-30-0","２，５－ジメチルヘプタン","対象物","","","","","","","","","","","","","","","","","","","NITE-CHRIP"
"2216-32-2","４－エチルヘプタン","対象物","","","","","","","","","","","","","","","","","","","NITE-CHRIP"
"2216-33-3","３－メチルオクタン","対象物","","","","","","","","","","","","","","","","","","","NITE-CHRIP"
"2216-34-4","４－メチルオクタン","対象物","","","","","","","","","","","","","","","","","","","NITE-CHRIP"
"2216-51-5","（１Ｒ，３Ｒ，４Ｓ）－ｐ－メンタン－３－オール","対象物","","","","","","","","","","","","","","","","","","","NITE-CHRIP"
"2223-93-0","ステアリン酸カドミウム（ＩＩ）","対象物","該当","該当","","","?","","","","","要確認","","","","","","","","","NITE-CHRIP"
"2223-95-2","ステアリン酸ニッケル","対象物","該当","","","","?","","","","","要確認","","","","","","","","","NITE-CHRIP"
"2227-17-0","１，１’，２，２’，３，３’，４，４’，５，５’－デカクロロ－１，１’－ビ（シクロペンタ－２，４－ジエン）","対象物","","","","","","","","","","","","","","","","","","","NITE-CHRIP"
"2231-57-4","チオカルバジド（チオカルボヒドラジド）","対象物","","","","","","","","","","","","","","","","","","","NITE-CHRIP"
"2232-69-1","ジメチル［ビス（テトラデカノイルオキシ）］スタンナン","対象物","","","","","","","","","","要確認","","","","","","","","","NITE-CHRIP"
"2234-13-1","ペルクロロナフタレン","対象物","該当","","","","","","","","","","","","第一種特定","","","","","","NITE-CHRIP"
"2235-25-8","二水素＝エタニド（ホスファト－κＯ）メルクラート（２－）","対象物","該当","","","","?","","","","","要確認","","","","","","","","","NITE-CHRIP"
"2243-62-1","ナフタレン－１，５－ジイルジアミン","対象物","該当","","","","","","","","","","","","","","","","","","NITE-CHRIP"
"2269-22-9","アルミニウム＝トリス（ブタン－２－オラート）","対象物","","","","","","","","","","","","","","","","","","","NITE-CHRIP"
"2273-43-0","ブチルヒドロキシオキソスズ","対象物","","","","","","","","","","要確認","","","","","","","","","NITE-CHRIP"
"2273-45-2","ジメチルスズオキサイド","対象物","","","","","","","","","","要確認","","","","","","","","","NITE-CHRIP"
"2273-46-3","オキソ（ジペンチル）スタンナン","対象物","","","","","","","","","","要確認","","","","","","","","","NITE-CHRIP"
"2273-48-5","ジドデシル（オキソ）スタンナン","対象物","","","","","","","","","","要確認","","","","","","","","","NITE-CHRIP"
"2273-51-0","オキソ（ジフェニル）スタンナン","対象物","","","","","","","","","","要確認","","","","","","","","","NITE-CHRIP"
"2274-67-1","りん酸２－クロロ－１－（２，４－ジクロロフェニル）ビニル＝ジメチル","対象物","","","","","","","","","","","","","","","","","","","NITE-CHRIP"
"2275-14-1","ジエチル－２，５－ジクロルフェニルメルカプトメチルジチオホスフェイト","対象物","","","","","","","","","","","","","","","","","","","NITE-CHRIP"
"2275-23-2","チオりん酸Ｏ，Ｏ－ジメチル－Ｓ－｛２－［１－（Ｎ－メチルカルバモイル）エチルチオ］エチル｝","対象物","","","","","","","","","","","","","","","","","","","NITE-CHRIP"
"2279-76-7","クロロ（トリプロパン－１－イル）スタンナン","対象物","","","","","","","","","","要確認","","","","","","","","","NITE-CHRIP"
"2303-16-4","Ｓ－（２，３－ジクロロアリル）＝ジイソプロピルチオカルバマート","対象物","","","","","","","","","","","","","","","","","","","NITE-CHRIP"
"2310-17-0","ジチオリン酸Ｏ，Ｏ－ジエチル－Ｓ－［（６－クロロ－２，３－ジヒドロ－２－オキソベンゾオキサゾリニル）メチル］","対象物","","","","","","","","","","","","","","","","","","","NITE-CHRIP"
"2312-35-8","２－（４－ｔｅｒｔ－ブチルフェノキシ）シクロヘキシル＝２－プロピニル＝スルフィット","対象物","","","","","","","","","","要確認","","","","","","","","","NITE-CHRIP"
"2312-76-7","ナトリウム＝２－メチル－４，６－ジニトロフェノラート","対象物","","","","","","","","","","","","","","","","","","","NITE-CHRIP"
"2314-97-8","トリフルオロヨードメタン","対象物","","","","","","","","","","","","","","","","","","","NITE-CHRIP"
"2346-99-8","メチルシクロヘキシル－４－クロルフェニルチオホスフェイト","対象物","","","","","","","","","","","","","","","","","","","NITE-CHRIP"
"2372-82-9","Ｎ－（３－アミノプロピル）－Ｎ－ドデシルプロパン－１，３－ジアミン","対象物","該当","","","","","","","","","","","","","","","","","","NITE-CHRIP"
"2385-85-5","ペルクロロペンタシクロ［５．３．０．０（２，６）．０（３，９）．０（４，８）］デカン","対象物","","","","","","","","","","","","","第一種特定","","","","","","NITE-CHRIP"
"2386-87-0","３，４－エポキシシクロヘキシルメチル（３，４－エポキシ）シクロヘキサンカルボキシレート","対象物","該当","","","","","","","","","","","","","","","","","","NITE-CHRIP"
"2399-48-6","（オキソラン－２－イル）メチル＝アクリラート","対象物","該当","","","","","","","","","","","","","","","","","","NITE-CHRIP"
"2402-79-1","２，３，５，６－テトラクロロピリジン","対象物","","","","","","","","","","","","","","","","","","","NITE-CHRIP"
"2403-88-5","４－ヒドロキシ－２，２，６，６－テトラメチルピペリジン","対象物","該当","","","","","","","","","","","","","","","","","","NITE-CHRIP"
"2406-65-7","ブチルスタンナン","対象物","","","","","","","","","","要確認","","","","","","","","","NITE-CHRIP"
"2409-55-4","２－ｔｅｒｔ－ブチル－ｐ－クレゾール","対象物","","","","","","","","","","","","","","","","","","","NITE-CHRIP"
"2414-98-4","マグネシウム＝ジエタノラート","対象物","","","","","","","","","","","","","","","","","","","NITE-CHRIP"
"2416-94-6","２，３，６－トリメチルフェノール","対象物","","","","","","","","","","","","","","","","","","","NITE-CHRIP"
"2420-97-5","４－メチル安息香酸カドミウム（ＩＩ）","対象物","該当","","","","?","","","","","要確認","","","","","","","","","NITE-CHRIP"
"2425-79-8","１，４－ブタンジオールジグリシジルエーテル","対象物","該当","","","","","","","","","","","","","","","","","","NITE-CHRIP"
"2429-74-5","テトラナトリウム＝３，３’－［（３，３’－ジメトキシ－４，４’－ビフェニリレン）ビス（アゾ）］ビス（５－アミノ－４－ヒドロキシ－２，７－ナフタレンジスルホナート）","対象物","","","","","","","","","","","","","","","","","","","NITE-CHRIP"
"2431-50-7","トリクロロブテン","対象物","該当","","","","","","","","","","","","","","","","","","NITE-CHRIP"
"2437-79-8","２，２’，４，４’－テトラクロロビフェニル","対象物","該当","","","","?","","","","","要確認","","","第一種特定","","","","","","NITE-CHRIP"
"2439-35-2","２－（ジメチルアミノ）エチル＝アクリラート","対象物","該当","","","該当","","","","","","要確認","","","","","","","","","NITE-CHRIP"
"2440-34-8","（４－メチル－Ｎ－フェニルベンゼンスルホンアミダト－Ｎ）フェニル水銀","対象物","","","","","","","","","","要確認","","","","","","","","","NITE-CHRIP"
"2440-45-1","リン酸水素ビス（エチル水銀）","対象物","該当","","","","?","","","","","要確認","","","","","","","","","NITE-CHRIP"
"2451-62-9","１，３，５－トリス（オキシラン－２－イルメチル）－１，３，５－トリアジナン－２，４，６－トリオン","対象物","該当","","","","","","","","","要確認","","","","","","","","","NITE-CHRIP"
"2455-24-5","（オキソラン－２－イル）メチル＝メタクリラート","対象物","該当","","","","","","","","","","","","","","","","","","NITE-CHRIP"
"2465-27-2","４，４’－（イミノメチレン）ビス（Ｎ，Ｎ－ジメチルアニリン）一塩酸塩","対象物","該当","","","","?","","","","","","","","","","","","","","NITE-CHRIP"
"2475-45-8","１，４，７，８－テトラアミノアントラキノン","対象物","該当","","","","","","","","","","","","","","","","","","NITE-CHRIP"
"2489-77-2","トリメチルチオ尿素","対象物","","","","","","","","","","","","","","","","","","","NITE-CHRIP"
"2524-03-0","クロロチオホスホン酸＝Ｏ，Ｏ－ジメチル","対象物","該当","","","","","","","","","","","","","","","","","","NITE-CHRIP"
"2528-36-1","ジブタン－１－イル＝フェニル＝ホスファート","対象物","該当","","","","","","","","","要確認","","","","","","","","","NITE-CHRIP"
"2530-83-8","トリメトキシ［３－（オキシラン－２－イルメトキシ）プロピル］シラン","対象物","該当","","","","","","","","","要確認","","","","","","","","","NITE-CHRIP"
"2530-87-2","（３－クロロプロピル）（トリメトキシ）シラン","対象物","","","","該当","","","","","","","","","","","","","","","NITE-CHRIP"
"2551-62-4","六フッ化硫黄","対象物","","","","","","","","","","","","","","","","","","","NITE-CHRIP"
"2570-63-0","酢酸タリウム","対象物","","","","","","","","","","要確認","","","","","","","","","NITE-CHRIP"
"2578-27-0","２－アミノ－４－（エチルセラニル）ブタン酸","対象物","","","","","","","","","","要確認","","","","","","","","","NITE-CHRIP"
"2578-28-1","２－アミノ－４－（メチルセラニル）ブタン酸","対象物","","","","","","","","","","要確認","","","","","","","","","NITE-CHRIP"
"2579-20-6","シクロヘキサン－１，３－ジイルビス（メチルアミン）","対象物","該当","","","","","","","","","","","","","","","","","","NITE-CHRIP"
"2581-34-2","４－ニトロ－ｍ－クレゾール","対象物","該当","","","","","","","","","","","","","","","","","","NITE-CHRIP"
"2587-76-0","クロロ（トリオクチル）スタンナン","対象物","","","","","","","","","","要確認","","","","","","","","","NITE-CHRIP"
"2591-32-4","４－ドデシル－１，１，１，８，８，８－ヘキサフェニル－２，７－ジオキサ－１，８－ジスタンナオクタン－３，６－ジオン","対象物","","","","","","","","","","要確認","","","","","","","","","NITE-CHRIP"
"2593-15-9","５－エトキシ－３－トリクロロメチル－１，２，４－チアジアゾール","対象物","該当","","","","","","","","","","","","","","","","","","NITE-CHRIP"
"2595-54-2","エチル－Ｎ－（ジエチルジチオホスホリールアセチル）－Ｎ－メチルカルバメート","対象物","","","","","","","","","","","","","","","","","","","NITE-CHRIP"
"2602-46-2","四ナトリウム＝５，５’－ジアミノ－４，４’－ジヒドロキシ－３，３’－［ビフェニル－４，４’－ジイルビス（ジアゼンジイル）］ビス（ナフタレン－２，７－ジスルホナート）","対象物","","該当","","","","","","","","","","","","","","","","","NITE-CHRIP"
"2605-44-9","ラウリン酸カドミウム（ＩＩ）","対象物","該当","該当","","","?","","","","","要確認","","","","","","","","","NITE-CHRIP"
"2618-77-1","２，５－ジメチル－２，５－ジ（ベンゾイルペルオキシ）ヘキサン","対象物","","","","該当","","","","","","","","","","","","","","","NITE-CHRIP"
"2631-37-0","３－メチル－５－イソプロピルフェニル－Ｎ－メチルカルバメート","対象物","","","","","","","","","","","","","","","","","","","NITE-CHRIP"
"2631-40-5","２－イソプロピルフェニル＝メチルカルバマート","対象物","","","","","","","","","","","","","","","","","","","NITE-CHRIP"
"2634-33-5","１，２－ベンゾチアゾリン－３－オン","対象物","該当","","","","","","","","","","","","","","","","","","NITE-CHRIP"
"2636-26-2","Ｏ，Ｏ－ジメチル＝Ｏ－（４－シアノフェニル）＝ホスホロチオアート［別名：シアノホス（ＣＹＡＰ）］","対象物","","","","","","","","","","要確認","","","","","","","","","NITE-CHRIP"
"2641-56-7","ジエチル［ビス（オクタノイルオキシ）］スタンナン","対象物","","","","","","","","","","要確認","","","","","","","","","NITE-CHRIP"
"2646-17-5","１－［（２－メチルフェニル）アゾ］－２－ナフトール","対象物","","","","","","","","","","","","","","","","","","","NITE-CHRIP"
"2655-14-3","Ｎ－メチルカルバミン酸－３，５－キシリル","対象物","","","","","","","","","","","","","","","","","","","NITE-CHRIP"
"2669-35-4","トリブチル［（シクロヘキシルカルボニル）オキシ］スタンナン","対象物","","","","","","","","","","要確認","","","","","","","","","NITE-CHRIP"
"2674-91-1","ジメチルエチルスルフィニルイソプロピルチオホスフェイト","対象物","","","","","","","","","","","","","","","","","","","NITE-CHRIP"
"2682-20-4","２－メチル－４－イソチアゾリン－３－オン","対象物","該当","","","","","","","","","","","","","","","","","","NITE-CHRIP"
"2687-91-4","１－エチルピロリジン－２－オン","対象物","","","","","","","","","","","","","","","","","","","NITE-CHRIP"
"2691-41-0","シクロテトラメチレンテトラニトラミン","対象物","","","","","","","","","","","","","","","","","","","NITE-CHRIP"
"2698-41-1","２－クロロベンジリデンマロノニトリル","対象物","該当","","","","","","","","","","","","","","","","","","NITE-CHRIP"
"2699-79-8","フッ化スルフリル","対象物","","","該当","","","","","","","","","","","","","","","","NITE-CHRIP"
"2757-18-8","マロン酸タリウム","対象物","","","","","","","","","","要確認","","","","","","","","","NITE-CHRIP"
"2765-29-9","シクロドデカ－１，５，９－トリエン","対象物","","","","","","","","","","","","","","","","","","","NITE-CHRIP"
"2767-41-1","ジクロロ（ジヘキシル）スタンナン","対象物","","","","","","","","","","要確認","","","","","","","","","NITE-CHRIP"
"2767-47-7","ジブロモ（ジメチル）スタンナン","対象物","","","","","","","","","","要確認","","","","","","","","","NITE-CHRIP"
"2767-54-6","ブロモ（トリエチル）スタンナン","対象物","","","","","","","","","","要確認","","","","","","","","","NITE-CHRIP"
"2767-55-7","ジエチル（ジヨード）スタンナン","対象物","","","","","","","","","","要確認","","","","","","","","","NITE-CHRIP"
"2767-61-5","ブロモ（トリプロピル）スタンナン","対象物","","","","","","","","","","要確認","","","","","","","","","NITE-CHRIP"
"2784-94-3","２，２’－［［４－（メチルアミノ）－３－ニトロフェニル］アミノ］ジエタノール","対象物","","","","","","","","","","","","","","","","","","","NITE-CHRIP"
"2795-39-3","カリウム＝ペルフルオロオクタン－１－スルホナート","対象物","","","","","","","","","","","","","第一種特定","","","","","","NITE-CHRIP"
"2797-51-5","２－アミノ－３－クロロ－１，４－ナフトキノン","対象物","該当","","","","","","","","","要確認","","","","","","","","","NITE-CHRIP"
"2800-96-6","酢酸スズ（ＩＶ）","対象物","","","","","","","","","","","","","","","","","","","NITE-CHRIP"
"2807-30-9","２－プロポキシエタノール","対象物","該当","","","該当","","","","","","","","","","","","","","","NITE-CHRIP"
"2809-21-4","（１－ヒドロキシエタン－１，１－ジイル）ビス（ホスホン酸）","対象物","該当","","","","","","","","","要確認","","","","","","","","","NITE-CHRIP"
"2813-95-8","２，４－ジニトロ－６－（１－メチルプロピル）－フェニルアセテート","対象物","","","","","","","","","","","","","","","","","","","NITE-CHRIP"
"2818-88-4","２－メチルベンゾセレナゾール","対象物","","","","","","","","","","要確認","","","","","","","","","NITE-CHRIP"
"2818-89-5","２，５－ジメチルベンゾセレナゾール","対象物","","","","","","","","","","要確認","","","","","","","","","NITE-CHRIP"
"2832-40-8","Ｎ－｛４－［（２－ヒドロキシ－５－メチルフェニル）ジアゼニル］フェニル｝アセトアミド","対象物","該当","","","","","","","","","","","","","","","","","","NITE-CHRIP"
"2835-95-2","５－アミノ－２－メチルフェノール","対象物","該当","","","","","","","","","","","","","","","","","","NITE-CHRIP"
"2837-89-0","２－クロロ－１，１，１，２－テトラフルオロエタン","対象物","","","","","","","","","","要確認","","","","","","","","","NITE-CHRIP"
"2847-16-7","デカン酸カドミウム（ＩＩ）","対象物","該当","","","","?","","","","","要確認","","","","","","","","","NITE-CHRIP"
"2847-58-7","ベンジル（トリフェニル）スタンナン","対象物","","","","","","","","","","要確認","","","","","","","","","NITE-CHRIP"
"2847-65-6","［（４－アセトアミドベンゾイル）オキシ］（トリフェニル）スタンナン","対象物","","","","","","","","","","要確認","","","","","","","","","NITE-CHRIP"
"2855-13-2","３－アミノメチル－３，５，５－トリメチルシクロヘキシルアミン","対象物","該当","","","","","","","","","","","","","","","","","","NITE-CHRIP"
"2865-19-2","ジブチルジヨードスズ","対象物","","","","","","","","","","要確認","","","","","","","","","NITE-CHRIP"
"2867-47-2","２－（ジメチルアミノ）エチル＝メタクリラート","対象物","該当","","","","","","","","","","","","","","","","","","NITE-CHRIP"
"2873-97-4","Ｎ－（１，１－ジメチル－３オキソブチル）アクリルアマイド（ダイアセトンアクリルアミド）","対象物","","","","","","","","","","","","","","","","","","","NITE-CHRIP"
"2879-85-8","ギ酸スズ（ＩＩ）","対象物","","","","","","","","","","","","","","","","","","","NITE-CHRIP"
"2893-78-9","ナトリウム＝３，５－ジクロロ－２，４，６－トリオキソ－１，３，５－トリアジナン－１－イド","対象物","","","","","","","","","","","","","","","","","","","NITE-CHRIP"
"2897-21-4","２，２’－ジアミノ－３，３’－ジセランジイルジプロパン酸","対象物","","","","","","","","","","要確認","","","","","","","","","NITE-CHRIP"
"2897-46-3","（アセチルオキシ）（トリヘキシル）スタンナン","対象物","","","","","","","","","","要確認","","","","","","","","","NITE-CHRIP"
"2921-88-2","チオリン酸Ｏ，Ｏ－ジエチル－Ｏ－（３，５，６－トリクロロ－２－ピリジル）","対象物","該当","","該当","","","","","","","要確認","","","","","","","","","NITE-CHRIP"
"2937-50-0","アリル＝クロロホルマート","対象物","","","","該当","","","","","","","","","","","","","","","NITE-CHRIP"
"2943-86-4","トリエチル（ヨード）スタンナン","対象物","","","","","","","","","","要確認","","","","","","","","","NITE-CHRIP"
"2946-17-0","５－メトキシ－２－メチルベンゾセレナゾール","対象物","","","","","","","","","","要確認","","","","","","","","","NITE-CHRIP"
"2946-20-5","２，５，６－トリメチルベンゾセレナゾール","対象物","","","","","","","","","","要確認","","","","","","","","","NITE-CHRIP"
"2949-42-0","テトライソプロピルスタンナン","対象物","","","","","","","","","","要確認","","","","","","","","","NITE-CHRIP"
"2971-90-6","３，５－ジクロロ－２，６－ジメチル－４－ピリジノール","対象物","","","","","","","","","","","","","","","","","","","NITE-CHRIP"
"2974-90-5","３，４’－ジクロロビフェニル","対象物","該当","","","","?","","","","","要確認","","","第一種特定","","","","","","NITE-CHRIP"
"2974-92-7","３，４－ジクロロビフェニル","対象物","該当","","","","?","","","","","要確認","","","第一種特定","","","","","","NITE-CHRIP"
"3006-82-4","ｔｅｒｔ－ブチル＝２－エチルペルオキシヘキサノアート","対象物","該当","","","該当","","","","","","要確認","","","","","","","","","NITE-CHRIP"
"3006-86-8","１，１－ビス（ｔ－ブチルパーオキシ）シクロヘキサン","対象物","","","","該当","","","","","","","","","","","","","","","NITE-CHRIP"
"3017-60-5","チオシアン酸コバルト（ＩＩ）","対象物","該当","","","","?","","","","","要確認","","","","","","","","","NITE-CHRIP"
"3021-41-8","１，１，１，５，５，５－ヘキサフェニル－２，４－ジオキサ－３－チア－１，５－ジスタンナペンタン＝３，３－ジオキシド","対象物","","","","","","","","","","要確認","","","","","","","","","NITE-CHRIP"
"3026-22-0","安息香酸カドミウム（ＩＩ）","対象物","該当","","","","?","","","","","要確認","","","","","","","","","NITE-CHRIP"
"3026-81-1","２，２’－［（ジブチルスタンナンジイル）ビス（スルファンジイル）］ジエタノール","対象物","","","","","","","","","","要確認","","","","","","","","","NITE-CHRIP"
"3030-47-5","Ｎ－メチル－Ｎ，Ｎ－ビス（２－ジメチルアミノエチル）アミン","対象物","該当","","","","","","","","","","","","","","","","","","NITE-CHRIP"
"3033-29-2","ジヒドロ－２，２－ジオクチル－６Ｈ－１，３，２－オキサチアスタンニン－６－オン","対象物","","","","","","","","","","要確認","","","","","","","","","NITE-CHRIP"
"3033-62-3","ビス（２－ジメチルアミノエチル）エーテル","対象物","該当","","","","","","","","","","","","","","","","","","NITE-CHRIP"
"3040-44-6","β－ピペリジルエタノール","対象物","該当","","","","","","","","","","","","","","","","","","NITE-CHRIP"
"3048-64-4","５－ビニルビシクロ［２．２．１］ヘプタ－２－エン","対象物","","","","該当","","","","","","","","","","","","","","","NITE-CHRIP"
"3048-65-5","３ａ，４，７，７ａ－テトラヒドロ－１Ｈ－インデン","対象物","","","","","","","","","","","","","","","","","","","NITE-CHRIP"
"3050-88-2","トリス（４－ノニルフェニル）＝ホスフィット","対象物","","","","","","","","","","","","","","","","","","","NITE-CHRIP"
"3055-93-4","２－［２－（ドデシルオキシ）エトキシ］エタノール","対象物","","","","","","","","","","要確認","","","","","","","","","NITE-CHRIP"
"3055-94-5","２－｛２－［２－（ドデシルオキシ）エトキシ］エトキシ｝エタノール","対象物","","","","","","","","","","要確認","","","","","","","","","NITE-CHRIP"
"3055-95-6","３，６，９，１２，１５－ペンタオキサヘプタコサン－１－オール","対象物","","","","","","","","","","要確認","","","","","","","","","NITE-CHRIP"
"3055-99-0","３，６，９，１２，１５，１８，２１，２４，２７－ノナオキサノナトリアコンタン－１－オール","対象物","","","","","","","","","","要確認","","","","","","","","","NITE-CHRIP"
"3068-88-0","β－ブチロラクトン","対象物","","該当","","該当","","","","","","","","","","","","","","","NITE-CHRIP"
"3074-71-3","２，３－ジメチルヘプタン","対象物","","","","","","","","","","","","","","","","","","","NITE-CHRIP"
"3074-75-7","４－エチル－２－メチルヘキサン","対象物","","","","","","","","","","","","","","","","","","","NITE-CHRIP"
"3074-76-8","３－エチル－３－メチルヘキサン","対象物","","","","","","","","","","","","","","","","","","","NITE-CHRIP"
"3074-77-9","３－エチル－４－メチルヘキサン","対象物","","","","","","","","","","","","","","","","","","","NITE-CHRIP"
"3078-97-5","Ｏ－［４－（ジメチルスルファモイル）フェニル］＝Ｏ，Ｏ－ジエチル＝ホスホロチオアート","対象物","","","","","","","","","","","","","","","","","","","NITE-CHRIP"
"3090-35-5","トリブチル［［（９Ｚ）－１－オキソ－オクタデセニル］オキシ］スズ","対象物","","","","","","","","","","要確認","","","","","","","","","NITE-CHRIP"
"3090-36-6","トリブタン－１－イルスタンニル＝ドデカノアート","対象物","","","","","","","","","","要確認","","","","","","","","","NITE-CHRIP"
"3091-18-7","ブロモ（トリペンチル）スタンナン","対象物","","","","","","","","","","要確認","","","","","","","","","NITE-CHRIP"
"3091-25-6","トリクロロ（オクチル）スタンナン","対象物","","","","","","","","","","要確認","","","","","","","","","NITE-CHRIP"
"3091-27-8","トリブロモオクチルスズ","対象物","","","","","","","","","","要確認","","","","","","","","","NITE-CHRIP"
"3091-32-5","クロロトリシクロヘキシルスズ","対象物","","","","","","","","","","要確認","","","","","","","","","NITE-CHRIP"
"3115-68-2","テトラブチルホスホニウム＝ブロミド","対象物","該当","","","","","","","","","","","","","","","","","","NITE-CHRIP"
"3120-74-9","３－メチル－４－（メチルスルファニル）フェノール","対象物","","","","","","","","","","","","","","","","","","","NITE-CHRIP"
"3121-61-7","２－メトキシエチル＝アクリラート","対象物","該当","","","該当","","","","","","","","","","","","","","","NITE-CHRIP"
"3129-91-7","ジシクロヘキシルアミン＝モノニトリット","対象物","","","","","","","","","","","","","","","","","","","NITE-CHRIP"
"3132-64-7","エピブロモヒドリン","対象物","","","","該当","","","","","","","","","","","","","","","NITE-CHRIP"
"3151-41-5","トリベンジル（クロロ）スタンナン","対象物","","","","","","","","","","要確認","","","","","","","","","NITE-CHRIP"
"3165-93-3","４－クロロ－２－メチルアニリン一塩酸塩","対象物","","該当","","","","","","","","","","","","","","","","","NITE-CHRIP"
"3173-72-6","１，５－ジイソシアナトナフタレン","対象物","該当","","","","","","","","","","","","","","","","","","NITE-CHRIP"
"3209-22-1","１，２－ジクロロ－３－ニトロベンゼン","対象物","","","","","","","","","","","","","","","","","","","NITE-CHRIP"
"3211-76-5","（Ｓ）－２－アミノ－４－（メチルセラニル）ブタン酸","対象物","","","","","","","","","","要確認","","","","","","","","","NITE-CHRIP"
"3221-61-2","２－メチルオクタン","対象物","","","","","","","","","","","","","","","","","","","NITE-CHRIP"
"3231-93-4","２，２－ジブチル－１，３－ジオキサ－７，９－ジチア－２－スタンナシクロドデカン－４，１２－ジオン","対象物","","","","","","","","","","要確認","","","","","","","","","NITE-CHRIP"
"3248-91-7","２，２’－ジメチル－４，４’－［（４－イミノ－３－メチルシクロヘキサ－２，５－ジエン－１－イリデン）メチレン］ジアニリン一塩酸塩","対象物","該当","","","","?","","","","","","","","","","","","","","NITE-CHRIP"
"3251-23-8","ビス（硝酸）銅（ＩＩ）","対象物","","","","該当","","","","","","要確認","","","","","","","","","NITE-CHRIP"
"3264-67-3","トリエチルオキソニウム＝（ＯＣ－６－１１）－ヘキサクロロ－λ（５）－スチバヌイド","対象物","","","","","","","","","","要確認","","","","","","","","","NITE-CHRIP"
"3264-82-2","ビス（アセチルアセトナト－Ｏ，Ｏ’）ニッケル","対象物","該当","","","","?","","","","","要確認","","","","","","","","","NITE-CHRIP"
"3267-78-5","（アセチルオキシ）（トリプロピル）スタンナン","対象物","","","","","","","","","","要確認","","","","","","","","","NITE-CHRIP"
"3268-49-3","３－（メチルスルファニル）プロパナール","対象物","該当","","","該当","","","","","","","","","","","","","","","NITE-CHRIP"
"3268-87-9","オクタクロロオキサントレン","対象物","","","","","","","","","","","","","","","","","","","NITE-CHRIP"
"3281-96-7","３，５－ジブロム－４－ヒドロキシ－４’－ニトロアゾベンゼン","対象物","","","","","","","","","","","","","","","","","","","NITE-CHRIP"
"3282-30-2","２，２－ジメチルプロパノイル＝クロリド","対象物","該当","","","該当","","","","","","","","","","","","","","","NITE-CHRIP"
"3296-90-0","ジブロモネオペンチルグリコール","対象物","","該当","","","","","","","","要確認","","","","","","","","","NITE-CHRIP"
"3309-87-3","ジメチル－Ｓ－パラクロルフェニルチオホスフェイト","対象物","","","","","","","","","","","","","","","","","","","NITE-CHRIP"
"3317-67-7","コバルトフタロシアニン","対象物","","","","","","","","","","要確認","","","","","","","","","NITE-CHRIP"
"3327-22-8","（３－クロロ－２－ヒドロキシプロピル）（トリメチル）アンモニウム＝クロリド","対象物","","","","","","","","","","","","","","","","","","","NITE-CHRIP"
"3333-52-6","テトラメチルコハク酸ニトリル","対象物","該当","","","","","","","","","","","","","","","","","","NITE-CHRIP"
"3333-67-3","炭酸ニッケル（ＩＩ）","対象物","該当","","","","?","","","","","要確認","","","","","","","","","NITE-CHRIP"
"3342-67-4","クロロ（トリペンチル）スタンナン","対象物","","","","","","","","","","要確認","","","","","","","","","NITE-CHRIP"
"3342-69-6","ジクロロ（ジシクロヘキシル）スタンナン","対象物","","","","","","","","","","要確認","","","","","","","","","NITE-CHRIP"
"3347-22-6","５，１０－ジオキソ－５，１０－ジヒドロナフト［２，３－ｂ］［１，４］ジチイン－２，３－ジカルボニトリル","対象物","該当","","","","","","","","","要確認","","","","","","","","","NITE-CHRIP"
"3349-36-8","ジブトキシジブチルスズ","対象物","","","","","","","","","","要確認","","","","","","","","","NITE-CHRIP"
"3349-38-0","ジブチルビス（オクチルオキシ）スズ","対象物","","","","","","","","","","要確認","","","","","","","","","NITE-CHRIP"
"3383-96-8","チオジ（ｐ－フェニレン）－ジオキシ－ビス（チオホスホン酸）Ｏ，Ｏ，Ｏ’，Ｏ’－テトラメチル","対象物","該当","","","","","","","","","","","","","","","","","","NITE-CHRIP"
"3385-78-2","トリメチルインジウム","対象物","","","","","","","","","","要確認","","","","","","","","","NITE-CHRIP"
"3391-86-4","１－オクテン－３－オール","対象物","該当","","","","","","","","","","","","","","","","","","NITE-CHRIP"
"3425-46-5","セレノシアン酸カリウム","対象物","","","","","","","","","","要確認","","","","","","","","","NITE-CHRIP"
"3440-79-7","エチル（トリプロピル）スタンナン","対象物","","","","","","","","","","要確認","","","","","","","","","NITE-CHRIP"
"3452-97-9","３，５，５－トリメチル－１－ヘキサノール","対象物","","","","","","","","","","要確認","","","","","","","","","NITE-CHRIP"
"3454-29-3","２，２’－［（｛２－エチル－２－［（オキシラン－２－イルメトキシ）メチル］プロパン－１，３－ジイル｝ビス（オキシ））ビス（メチレン）］ビス（オキシラン）","対象物","","","","","","","","","","","","","","","","","","","NITE-CHRIP"
"3457-61-2","ターシャリ－ブチル＝クミル＝ペルオキシド","対象物","","","","該当","","","","","","","","","","","","","","","NITE-CHRIP"
"3465-73-4","ジブチル［ビス（プロピオニルオキシ）］スタンナン","対象物","","","","","","","","","","要確認","","","","","","","","","NITE-CHRIP"
"3465-74-5","ジブチル［ビス（ペンタノイルオキシ）］スタンナン","対象物","","","","","","","","","","要確認","","","","","","","","","NITE-CHRIP"
"3465-75-6","ジブチル［ビス（デカノイルオキシ）］スタンナン","対象物","","","","","","","","","","要確認","","","","","","","","","NITE-CHRIP"
"3465-77-8","１，１，３，３－テトラブチル－１，３－ビス（ステアロイルオキシ）ジスタンノキサン","対象物","","","","","","","","","","要確認","","","","","","","","","NITE-CHRIP"
"3493-67-2","ジブチル（ドデカノイルオキシ）スタンナン","対象物","","","","","","","","","","要確認","","","","","","","","","NITE-CHRIP"
"3522-94-9","２，２，５－トリメチルヘキサン","対象物","","","","","","","","","","","","","","","","","","","NITE-CHRIP"
"3524-68-3","２－［（アクリロイルオキシ）メチル］－２－（ヒドロキシメチル）プロパン－１，３－ジイル＝ジアクリラート","対象物","該当","","","","","","","","","","","","","","","","","","NITE-CHRIP"
"3531-43-9","テトラキス（２－メチルプロピル）スズ","対象物","","","","","","","","","","要確認","","","","","","","","","NITE-CHRIP"
"3535-84-0","チオシアン酸タリウム（Ｉ）","対象物","","","","","","","","","","要確認","","","","","","","","","NITE-CHRIP"
"3542-13-0","２，２’－ジセランジイルジエタンアミン二塩酸塩","対象物","","","","","","","","","","要確認","","","","","","","","","NITE-CHRIP"
"3542-36-7","ジクロロジオクチルスズ","対象物","","","","","","","","","","要確認","","","","","","","","","NITE-CHRIP"
"3570-75-0","Ｎ’－［４－（５－ニトロ－２－フリル）－１，３－チアゾール－２－イル］ホルモヒドラジド","対象物","","","","","","","","","","","","","","","","","","","NITE-CHRIP"
"3572-47-2","ジオクチル（チオキソ）スタンナン","対象物","","","","","","","","","","要確認","","","","","","","","","NITE-CHRIP"
"3582-17-0","ジフルオロ（ジメチル）スタンナン","対象物","","","","","","","","","","要確認","","","","","","","","","NITE-CHRIP"
"3587-18-6","トリブチルフェノキシスズ","対象物","","","","","","","","","","要確認","","","","","","","","","NITE-CHRIP"
"3590-59-8","２，２－ジブチル－１，３，２－ジオキサスタンノラン","対象物","","","","","","","","","","要確認","","","","","","","","","NITE-CHRIP"
"3590-67-8","２，２－ジブチル－４，４，５，５－テトラメチル－１，３，２－ジオキサスタンノラン","対象物","","","","","","","","","","要確認","","","","","","","","","NITE-CHRIP"
"3590-83-8","テトラヘキシルスズ","対象物","","","","","","","","","","要確認","","","","","","","","","NITE-CHRIP"
"3590-84-9","テトラオクチルスズ","対象物","","","","","","","","","","要確認","","","","","","","","","NITE-CHRIP"
"3594-15-8","２，２－ジオクチル－１，３，７，２－ジオキサチアスタンネカン－４，１０－ジオン","対象物","","","","","","","","","","要確認","","","","","","","","","NITE-CHRIP"
"3634-62-6","ブチル（トリプロピル）スタンナン","対象物","","","","","","","","","","要確認","","","","","","","","","NITE-CHRIP"
"3634-83-1","１，３－ビス（イソシアナトメチル）ベンゼン","対象物","該当","","","","","","","","","","","","","","","","","","NITE-CHRIP"
"3643-76-3","三酢酸アンチモン（ＩＩＩ）","対象物","","","","","","","","","","要確認","","","","","","","","","NITE-CHRIP"
"3644-29-9","［（１－オキソドデシル）オキシ］トリフェニルスズ","対象物","","","","","","","","","","要確認","","","","","","","","","NITE-CHRIP"
"3644-32-4","トリブチル（４－ニトロフェノキシ）スタンナン","対象物","","","","","","","","","","要確認","","","","","","","","","NITE-CHRIP"
"3644-37-9","（ビフェニル－２－イルオキシ）（トリブチル）スタンナン","対象物","","","","","","","","","","要確認","","","","","","","","","NITE-CHRIP"
"3644-38-0","トリブチル（ペンタクロロフェノキシ）スズ","対象物","","","","","","","","","","要確認","","","第一種特定","","","","","","NITE-CHRIP"
"3646-94-4","エチル（トリヨード）スタンナン","対象物","","","","","","","","","","要確認","","","","","","","","","NITE-CHRIP"
"3648-18-8","ジオクチルビス［（１－オキソドデシル）オキシ］スズ","対象物","","","","","","","","","","要確認","","","","","","","","","NITE-CHRIP"
"3648-21-3","フタル酸ジ－ｎ－ヘプチル","対象物","","","","","","","","","","","","","","","","","","","NITE-CHRIP"
"3687-31-8","ビス（ヒ酸）三鉛（ＩＩ）","対象物","該当","","","","?","","","","","要確認","","","","","","","","","NITE-CHRIP"
"3689-24-5","オキシビス（チオホスホン酸）Ｏ，Ｏ，Ｏ’，Ｏ’－テトラエチル","対象物","該当","","","","","","","","","","","","","","","","","","NITE-CHRIP"
"3691-35-8","２－（フェニルパラクロルフェニルアセチル）－１，３－インダンジオン","対象物","該当","","","","","","","","","","","","","","","","","","NITE-CHRIP"
"3697-24-3","５－メチルクリセン","対象物","","","","","","","","","","","","","","","","","","","NITE-CHRIP"
"3699-30-7","カリウム＝ジエチルジチオカルバマート","対象物","","","","","","","","","","要確認","","","","","","","","","NITE-CHRIP"
"3710-30-3","オクタ－１，７－ジエン","対象物","","","","該当","","","","","","","","","","","","","","","NITE-CHRIP"
"3710-84-7","ジエチルヒドロキシアミン","対象物","","","","該当","","","","","","","","","","","","","","","NITE-CHRIP"
"3724-65-0","ブタ－２－エン酸","対象物","","","","","","","","","","","","","","","","","","","NITE-CHRIP"
"3761-41-9","Ｏ，Ｏ－ジメチル＝Ｏ－３－メチル－４－（メチルスルフィニル）フェニル＝ホスホロチオアート","対象物","","","","","","","","","","","","","","","","","","","NITE-CHRIP"
"3761-53-3","ジナトリウム＝４－［（２，４－ジメチルフェニル）アゾ］－３－ヒドロキシ－２，７－ナフタレンジスルホナート","対象物","","","","","","","","","","","","","","","","","","","NITE-CHRIP"
"3765-65-9","テトラペンチルスタンナン","対象物","","","","","","","","","","要確認","","","","","","","","","NITE-CHRIP"
"3766-81-2","Ｎ－メチルカルバミン酸２－ｓｅｃ－ブチルフェニル","対象物","該当","","","","","","","","","要確認","","","","","","","","","NITE-CHRIP"
"3772-44-9","２－（｛７－［（２－アルソノフェニル）ジアゼニル］－１，８－ジヒドロキシ－３，６－ジスルホ－２－ナフチル｝ジアゼニル）安息香酸","対象物","該当","","","","?","","","","","","","","","","","","","","NITE-CHRIP"
"3792-59-4","Ｏ－エチル－Ｏ－２，４－ジクロルフェニル－フェニルチオノホスホネート","対象物","","","","","","","","","","","","","","","","","","","NITE-CHRIP"
"3795-88-8","（Ｓ）－５－（モルホリノメチル）－３－｛［（５－ニトロ－２－フリル）メチリデン］アミノ｝－１，３－オキサゾリジン－２－オン","対象物","","","","","","","","","","","","","","","","","","","NITE-CHRIP"
"3811-49-2","２－メトキシ－４Ｈ－１，３，２－ベンゾジオキサホスホリン－２－スルフィド","対象物","","","","","","","","","","","","","","","","","","","NITE-CHRIP"
"3811-73-2","２－メルカプトピリジン－Ｎ－オキサイドナトリウム塩","対象物","該当","","","","","","","","","要確認","","","","","","","","","NITE-CHRIP"
"3825-26-1","アンモニウム＝２，２，３，３，４，４，５，５，６，６，７，７，８，８，８－ペンタデカフルオロオクタノアート","対象物","該当","","","","","","","","","要確認","","","第一種特定","","","","","","NITE-CHRIP"
"3846-71-7","２－（２Ｈ－ベンゾトリアゾール－２－イル）－４，６－ジ－ｔｅｒｔ－ブチルフェノール","対象物","","","","","","","","","","","","","第一種特定","","","","","","NITE-CHRIP"
"3861-47-0","オクタン酸＝４－シアノ－２，６－ジヨードフェニル","対象物","該当","","","","","","","","","要確認","","","","","","","","","NITE-CHRIP"
"3865-34-7","ジメチルビス（オレオイルオキシ）スタンナン","対象物","","","","","","","","","","要確認","","","","","","","","","NITE-CHRIP"
"3865-35-8","ジメチル［ビス（パルミトイルオキシ）］スタンナン","対象物","","","","","","","","","","要確認","","","","","","","","","NITE-CHRIP"
"3878-44-2","トリフェニルホスファン＝セレニド","対象物","","","","","","","","","","要確認","","","","","","","","","NITE-CHRIP"
"3882-73-3","Ｏ－イソプロピルジチオ炭酸ニッケル","対象物","該当","","","","?","","","","","要確認","","","","","","","","","NITE-CHRIP"
"3901-59-5","３－［（Ｓ）－ピペリジン－２－イル］ピリジン＝スルファート（１：？）","対象物","","","","","","","","","","","","","","","","","","","NITE-CHRIP"
"3912-86-5","トリブチル（シクロペンタ－２，４－ジエン－１－イル）スタンナン","対象物","","","","","","","","","","要確認","","","","","","","","","NITE-CHRIP"
"3926-62-3","モノクロル酢酸ソーダ","対象物","","","","","","","","","","","","","","","","","","","NITE-CHRIP"
"3942-54-9","Ｎ－メチルカルバミル－２－クロルフェノール","対象物","","","","","","","","","","","","","","","","","","","NITE-CHRIP"
"3955-81-5","ジメチルスズジリシノール酸塩","対象物","","","","","","","","","","要確認","","","","","","","","","NITE-CHRIP"
"3969-54-8","パラトリルアルソン酸","対象物","該当","","","","?","","","","","","","","","","","","","","NITE-CHRIP"
"4016-14-2","１，２－エポキシ－３－イソプロポキシプロパン","対象物","","","該当","該当","","","","","","","","","","","","","","","NITE-CHRIP"
"4016-24-4","ナトリウム＝１－（メトキシカルボニル）ペンタデカン－１－スルホナート","対象物","","","","","","","","","","","","","","","","","","","NITE-CHRIP"
"4027-13-8","トリブチル（ステアロイルオキシ）スタンナン","対象物","","","","","","","","","","要確認","","","","","","","","","NITE-CHRIP"
"4027-14-9","トリブチル（ノナノイルオキシ）スタンナン","対象物","","","","","","","","","","要確認","","","","","","","","","NITE-CHRIP"
"4027-17-2","トリブチル（シアナト）スタンナン","対象物","","","","","","","","","","要確認","","","","","","","","","NITE-CHRIP"
"4027-18-3","トリブチル｛［（Ｚ）－３－カルボキシアクリロイル］オキシ｝スタンナン","対象物","","","","","","","","","","要確認","","","","","","","","","NITE-CHRIP"
"4032-86-4","３，３－ジメチルヘプタン","対象物","","","","","","","","","","","","","","","","","","","NITE-CHRIP"
"4067-16-7","３，６，９，１２－テトラアザテトラデカン－１，１４－ジイルジアミン","対象物","","","","","","","","","","","","","","","","","","","NITE-CHRIP"
"4074-88-8","オキシジエチレン＝ジアクリラート","対象物","該当","","","","","","","","","","","","","","","","","","NITE-CHRIP"
"4098-71-9","３－イソシアナトメチル－３，５，５－トリメチルシクロヘキシル＝イソシアナート","対象物","該当","","該当","","","","","","","要確認","","","","","","","","","NITE-CHRIP"
"4109-96-0","二塩化シラン","対象物","該当","","","該当","","","","","","","","","","","","","","","NITE-CHRIP"
"4117-92-4","２，２－ジメチル－１，３，２－オキサチアスタノラン－５－オン","対象物","","","","","","","","","","要確認","","","","","","","","","NITE-CHRIP"
"4150-34-9","ヒドロペルオキシ（トリフェニル）スタンナン","対象物","","","","","","","","","","要確認","","","","","","","","","NITE-CHRIP"
"4151-92-2","［３－（アセチルスルファニル）プロピル］（トリブチル）スタンナン","対象物","","","","","","","","","","要確認","","","","","","","","","NITE-CHRIP"
"4165-61-1","[2,3,4,5,6-2H5]aniline","対象物","","","","","","","","","","要確認","","","","","","","","","NITE-CHRIP"
"4170-30-3","ブタ－２－エナール","対象物","該当","該当","該当","該当","","","","","","要確認","","","","","","","","","NITE-CHRIP"
"4253-22-9","ジブチル（チオキソ）スタンナン","対象物","","","","","","","","","","要確認","","","","","","","","","NITE-CHRIP"
"4253-34-3","トリス（アセチルオキシ）（メチル）シラン","対象物","該当","","","","","","","","","","","","","","","","","","NITE-CHRIP"
"4286-23-1","４－イソプロペニルフェノール","対象物","","","","","","","","","","","","","","","","","","","NITE-CHRIP"
"4294-65-9","ジフルオロ（ジ－ｐ－トリル）－λ（４）－テラン","対象物","","","","","","","","","","要確認","","","","","","","","","NITE-CHRIP"
"4342-30-7","トリブチル［（２－ヒドロキシベンゾイル）オキシ］スタンナン","対象物","","","","","","","","","","要確認","","","","","","","","","NITE-CHRIP"
"4342-33-0","トリブチル［（トリクロロアセチル）オキシ］スタンナン","対象物","","","","","","","","","","要確認","","","","","","","","","NITE-CHRIP"
"4342-36-3","トリブチルスズ　ベンゾエート","対象物","","","","","","","","","","要確認","","","","","","","","","NITE-CHRIP"
"4401-37-0","２，２’－［（ジブチルスタニレン）ビス（チオ）］ビス（酢酸）","対象物","","","","","","","","","","要確認","","","","","","","","","NITE-CHRIP"
"4403-63-8","トリエチル［（トリエチルスタンニル）ペルオキシ］スタンナン","対象物","","","","","","","","","","要確認","","","","","","","","","NITE-CHRIP"
"4418-26-2","３－アセチル－６－メチル－２Ｈ－ピラン－２，４（３Ｈ）－ジオンのナトリウム塩","対象物","","","","","","","","","","","","","","","","","","","NITE-CHRIP"
"4419-22-1","２－｛［（トリブチルスタンニル）オキシ］カルボニル｝－４－｛［（トリブチルスタンニル）オキシ］スルホニル｝フェノール","対象物","","","","","","","","","","要確認","","","","","","","","","NITE-CHRIP"
"4431-24-7","Ａｓ，Ａｓ，Ａｓ’，Ａｓ’－テトラフェニルエチレンビス（アルサン）","対象物","該当","","","","?","","","","","","","","","","","","","","NITE-CHRIP"
"4439-24-1","２－イソブトキシエタノール","対象物","","","","該当","","","","","","","","","","","","","","","NITE-CHRIP"
"4454-16-4","２－エチルカプロン酸ニッケル","対象物","該当","","","","?","","","","","要確認","","","","","","","","","NITE-CHRIP"
"4461-52-3","メトキシメタノール","対象物","","","","該当","","","","","","","","","","","","","","","NITE-CHRIP"
"4464-23-7","カドミウム＝ジホルマート","対象物","該当","","","","?","","","","","要確認","","","","","","","","","NITE-CHRIP"
"4536-30-5","２－（ドデシルオキシ）エタノール","対象物","","","","","","","","","","要確認","","","","","","","","","NITE-CHRIP"
"4549-40-0","Ｎ－メチル－Ｎ－ニトロソエテンアミン","対象物","","","","","","","","","","","","","","","","","","","NITE-CHRIP"
"4551-16-0","ヘキサメチルジシラテルラン","対象物","","","","","","","","","","要確認","","","","","","","","","NITE-CHRIP"
"4554-16-9","２，３－ジブロモプロパンニトリル","対象物","","","","","","","","","","","","","","","","","","","NITE-CHRIP"
"4628-88-0","トリメチル｛［３－（トリエチルスタンニル）プロパ－２－イン－１－イル］オキシ｝シラン","対象物","","","","","","","","","","要確認","","","","","","","","","NITE-CHRIP"
"4638-25-9","トリメチル（チオシアナト）スタンナン","対象物","","","","","","","","","","要確認","","","","","","","","","NITE-CHRIP"
"4685-14-7","１，１’－ジメチル－４，４’－ビピリジン－１，１’－ジイウム","対象物","該当","","","","","","","","","","","","","","","","","","NITE-CHRIP"
"4713-59-1","ジブロモ（ジフェニル）スタンナン","対象物","","","","","","","","","","要確認","","","","","","","","","NITE-CHRIP"
"4731-77-5","ジブチルビス［（１－オキソオクチル）オキシ］スズ","対象物","","","","","","","","","","要確認","","","","","","","","","NITE-CHRIP"
"4736-48-5","シクロドデカ－１，５，９－トリエン","対象物","","","","","","","","","","","","","","","","","","","NITE-CHRIP"
"4756-53-0","［１，４－フェニレンビス（カルボニルオキシ）］ビス［トリブチルスズ］","対象物","","","","","","","","","","要確認","","","","","","","","","NITE-CHRIP"
"4775-88-6","ジブチルビス（２，４－ペンタンジオナト）スズ（ＩＶ）","対象物","","","","","","","","","","要確認","","","","","","","","","NITE-CHRIP"
"4782-29-0","ビス（トリブタン－１－イルスタンニル）＝フタラート","対象物","","","","","","","","","","要確認","","","","","","","","","NITE-CHRIP"
"4808-30-4","ヘキサブチルジスタンナチアン","対象物","","","","","","","","","","要確認","","","","","","","","","NITE-CHRIP"
"4848-63-9","ジメチル［ビス（フェニルスルファニル）］スタンナン","対象物","","","","","","","","","","要確認","","","","","","","","","NITE-CHRIP"
"4904-61-4","１，５，９－シクロドデカトリエン","対象物","","","","","","","","","","","","","","","","","","","NITE-CHRIP"
"4933-27-1","１，３，２－ジオキサスチボラン","対象物","","","","","","","","","","要確認","","","","","","","","","NITE-CHRIP"
"4964-14-1","トリメチル（オキソ）－λ（５）－アルサン","対象物","該当","","","","?","","","","","","","","","","","","","","NITE-CHRIP"
"4979-32-2","Ｎ，Ｎ－ジシクロヘキサン－１－イル（１，３－ベンゾチアゾール－２－イルスルファニル）アミン","対象物","","","","","","","","","","要確認","","","","","","","","","NITE-CHRIP"
"4981-24-2","２，２－ジブチル－１，３，７，２－ジオキサチアスタンネカン－４，１０－ジオン","対象物","","","","","","","","","","要確認","","","","","","","","","NITE-CHRIP"
"5035-67-6","トリブチル［（２－エチルヘキサノイル）オキシ］スタンナン","対象物","","","","","","","","","","要確認","","","","","","","","","NITE-CHRIP"
"5035-68-7","トリブチル（テトラデカノイルオキシ）スタンナン","対象物","","","","","","","","","","要確認","","","","","","","","","NITE-CHRIP"
"5064-31-3","トリナトリウム＝２，２’，２’’－ニトリロトリアセタート","対象物","","","","","","","","","","要確認","","","","","","","","","NITE-CHRIP"
"5107-58-4","［ベンゼン－１，２，４，５－テトライルテトラキス（カルボニルオキシ）］テトラキス（トリブチルスタンナン）","対象物","","","","","","","","","","要確認","","","","","","","","","NITE-CHRIP"
"5107-59-5","トリブチル（イソニコチノイルオキシ）スタンナン","対象物","","","","","","","","","","要確認","","","","","","","","","NITE-CHRIP"
"5112-16-3","ノナン酸カドミウム（ＩＩ）","対象物","該当","","","","?","","","","","要確認","","","","","","","","","NITE-CHRIP"
"5117-16-8","１，１－ジメチル－２－セレノウレア","対象物","","","","","","","","","","要確認","","","","","","","","","NITE-CHRIP"
"5124-30-1","ビス（４－イソシアナトシクロヘキサン－１－イル）メタン","対象物","該当","","該当","","","","","","","","","","","","","","","","NITE-CHRIP"
"5131-66-8","１－ブトキシ－２－プロパノール","対象物","","","","","","","","","","","","","","","","","","","NITE-CHRIP"
"5216-25-1","ｐ－（トリクロロメチル）クロロベンゼン","対象物","該当","該当","","","","","","","","","","","","","","","","","NITE-CHRIP"
"5270-30-4","１，７－ジヒドロ－６Ｈ－プリン－６－セロン","対象物","","","","","","","","","","要確認","","","","","","","","","NITE-CHRIP"
"5271-60-3","２，２，７，７－テトラブチル－１，３，６，８，２，７－テトロキサジスタンネカン","対象物","","","","","","","","","","要確認","","","","","","","","","NITE-CHRIP"
"5274-68-0","３，６，９，１２－テトラオキサテトラコサン－１－オール","対象物","","","","","","","","","","要確認","","","","","","","","","NITE-CHRIP"
"5329-14-6","スルファミン酸","対象物","","","","","","","","","","","","","","","","","","","NITE-CHRIP"
"5332-73-0","３－メトキシプロピルアミン","対象物","該当","","","該当","","","","","","","","","","","","","","","NITE-CHRIP"
"5349-28-0","ロダン酢酸エチルエステル","対象物","","","","","","","","","","","","","","","","","","","NITE-CHRIP"
"5392-40-5","シトラール","対象物","該当","","","","","","","","","","","","","","","","","","NITE-CHRIP"
"5405-41-4","エチル＝３－ヒドロキシブタノアート","対象物","","","","","","","","","","","","","","","","","","","NITE-CHRIP"
"5410-29-7","（２－ニトロフェニル）アルソン酸","対象物","該当","","","","?","","","","","","","","","","","","","","NITE-CHRIP"
"5421-46-5","アンモニウム＝２－スルファニルアセタート","対象物","該当","","","","","","","","","","","","","","","","","","NITE-CHRIP"
"5435-64-3","３，５，５－トリメチルヘキサナール","対象物","該当","","","該当","","","","","","","","","","","","","","","NITE-CHRIP"
"5462-26-0","ブチルスズクロライド","対象物","","","","","","","","","","要確認","","","","","","","","","NITE-CHRIP"
"5488-45-9","トリブチル（８－キノリルオキシ）スタンナン","対象物","","","","","","","","","","要確認","","","","","","","","","NITE-CHRIP"
"5503-41-3","酢酸ロジウム（ＩＩ）","対象物","","","","","","","","","","","","","","","","","","","NITE-CHRIP"
"5522-43-0","１－ニトロピレン","対象物","","該当","","","","","","","","","","","","","","","","","NITE-CHRIP"
"5587-52-0","（Ｚ，Ｚ）－ジブチルビス［［４－（シクロヘキシルオキシ）－１，４－ジオキソ－２－ブテニル］オキシ］スズ","対象物","","","","","","","","","","要確認","","","","","","","","","NITE-CHRIP"
"5593-70-4","テトラブトキシチタン","対象物","","","","","","","","","","","","","","","","","","","NITE-CHRIP"
"5598-13-0","チオリン酸Ｏ－３，５，６－トリクロロ－２－ピリジル－Ｏ，Ｏ－ジメチル","対象物","","","","","","","","","","","","","","","","","","","NITE-CHRIP"
"5601-29-6","ビス［２－［（４，５－ジヒドロ－３－メチル－５－オキソ－１－フェニル－１Ｈ－ピラゾール－４－イル）アゾ］ベンゾアト（２－）］クロム酸水素","対象物","","","","","","","","","","要確認","","","","","","","","","NITE-CHRIP"
"5694-00-8","オキシラン－２－カルボキサミド","対象物","","該当","","","","","","","","","","","","","","","","","NITE-CHRIP"
"5700-39-0","６－（２－メトキシエトキシ）－２，５，７，１０－テトラオキサ－６－シラウンデカン","対象物","","","","","","","","","","","","","","","","","","","NITE-CHRIP"
"5707-04-0","ベンゼンセレネニル＝クロリド","対象物","","","","","","","","","","要確認","","","","","","","","","NITE-CHRIP"
"5707-44-8","４－エチルビフェニル","対象物","","","","","","","","","","","","","","","","","","","NITE-CHRIP"
"5762-18-5","（ベンゾイルスルファニル）（ジブチル）｛［（Ｚ）－３－｛［（２－エチルヘキシル）オキシ］カルボニル｝アクリロイル］オキシ｝スタンナン","対象物","","","","","","","","","","要確認","","","","","","","","","NITE-CHRIP"
"5810-88-8","ジ（２－エチルヘキシル）ジチオホスフェート","対象物","該当","","","該当","","","","","","","","","","","","","","","NITE-CHRIP"
"5827-56-5","テトラドデシルスタンナン","対象物","","","","","","","","","","要確認","","","","","","","","","NITE-CHRIP"
"5827-57-6","クロロ（トリドデシル）スタンナン","対象物","","","","","","","","","","要確認","","","","","","","","","NITE-CHRIP"
"5827-58-7","ジクロロ（ジドデシル）スタンナン","対象物","","","","","","","","","","要確認","","","","","","","","","NITE-CHRIP"
"5837-26-3","ビス（トリシクロヘキシルスズ）オキサイド","対象物","","","","","","","","","","要確認","","","","","","","","","NITE-CHRIP"
"5847-48-3","トリブチル（グリコロイルオキシ）スタンナン","対象物","","","","","","","","","","要確認","","","","","","","","","NITE-CHRIP"
"5847-51-8","トリブチル（ホルミルオキシ）スズ","対象物","","","","","","","","","","要確認","","","","","","","","","NITE-CHRIP"
"5847-52-9","トリブチル［（クロロアセチル）オキシ］スタンナン","対象物","","","","","","","","","","要確認","","","","","","","","","NITE-CHRIP"
"5847-53-0","トリブチル［（ジエチルチオカルバモイル）チオ］スズ","対象物","","","","","","","","","","要確認","","","","","","","","","NITE-CHRIP"
"5847-54-1","ビス（ベンゾイルオキシ）ジブチルスズ","対象物","","","","","","","","","","要確認","","","","","","","","","NITE-CHRIP"
"5847-55-2","ジブチルスズジステアレート","対象物","","","","","","","","","","要確認","","","","","","","","","NITE-CHRIP"
"5873-54-1","ジフェニルメタンジイソシアネート","対象物","該当","","","","","","","","","","","","","","","","","","NITE-CHRIP"
"5888-33-5","ｒｅｌ－（１Ｒ，２Ｒ，４Ｒ）－ボルナン－２－イル＝アクリラート","対象物","該当","","","","","","","","","","","","","","","","","","NITE-CHRIP"
"5902-51-2","３－ｔ－ブチル－５－クロロ－６－メチルウラシル","対象物","","","","","","","","","","要確認","","","","","","","","","NITE-CHRIP"
"5902-95-4","カルシウム＝ビス（水素＝メチルアルソナート）","対象物","該当","","","","?","","","","","","","","","","","","","","NITE-CHRIP"
"5903-13-9","Ｎ－メチル－Ｎ－（１－ナフチル）－モノフルオール酢酸アミド","対象物","","","","","","","","","","","","","","","","","","","NITE-CHRIP"
"5926-79-4","１，３－ビス（アセチルオキシ）－１，１，３，３－テトラメチルジスタンノキサン","対象物","","","","","","","","","","要確認","","","","","","","","","NITE-CHRIP"
"5931-89-5","酢酸コバルト（１：？）","対象物","","","","","","","","","","要確認","","","","","","","","","NITE-CHRIP"
"5965-38-8","（Ｔ－４）－ジアクア（オキサラト－κ（２）Ｏ（１），Ｏ（２））コバルト","対象物","","","","","","","","","","要確認","","","","","","","","","NITE-CHRIP"
"5970-45-6","酢酸亜鉛（ＩＩ）・二水和物","対象物","","","","","","","","","","要確認","","","","","","","","","NITE-CHRIP"
"5989-27-5","（Ｒ）－４－イソプロペニル－１－メチルシクロヘキサ－１－エン","対象物","該当","","","該当","","","","","","","","","","","","","","","NITE-CHRIP"
"6018-89-9","酢酸ニッケル（ＩＩ）・四水和物","対象物","該当","","","","?","","","","","要確認","","","","","","","","","NITE-CHRIP"
"6018-92-4","クエン酸ニッケル（ＩＩ）","対象物","該当","","","","?","","","","","要確認","","","","","","","","","NITE-CHRIP"
"6018-94-6","（Ｔ－４）－ジアクア（オキサラト（２－）－κ（２）Ｏ（１），Ｏ（３））ニッケル","対象物","該当","","","","?","","","","","要確認","","","","","","","","","NITE-CHRIP"
"6046-93-1","銅（２＋）＝ジアセタート一水和物","対象物","","","","","","","","","","要確認","","","","","","","","","NITE-CHRIP"
"6055-19-2","２－［ビス（２－クロロエチル）アミノ］－２－オキソ－１，３，２λ（５）－オキサザホスフィナン一水和物","対象物","","該当","","","","","","","","","","","","","","","","","NITE-CHRIP"
"6056-50-4","トリシクロヘキシルスタンナン","対象物","","","","","","","","","","要確認","","","","","","","","","NITE-CHRIP"
"6119-92-2","2-(1-methylheptyl)-4,6-dinitrophenyl crotonate","対象物","","","","","","","","","","","","","","","","","","","NITE-CHRIP"
"6130-43-4","アンモニウム＝トリデカフルオロヘプタノアート","対象物","","","","","","","","","","","","","","","","","","","NITE-CHRIP"
"6131-24-4","（Ｓ）－３－メチルヘキサン","対象物","","","","","","","","","","","","","","","","","","","NITE-CHRIP"
"6147-53-1","酢酸コバルト（ＩＩ）・四水和物","対象物","該当","該当","","","","","","","","要確認","","","","","","","","","NITE-CHRIP"
"6159-44-0","（Ｔ－４）－ビス（アセタト－κＯ）（ジオキソ）ウラン二水和物","対象物","","該当","","","","","","","","","","","","","","","","","NITE-CHRIP"
"6164-98-3","Ｎ’－（４－クロル－２－メチルフェニル）－Ｎ，Ｎ－ジメチル－ホルムアミジン","対象物","","","","","","","","","","","","","","","","","","","NITE-CHRIP"
"6165-51-1","１，４－ジメチル－２－（１－フェニルエチル）ベンゼン","対象物","","","","","","","","","","要確認","","","","","","","","","NITE-CHRIP"
"6190-65-4","６－クロロ－Ｎ－イソプロピル－１，３，５－トリアジン－２，４－ジアミン","対象物","","","","","","","","","","","","","","","","","","","NITE-CHRIP"
"6208-26-0","ビストリブチルスズオキサイド","対象物","","","","","","","","","","要確認","","","","","","","","","NITE-CHRIP"
"6259-76-3","ヘキシル＝２－ヒドロキシベンゾアート","対象物","該当","","","","","","","","","要確認","","","","","","","","","NITE-CHRIP"
"6317-18-6","メチレンビスチオシアネート","対象物","該当","","","","","","","","","","","","","","","","","","NITE-CHRIP"
"6358-53-8","１－［（２，５－ジメトキシフェニル）アゾ］－２－ナフトール","対象物","","","","","","","","","","","","","","","","","","","NITE-CHRIP"
"6362-80-7","４－メチル－２，４－ジフェニルペンタ－１－エン","対象物","該当","","","","","","","","","要確認","","","","","","","","","NITE-CHRIP"
"6369-59-1","２－メチルベンゼン－１，４－ジアミン＝スルファート＝（１：？）","対象物","","","","","","","","","","","","","","","","","","","NITE-CHRIP"
"6386-38-5","メチル＝３－（３，５－ジ－ｔｅｒｔ－ブチル－４－ヒドロキシフェニル）プロパノアート","対象物","","","","","","","","","","","","","","","","","","","NITE-CHRIP"
"6392-46-7","４－ジアリルアミノ－３，５－ジメチルフェニル－Ｎ－メチルカルバメート","対象物","","","","","","","","","","","","","","","","","","","NITE-CHRIP"
"6401-84-9","リノール酸コバルト（ＩＩ）","対象物","","","","","","","","","","要確認","","","","","","","","","NITE-CHRIP"
"6420-47-9","２－ｓｅｃ－ブチル－４，６－ジニトロフェノールと２，２’，２’’－ニトリロトリエタノールの化合物（１：１）","対象物","","","","","","","","","","","","","","","","","","","NITE-CHRIP"
"6423-43-4","二硝酸プロピレン","対象物","該当","","","","","","","","","","","","","","","","","","NITE-CHRIP"
"6423-72-9","Ａｒｓｏｎｉｃ　ａｃｉｄ，　ｍｅｔｈｙｌ－，　ｃａｌｃｉｕｍ　ｓａｌｔ　（１：１）","対象物","該当","","","","?","","","","","","","","","","","","","","NITE-CHRIP"
"6427-86-7","パルミチン酸カドミウム（ＩＩ）","対象物","該当","","","","?","","","","","要確認","","","","","","","","","NITE-CHRIP"
"6430-90-6","２，４，４’－トリブロモビフェニル","対象物","","","","","","","","","","","","","","","","","","","NITE-CHRIP"
"6449-00-9","炭酸クロム（ＩＩＩ）","対象物","該当","","","","","","","","","要確認","","","","","","","","","NITE-CHRIP"
"6452-61-5","ジブチル（ジフェニル）スタンナン","対象物","","","","","","","","","","要確認","","","","","","","","","NITE-CHRIP"
"6452-62-6","テトラキス（４－フェノキシフェニル）スタンナン","対象物","","","","","","","","","","要確認","","","","","","","","","NITE-CHRIP"
"6454-35-9","ビス（トリブタン－１－イルスタンニル）＝フマラート","対象物","","","","","","","","","","要確認","","","","","","","","","NITE-CHRIP"
"6459-94-5","ジナトリウム＝８－［（３，３’－ジメチル－４’－｛［４－（トシルオキシ）フェニル］ジアゼニル｝ビフェニル－４－イル）ジアゼニル］－７－ヒドロキシナフタレン－１，３－ジスルホナート","対象物","","","","","","","","","","","","","","","","","","","NITE-CHRIP"
"6465-92-5","カルシウム＝ビス（２，２－ジクロロビニル＝メチル＝ホスファート）と２，２－ジクロロビニル＝ジメチル＝ホスファートの化合物（１：２）","対象物","","","","","","","","","","","","","","","","","","","NITE-CHRIP"
"6485-40-1","（Ｒ）－２－メチル－５－（プロパ－１－エン－２－イル）シクロヘキサ－２－エン－１－オン","対象物","該当","","","","","","","","","","","","","","","","","","NITE-CHRIP"
"6517-25-5","トリブタン－１－イルスタンニル＝スルファマート","対象物","","","","","","","","","","要確認","","","","","","","","","NITE-CHRIP"
"6533-73-9","炭酸タリウム（Ｉ）","対象物","","","","","","","","","","要確認","","","","","","","","","NITE-CHRIP"
"6585-53-1","二鉄（３＋）＝トリ（メチルアルソナート）","対象物","該当","","","","?","","","","","","","","","","","","","","NITE-CHRIP"
"6649-23-6","テトラミゾール","対象物","","","","","","","","","","","","","","","","","","","NITE-CHRIP"
"6683-35-8","３，４，４’－トリブロモビフェニル","対象物","","","","","","","","","","","","","","","","","","","NITE-CHRIP"
"6688-50-2","３，３－ジブチル－２，４，３－ベンゾジオキサスタンネピン－１，５－ジオン","対象物","","","","","","","","","","要確認","","","","","","","","","NITE-CHRIP"
"6693-29-4","ｔｒａｎｓ，ｔｒａｎｓ－４，４’－メチレンビス（シクロヘキサンアミン）","対象物","","","","","","","","","","","","","","","","","","","NITE-CHRIP"
"6693-30-7","ｃｉｓ，ｔｒａｎｓ－４，４’－メチレンビス（シクロヘキサンアミン）","対象物","","","","","","","","","","","","","","","","","","","NITE-CHRIP"
"6693-31-8","ｃｉｓ，ｃｉｓ－４，４’－メチレンビス（シクロヘキサンアミン）","対象物","","","","","","","","","","","","","","","","","","","NITE-CHRIP"
"6700-85-2","オクタン酸コバルト（１：？）","対象物","","","","","","","","","","要確認","","","","","","","","","NITE-CHRIP"
"6731-36-8","１，１－ビス（ｔｅｒｔ－ブチルペルオキシ）－３，３，５－トリメチルシクロヘキサン","対象物","","","","該当","","","","","","","","","","","","","","","NITE-CHRIP"
"6795-81-9","ビス（トリクロロメチル）水銀","対象物","","","","","","","","","","要確認","","","","","","","","","NITE-CHRIP"
"6821-94-9","ジブチルビス［（ジブチルチオカルバモイル）スルファニル］スタンナン","対象物","","","","","","","","","","要確認","","","","","","","","","NITE-CHRIP"
"6834-92-0","メタケイ酸ナトリウム","対象物","該当","","","","","","","","","","","","","","","","","","NITE-CHRIP"
"6842-15-5","プロペン四量体","対象物","","","","","","","","","","","","","","","","","","","NITE-CHRIP"
"6864-37-5","２，２’－ジメチル－４，４’－メチレンビス（シクロヘキサン－１－イルアミン）","対象物","該当","","","","","","","","","","","","","","","","","","NITE-CHRIP"
"6915-15-7","ＤＬ－リンゴ酸","対象物","","","","","","","","","","","","","","","","","","","NITE-CHRIP"
"6923-22-4","リン酸ジメチル＝（Ｅ）－１－メチル－２－（Ｎ－メチルカルバモイル）ビニル","対象物","該当","","該当","","","","","","","","","","","","","","","","NITE-CHRIP"
"6923-52-0","アンチモン（３＋）＝トリアセタート","対象物","","","","","","","","","","要確認","","","","","","","","","NITE-CHRIP"
"6931-76-6","２，２，７，７－テトラブチル－１，６，３，８，２，７－ジオキサジチアジスタンネカン－５，１０－ジオン","対象物","","","","","","","","","","要確認","","","","","","","","","NITE-CHRIP"
"6988-21-2","２－（１，３－ジオキソラン－２－イル）－フェニル－Ｎ－メチルカルバメート","対象物","","","","","","","","","","","","","","","","","","","NITE-CHRIP"
"6994-59-8","スズ（２＋）＝ジステアラート","対象物","","","","","","","","","","","","","","","","","","","NITE-CHRIP"
"6995-92-2","ジブチル（メトキシ）スタンニル＝メチル＝マレアート","対象物","","","","","","","","","","要確認","","","","","","","","","NITE-CHRIP"
"6996-92-5","ベンゼンセレニン酸","対象物","","","","","","","","","","要確認","","","","","","","","","NITE-CHRIP"
"7012-37-5","２，４，４’－トリクロロビフェニル","対象物","該当","","","","?","","","","","要確認","","","第一種特定","","","","","","NITE-CHRIP"
"7056-83-9","ギ酸の鉛塩（１：？）","対象物","","","","","","","","","","要確認","","","","","","","","","NITE-CHRIP"
"7057-72-9","［オキサラト－κ（２）Ｏ（１），Ｏ（２）］銅","対象物","","","","","","","","","","","","","","","","","","","NITE-CHRIP"
"7067-44-9","ブチル（トリシクロヘキシル）スタンナン","対象物","","","","","","","","","","要確認","","","","","","","","","NITE-CHRIP"
"7085-85-0","２－シアノアクリル酸エチル","対象物","","","","","","","","","","","","","","","","","","","NITE-CHRIP"
"7094-94-2","トリフェニルスタンニル＝クロロアセタート","対象物","","","","","","","","","","要確認","","","","","","","","","NITE-CHRIP"
"7101-31-7","ジメチルジセラン","対象物","","","","","","","","","","要確認","","","","","","","","","NITE-CHRIP"
"7141-19-7","トリス［（トリブチルスタンニル）オキシ］ボラン","対象物","","","","","","","","","","要確認","","","","","","","","","NITE-CHRIP"
"7154-79-2","２，２，３，３－テトラメチルペンタン","対象物","","","","","","","","","","","","","","","","","","","NITE-CHRIP"
"7173-51-5","ジデシル（ジメチル）アンモニウム＝クロリド","対象物","該当","","","","","","","","","要確認","","","","","","","","","NITE-CHRIP"
"7224-23-9","トリフェニル（チオシアナト）スタンナン","対象物","","","","","","","","","","要確認","","","","","","","","","NITE-CHRIP"
"7224-27-3","［（２－カルボキシベンゾイル）オキシ］トリフェニルスズ","対象物","","","","","","","","","","要確認","","","","","","","","","NITE-CHRIP"
"7287-19-6","２，４－ビス（イソプロピルアミノ）－６－メチルチオ－１，３，５－トリアジン","対象物","","","","","","","","","","要確認","","","","","","","","","NITE-CHRIP"
"7292-16-2","ジプロピル－４－メチルチオフェニルリン酸","対象物","","","","","","","","","","","","","","","","","","","NITE-CHRIP"
"7304-48-5","フルオロ（トリイソブチル）スタンナン","対象物","","","","","","","","","","要確認","","","","","","","","","NITE-CHRIP"
"7311-27-5","１１－（４－ノニルフェノキシ）－３，６，９－トリオキサウンデカン－１－オール","対象物","","","","","","","","","","要確認","","","","","","","","","NITE-CHRIP"
"7324-74-5","（４Ｚ，１１Ｚ）－８，８－ジブチル－３，６，１０－トリオキソ－１－フェニル－２，７，９－トリオキサ－８－スタンナトリデカ－４，１１－ジエン－１３－酸フェニルメチル","対象物","","","","","","","","","","要確認","","","","","","","","","NITE-CHRIP"
"7324-77-8","（Ｚ，Ｚ）－６，６－ジオクチル－４，８，１１－トリオキソ－５，７，１２－トリオキサ－６－スタンナテトラコサ－２，９－ジエン酸ドデシル","対象物","","","","","","","","","","要確認","","","","","","","","","NITE-CHRIP"
"7342-38-3","クロロ（トリイソブチル）スタンナン","対象物","","","","","","","","","","要確認","","","","","","","","","NITE-CHRIP"
"7342-39-4","ブロモ（トリイソブチル）スタンナン","対象物","","","","","","","","","","要確認","","","","","","","","","NITE-CHRIP"
"7342-45-2","ヨード（トリプロピル）スタンナン","対象物","","","","","","","","","","要確認","","","","","","","","","NITE-CHRIP"
"7342-47-4","トリブチル（ヨード）スタンナン","対象物","","","","","","","","","","要確認","","","","","","","","","NITE-CHRIP"
"7373-19-5","１，２－ジイソシアナト－３－メチルベンゼン","対象物","該当","","","","?","","","","","要確認","","","","","","","","","NITE-CHRIP"
"7392-96-3","ジブチル［ビス（ホルミルオキシ）］スタンナン","対象物","","","","","","","","","","要確認","","","","","","","","","NITE-CHRIP"
"7393-43-3","テトラアリルスタンナン","対象物","","","","","","","","","","要確認","","","","","","","","","NITE-CHRIP"
"7396-58-9","Ｎ－メチルジデシルアミン","対象物","","","","","","","","","","要確認","","","","","","","","","NITE-CHRIP"
"7397-62-8","ヒドロキシ酢酸ブチル","対象物","","","","","","","","","","","","","","","","","","","NITE-CHRIP"
"7414-81-5","トリブチル［（４－ヒドロキシベンゾイル）オキシ］スタンナン","対象物","","","","","","","","","","要確認","","","","","","","","","NITE-CHRIP"
"7423-27-0","シュウ酸スズ（ＩＶ）","対象物","","","","","","","","","","","","","","","","","","","NITE-CHRIP"
"7428-48-0","ステアリン酸鉛（１：？）","対象物","","","","","","","","","","要確認","","","","","","","","","NITE-CHRIP"
"7437-35-6","アジポイルジオキシビス（トリブチルスタンナン）","対象物","","","","","","","","","","要確認","","","","","","","","","NITE-CHRIP"
"7439-93-2","リチウム","対象物","該当","","","該当","","","","","","","","","","","","","","","NITE-CHRIP"
"7439-98-7","モリブデン","対象物","","","","該当","","","","","","要確認","","","","","","","","","NITE-CHRIP"
"7440-02-0","ニッケル","対象物","該当","","該当","","","","","","","要確認","","","","","","","","","NITE-CHRIP"
"7440-16-6","ロジウム","対象物","該当","","","","","","","","","","","","","","","","","","NITE-CHRIP"
"7440-21-3","ケイ素","対象物","","","","該当","","","","","","","","","","","","","","","NITE-CHRIP"
"7440-22-4","銀","対象物","該当","","","","","","","","","要確認","","","","","","","","","NITE-CHRIP"
"7440-24-6","ストロンチウム","対象物","","","","該当","","","","","","","","","","","","","","","NITE-CHRIP"
"7440-25-7","タンタル","対象物","","","","該当","","","","","","","","","","","","","","","NITE-CHRIP"
"7440-28-0","タリウム","対象物","該当","","該当","","","","","","","要確認","","","","","","","","","NITE-CHRIP"
"7440-31-5","スズ","対象物","","","","","","","","","","","","","","","","","","","NITE-CHRIP"
"7440-32-6","チタン","対象物","","","","","","","","","","","","","","","","","","","NITE-CHRIP"
"7440-33-7","タングステン","対象物","","","","該当","","","","","","","","","","","","","","","NITE-CHRIP"
"7440-36-0","アンチモン","対象物","","","","該当","","","","","","要確認","","","","","","","","","NITE-CHRIP"
"7440-39-3","バリウム","対象物","","","","","","","","","","","","","","","","","","","NITE-CHRIP"
"7440-45-1","セリウム","対象物","","","","","","","","","","要確認","","","","","","","","","NITE-CHRIP"
"7440-47-3","クロム","対象物","該当","","該当","","","","","","","要確認","","","","","","","","","NITE-CHRIP"
"7440-50-8","銅","対象物","該当","","","","","","","","","","","","","","","","","","NITE-CHRIP"
"7440-58-6","ハフニウム","対象物","","","","","","","","","","","","","","","","","","","NITE-CHRIP"
"7440-61-1","ウラン","対象物","該当","該当","","","","","","","","","","","","","","","","","NITE-CHRIP"
"7440-65-5","イットリウム","対象物","","","","","","","","","","","","","","","","","","","NITE-CHRIP"
"7440-67-7","ジルコニウム","対象物","","","","","","","","","","","","","","","","","","","NITE-CHRIP"
"7440-69-9","ビスマス","対象物","","","","該当","","","","","","","","","","","","","","","NITE-CHRIP"
"7440-70-2","カルシウム","対象物","該当","","","","","","","","","","","","","","","","","","NITE-CHRIP"
"7440-74-6","インジウム","対象物","","","","該当","","","","","","要確認","","","","","","","","","NITE-CHRIP"
"7446-15-3","Lead selenate","対象物","","","","","","","","","","要確認","","","","","","","","","NITE-CHRIP"
"7446-18-6","硫酸タリウム（Ｉ）","対象物","","","","","","","","","","要確認","","","","","","","","","NITE-CHRIP"
"7446-19-7","硫酸亜鉛一水和物","対象物","該当","","","","","","","","","要確認","","","","","","","","","NITE-CHRIP"
"7446-20-0","硫酸亜鉛（ＩＩ）・七水和物","対象物","該当","","","","","","","","","要確認","","","","","","","","","NITE-CHRIP"
"7446-27-7","リン酸鉛（ＩＩ）","対象物","","","","","","","","","","要確認","","","","","","","","","NITE-CHRIP"
"7446-32-4","硫酸アンチモン（ＩＩＩ）","対象物","","","","","","","","","","要確認","","","","","","","","","NITE-CHRIP"
"7446-34-6","硫化セレン","対象物","","","","","","","","","","要確認","","","","","","","","","NITE-CHRIP"
"7446-70-0","三塩化アルミニウム","対象物","該当","","","","","","","","","","","","","","","","","","NITE-CHRIP"
"7447-39-4","塩化銅（ＩＩ）","対象物","該当","","","","","","","","","要確認","","","","","","","","","NITE-CHRIP"
"7447-41-8","塩化リチウム","対象物","","","","","","","","","","","","","","","","","","","NITE-CHRIP"
"7481-89-2","２’，３’－ジデオキシシチジン","対象物","","","","","","","","","","","","","","","","","","","NITE-CHRIP"
"7486-35-3","トリブチル（ビニル）スタンナン","対象物","","","","","","","","","","要確認","","","","","","","","","NITE-CHRIP"
"7487-94-7","二塩化水銀","対象物","該当","","","","?","","","","","要確認","","","","","","","","","NITE-CHRIP"
"7488-51-9","亜セレン酸鉛（２＋）","対象物","","","","","","","","","","要確認","","","","","","","","","NITE-CHRIP"
"7488-55-3","硫酸スズ（ＩＩ）","対象物","該当","","","","","","","","","","","","","","","","","","NITE-CHRIP"
"7488-56-4","硫化セレン（ＩＶ）","対象物","","","","","","","","","","要確認","","","","","","","","","NITE-CHRIP"
"7532-85-6","ジクロロ（ジビニル）スタンナン","対象物","","","","","","","","","","要確認","","","","","","","","","NITE-CHRIP"
"7546-30-7","塩化水銀（Ｉ）","対象物","該当","","","","?","","","","","要確認","","","","","","","","","NITE-CHRIP"
"7550-35-8","臭化リチウム","対象物","該当","","","","","","","","","","","","","","","","","","NITE-CHRIP"
"7550-45-0","四塩化チタニウム","対象物","該当","","","","","","","","","","","","","","","","","","NITE-CHRIP"
"7552-16-1","（ニコチノイルオキシ）（トリフェニル）スタンナン","対象物","","","","","","","","","","要確認","","","","","","","","","NITE-CHRIP"
"7552-19-4","（Ｅ）－３，６－ジオキソ－１，１，１，８，８，８－ヘキサフェニル－２，７－ジオキサ－１，８－ジスタンナオクタ－４－エン","対象物","","","","","","","","","","要確認","","","","","","","","","NITE-CHRIP"
"7553-56-2","二ヨウ素","対象物","該当","","該当","","","","","","","","","","","","","","","","NITE-CHRIP"
"7572-29-4","ジクロロアセチレン","対象物","","","","","","","","","","","","","","","","","","","NITE-CHRIP"
"7580-31-6","２－エチルヘキサン酸ニッケル（１：？）","対象物","該当","","","","?","","","","","要確認","","","","","","","","","NITE-CHRIP"
"7580-67-8","水素化リチウム","対象物","該当","","","","","","","","","","","","","","","","","","NITE-CHRIP"
"7580-74-7","ジブチルスズビス（３－クロロプロピオン酸）塩","対象物","","","","","","","","","","要確認","","","","","","","","","NITE-CHRIP"
"7580-76-9","ジ－ｎ－オクチルスズビス（３－クロロプロピオン酸）塩","対象物","","","","","","","","","","要確認","","","","","","","","","NITE-CHRIP"
"7580-85-0","２－ｔｅｒｔ－ブトキシエタノール","対象物","","","","該当","","","","","","要確認","","","","","","","","","NITE-CHRIP"
"7601-54-9","リン酸ナトリウム","対象物","該当","","","","","","","","","","","","","","","","","","NITE-CHRIP"
"7601-89-0","過塩素酸ナトリウム","対象物","","","","該当","","","","","","要確認","","","","","","","","","NITE-CHRIP"
"7616-83-3","過塩素酸水銀（ＩＩ）","対象物","該当","","","該当","?","","","","","要確認","","","","","","","","","NITE-CHRIP"
"7631-86-9","二酸化ケイ素","対象物","","該当","","","","","","","","","","","","","","","","","NITE-CHRIP"
"7631-89-2","ヒ酸ナトリウム","対象物","該当","","","","?","","","","","要確認","","","","","","","","","NITE-CHRIP"
"7631-90-5","亜硫酸水素ナトリウム","対象物","","","","","","","","","","","","","","","","","","","NITE-CHRIP"
"7631-95-0","モリブデン酸ナトリウム","対象物","","","該当","","","","","","","要確認","","","","","","","","","NITE-CHRIP"
"7632-51-1","塩化バナジウム","対象物","該当","","","","","","","","","要確認","","","","","","","","","NITE-CHRIP"
"7645-25-2","ヒ酸鉛（１：？）","対象物","該当","","","","?","","","","","要確認","","","","","","","","","NITE-CHRIP"
"7646-69-7","水素化ナトリウム","対象物","該当","","","","","","","","","","","","","","","","","","NITE-CHRIP"
"7646-78-8","塩化スズ（ＩＶ）","対象物","該当","","","","","","","","","","","","","","","","","","NITE-CHRIP"
"7646-79-9","二塩化コバルト（ＩＩ）","対象物","該当","","","","?","","","","","要確認","","","","","","","","","NITE-CHRIP"
"7646-85-7","塩化亜鉛（ＩＩ）","対象物","該当","","","","","","","","","要確認","","","","","","","","","NITE-CHRIP"
"7646-93-7","硫酸カリウム","対象物","該当","","","","","","","","","","","","","","","","","","NITE-CHRIP"
"7647-18-9","五塩化アンチモン","対象物","該当","","","","","","","","","要確認","","","","","","","","","NITE-CHRIP"
"7653-28-3","トリブチル（パルミトイルオキシ）スタンナン","対象物","","","","","","","","","","要確認","","","","","","","","","NITE-CHRIP"
"7659-86-1","２－エチルヘキシル＝スルファニルアセタート","対象物","該当","","","該当","","","","","","","","","","","","","","","NITE-CHRIP"
"7664-98-4","オキソ（ジプロピル）スタンナン","対象物","","","","","","","","","","要確認","","","","","","","","","NITE-CHRIP"
"7681-11-0","ヨウ化カリウム","対象物","","","","","","","","","","","","","","","","","","","NITE-CHRIP"
"7681-38-1","硫酸ナトリウム","対象物","","","","","","","","","","","","","","","","","","","NITE-CHRIP"
"7681-49-4","フッ化ナトリウム","対象物","該当","","","","","","","","","要確認","","","","","","","","","NITE-CHRIP"
"7681-57-4","二亜硫酸二ナトリウム","対象物","該当","","","","","","","","","","","","","","","","","","NITE-CHRIP"
"7681-65-4","ヨウ化銅（Ｉ）","対象物","","","","","","","","","","","","","","","","","","","NITE-CHRIP"
"7681-82-5","ヨウ化ナトリウム","対象物","","","","","","","","","","","","","","","","","","","NITE-CHRIP"
"7696-12-0","（１，３－ジオキソ－４，５，６，７－テトラヒドロイソインドリン－２－イル）メチル＝２，２－ジメチル－３－（２－メチルプロパ－１－エン－１－イル）シクロプロパン－１－カルボキシラート","対象物","","","","","","","","","","要確認","","","","","","","","","NITE-CHRIP"
"7699-43-6","二塩化酸化ジルコニウム","対象物","","","","","","","","","","","","","","","","","","","NITE-CHRIP"
"7700-17-6","１－フェニルエチル＝（Ｅ）－３－［（ジメトキシホスホリル）オキシ］ブタ－２－エノアート","対象物","","","","","","","","","","","","","","","","","","","NITE-CHRIP"
"7717-46-6","ステアリン酸鉛（ＩＶ）","対象物","","","","","","","","","","要確認","","","","","","","","","NITE-CHRIP"
"7718-98-1","三塩化バナジウム","対象物","該当","","","","","","","","","要確認","","","","","","","","","NITE-CHRIP"
"7720-78-7","硫酸鉄（ＩＩ）","対象物","","","","","","","","","","","","","","","","","","","NITE-CHRIP"
"7722-88-5","オキシビスホスホン酸四ナトリウム","対象物","該当","","","","","","","","","","","","","","","","","","NITE-CHRIP"
"7726-95-6","二臭素","対象物","該当","","該当","","","","","","","要確認","","","","","","","","","NITE-CHRIP"
"7727-18-6","オキシ塩化バナジウム","対象物","該当","","","","","","","","","要確認","","","","","","","","","NITE-CHRIP"
"7727-21-1","ペルオキシ二硫酸二カリウム","対象物","該当","","","","","","","","","要確認","","","","","","","","","NITE-CHRIP"
"7727-43-7","硫酸バリウム","対象物","","","","","","","","","","","","","","","","","","","NITE-CHRIP"
"7727-54-0","ペルオキシ二硫酸ジアンモニウム","対象物","該当","","","該当","","","","","","要確認","","","","","","","","","NITE-CHRIP"
"7733-02-0","硫酸亜鉛","対象物","該当","","","","","","","","","要確認","","","","","","","","","NITE-CHRIP"
"7738-94-5","クロム酸","対象物","該当","","","","?","","","","","要確認","","","","","","","","","NITE-CHRIP"
"7756-94-7","２－メチルプロパ－１－エン三量体","対象物","","","","該当","","","","","","","","","","","","","","","NITE-CHRIP"
"7757-82-6","硫酸ナトリウム","対象物","","","","","","","","","","","","","","","","","","","NITE-CHRIP"
"7758-09-0","亜硝酸カリウム","対象物","","","","","","","","","","","","","","","","","","","NITE-CHRIP"
"7758-19-2","亜塩素酸ナトリウム","対象物","","","","該当","","","","","","","","","","","","","","","NITE-CHRIP"
"7758-89-6","塩化銅（Ｉ）","対象物","該当","","","","","","","","","","","","","","","","","","NITE-CHRIP"
"7758-95-4","塩化鉛（ＩＩ）","対象物","該当","","","","","","","","","要確認","","","","","","","","","NITE-CHRIP"
"7758-99-8","硫酸銅（ＩＩ）五水和物","対象物","該当","","","","","","","","","要確認","","","","","","","","","NITE-CHRIP"
"7759-00-4","ケイ酸マンガン","対象物","該当","","","","?","","","","","要確認","","","","","","","","","NITE-CHRIP"
"7761-88-8","硝酸銀（Ｉ）","対象物","該当","","","該当","","","","","","要確認","","","","","","","","","NITE-CHRIP"
"7772-99-8","塩化スズ（ＩＩ）","対象物","","","","","","","","","","","","","","","","","","","NITE-CHRIP"
"7773-06-0","スルファミン酸アンモニウム","対象物","","","","","","","","","","","","","","","","","","","NITE-CHRIP"
"7774-29-0","二ヨウ化水銀","対象物","該当","","","","?","","","","","要確認","","","","","","","","","NITE-CHRIP"
"7774-41-6","ビス（ヒ酸）一水和物","対象物","該当","","","","?","","","","","要確認","","","","","","","","","NITE-CHRIP"
"7775-14-6","ハイドロサルファイト","対象物","","","","該当","","","","","","","","","","","","","","","NITE-CHRIP"
"7775-27-1","ペルオキシ二硫酸二ナトリウム","対象物","該当","","","","","","","","","要確認","","","","","","","","","NITE-CHRIP"
"7775-41-9","フッ化銀","対象物","","","","","","","","","","要確認","","","","","","","","","NITE-CHRIP"
"7778-39-4","ヒ酸","対象物","該当","","","","?","","","","","要確認","","","","","","","","","NITE-CHRIP"
"7778-43-0","ヒ酸水素二ナトリウム","対象物","該当","","","","?","","","","","要確認","","","","","","","","","NITE-CHRIP"
"7778-44-1","ビス（ヒ酸）三カルシウム","対象物","該当","","","","?","","","","","要確認","","","","","","","","","NITE-CHRIP"
"7778-53-2","リン酸カリウム","対象物","該当","","","","","","","","","","","","","","","","","","NITE-CHRIP"
"7778-54-3","二次亜塩素酸カルシウム","対象物","該当","","","該当","","","","","","","","","","","","","","","NITE-CHRIP"
"7778-66-7","次亜塩素酸カリウム","対象物","該当","","","該当","","","","","","","","","","","","","","","NITE-CHRIP"
"7778-74-7","過塩素酸カリウム","対象物","","","","該当","","","","","","要確認","","","","","","","","","NITE-CHRIP"
"7779-88-6","硝酸亜鉛（ＩＩ）","対象物","","","","該当","","","","","","要確認","","","","","","","","","NITE-CHRIP"
"7779-90-0","リン酸三亜鉛","対象物","","","","","","","","","","要確認","","","","","","","","","NITE-CHRIP"
"7782-41-4","二フッ素","対象物","該当","","","","","","","","","","","","","","","","","","NITE-CHRIP"
"7782-49-2","セレン","対象物","","","該当","","","","","","","要確認","","","","","","","","","NITE-CHRIP"
"7782-64-1","フッ化マンガン（ＩＩ）","対象物","該当","","","","?","","","","","要確認","","","","","","","","","NITE-CHRIP"
"7782-65-2","ゲルマン","対象物","","","","該当","","","","","","","","","","","","","","","NITE-CHRIP"
"7782-79-8","アジ化水素酸","対象物","","","","","","","","","","","","","","","","","","","NITE-CHRIP"
"7782-82-3","亜セレン酸水素ナトリウム","対象物","","","","","","","","","","要確認","","","","","","","","","NITE-CHRIP"
"7782-86-7","硝酸水銀（Ｉ）・一水和物","対象物","該当","","","該当","?","","","","","要確認","","","","","","","","","NITE-CHRIP"
"7782-91-4","モリブデン酸","対象物","","","","","","","","","","要確認","","","","","","","","","NITE-CHRIP"
"7783-00-8","亜セレン酸","対象物","該当","","","","","","","","","要確認","","","","","","","","","NITE-CHRIP"
"7783-16-6","ホスフィン酸マンガン（ＩＩ）・一水和物","対象物","該当","","","","?","","","","","要確認","","","","","","","","","NITE-CHRIP"
"7783-19-9","亜セレン酸アンモニウム","対象物","","","","","","","","","","要確認","","","","","","","","","NITE-CHRIP"
"7783-21-3","セレン酸アンモニウム","対象物","","","","","","","","","","要確認","","","","","","","","","NITE-CHRIP"
"7783-30-4","ヨウ化水銀（Ｉ）","対象物","該当","","","","?","","","","","要確認","","","","","","","","","NITE-CHRIP"
"7783-33-7","テトラヨード水銀酸二カリウム","対象物","該当","","","","?","","","","","要確認","","","","","","","","","NITE-CHRIP"
"7783-34-8","硝酸水銀（ＩＩ）・一水和物","対象物","該当","","","該当","?","","","","","要確認","","","","","","","","","NITE-CHRIP"
"7783-35-9","硫酸水銀（ＩＩ）","対象物","該当","","","","?","","","","","要確認","","","","","","","","","NITE-CHRIP"
"7783-36-0","硫酸水銀（Ｉ）","対象物","該当","","","","?","","","","","要確認","","","","","","","","","NITE-CHRIP"
"7783-39-3","二フッ化水銀","対象物","該当","","","","?","","","","","要確認","","","","","","","","","NITE-CHRIP"
"7783-46-2","フッ化鉛（ＩＩ）","対象物","","該当","","","","","","","","要確認","","","","","","","","","NITE-CHRIP"
"7783-47-3","フッ化スズ（ＩＩ）","対象物","該当","","","","","","","","","要確認","","","","","","","","","NITE-CHRIP"
"7783-49-5","フッ化亜鉛（ＩＩ）","対象物","","","該当","","","","","","","要確認","","","","","","","","","NITE-CHRIP"
"7783-52-0","フッ化インジウム（ＩＩＩ）","対象物","","","","","","","","","","要確認","","","","","","","","","NITE-CHRIP"
"7783-53-1","フッ化マンガン（ＩＩＩ）","対象物","該当","","","","?","","","","","要確認","","","","","","","","","NITE-CHRIP"
"7783-54-2","三フッ化窒素","対象物","","","","","","","","","","","","","","","","","","","NITE-CHRIP"
"7783-55-3","三フッ化リン","対象物","","","","","","","","","","","","","","","","","","","NITE-CHRIP"
"7783-56-4","フッ化アンチモン（ＩＩＩ）","対象物","","","","","","","","","","要確認","","","","","","","","","NITE-CHRIP"
"7783-59-7","四フッ化鉛","対象物","","","","","","","","","","要確認","","","","","","","","","NITE-CHRIP"
"7783-60-0","四フッ化硫黄","対象物","該当","","","","","","","","","","","","","","","","","","NITE-CHRIP"
"7783-61-1","四フッ化ケイ素","対象物","","","","","","","","","","","","","","","","","","","NITE-CHRIP"
"7783-62-2","フッ化スズ（ＩＶ）","対象物","","","","","","","","","","","","","","","","","","","NITE-CHRIP"
"7783-64-4","フッ化ジルコニウム（ＩＶ）","対象物","","","","","","","","","","要確認","","","","","","","","","NITE-CHRIP"
"7783-66-6","五フッ化ヨウ素","対象物","","","","","","","","","","","","","","","","","","","NITE-CHRIP"
"7783-70-2","フッ化アンチモン（Ｖ）","対象物","","","","","","","","","","要確認","","","","","","","","","NITE-CHRIP"
"7783-79-1","六フッ化セレン","対象物","該当","","","","","","","","","要確認","","","","","","","","","NITE-CHRIP"
"7783-80-4","六フッ化テルル","対象物","","","","","","","","","","要確認","","","","","","","","","NITE-CHRIP"
"7783-92-8","塩素酸銀（Ｉ）","対象物","","","","該当","","","","","","要確認","","","","","","","","","NITE-CHRIP"
"7783-93-9","過塩素酸銀（Ｉ）","対象物","","","","該当","","","","","","要確認","","","","","","","","","NITE-CHRIP"
"7783-96-2","ヨウ化銀（Ｉ）","対象物","","","","","","","","","","","","","","","","","","","NITE-CHRIP"
"7783-98-4","過マンガン酸銀（Ｉ）","対象物","該当","","","","?","","","","","要確認","","","","","","","","","NITE-CHRIP"
"7783-99-5","亜硝酸銀（Ｉ）","対象物","","","","","","","","","","","","","","","","","","","NITE-CHRIP"
"7784-18-1","フッ化アルミニウム","対象物","","","","","","","","","","","","","","","","","","","NITE-CHRIP"
"7784-33-0","三臭化ヒ素","対象物","該当","","","","?","","","","","要確認","","","","","","","","","NITE-CHRIP"
"7784-34-1","亜ヒ酸トリクロリド","対象物","該当","","","","?","","","","","要確認","","","","","","","","","NITE-CHRIP"
"7784-35-2","三フッ化ヒ素","対象物","該当","","","","?","","","","","要確認","","","","","","","","","NITE-CHRIP"
"7784-36-3","五フッ化ヒ素","対象物","該当","","","","?","","","","","要確認","","","","","","","","","NITE-CHRIP"
"7784-37-4","ヒ酸水銀（ＩＩ）","対象物","該当","","","","?","","","","","要確認","","","","","","","","","NITE-CHRIP"
"7784-38-5","ヒ酸水素マンガン（ＩＩ）","対象物","該当","","","","?","","","","","要確認","","","","","","","","","NITE-CHRIP"
"7784-40-9","ヒ酸水素鉛（ＩＩ）","対象物","該当","","","","?","","","","","要確認","","","","","","","","","NITE-CHRIP"
"7784-41-0","ヒ酸二水素カリウム","対象物","該当","","","","?","","","","","要確認","","","","","","","","","NITE-CHRIP"
"7784-42-1","アルシン","対象物","","該当","該当","該当","","","","","","要確認","","","","","","","","","NITE-CHRIP"
"7784-44-3","ヒ酸一水素ジアンモニウム","対象物","該当","","","","?","","","","","要確認","","","","","","","","","NITE-CHRIP"
"7784-45-4","ヨウ化ヒ素（ＩＩＩ）","対象物","該当","","","","?","","","","","要確認","","","","","","","","","NITE-CHRIP"
"7784-46-5","亜ヒ酸ナトリウム","対象物","該当","","","","?","","","","","要確認","","","","","","","","","NITE-CHRIP"
"7785-19-5","硫酸マンガン（ＩＩ）アンモニウム・六水和物","対象物","該当","","","","?","","","","","要確認","","","","","","","","","NITE-CHRIP"
"7785-20-8","ビス（硫酸）ジアンモニウムニッケル（ＩＩ）六水和物","対象物","該当","","","","?","","","","","要確認","","","","","","","","","NITE-CHRIP"
"7785-87-7","硫酸マンガン（ＩＩ）","対象物","該当","","","","?","","","","","要確認","","","","","","","","","NITE-CHRIP"
"7786-34-7","リン酸ジメチル＝１－メトキシカルボニル－１－プロペン－２－イル","対象物","該当","","該当","","","","","","","","","","","","","","","","NITE-CHRIP"
"7787-32-8","二フッ化バリウム","対象物","","","","","","","","","","","","","","","","","","","NITE-CHRIP"
"7787-33-9","二ヨウ化バリウム二水和物","対象物","","","","","","","","","","","","","","","","","","","NITE-CHRIP"
"7787-35-1","マンガン酸バリウム（ＩＩ）","対象物","該当","","","","?","","","","","要確認","","","","","","","","","NITE-CHRIP"
"7787-36-2","過マンガン酸バリウム","対象物","該当","","","","?","","","","","要確認","","","","","","","","","NITE-CHRIP"
"7787-37-3","モリブデン酸バリウム","対象物","","","","","","","","","","要確認","","","","","","","","","NITE-CHRIP"
"7787-41-9","セレン酸バリウム","対象物","","","","","","","","","","要確認","","","","","","","","","NITE-CHRIP"
"7787-47-5","塩化ベリリウム","対象物","該当","","","","?","","","","","要確認","","","","","","","","","NITE-CHRIP"
"7787-49-7","フッ化ベリリウム","対象物","該当","","","","?","","","","","要確認","","","","","","","","","NITE-CHRIP"
"7787-50-0","四フッ化ベリリウム酸カリウム","対象物","該当","","","","?","","","","","要確認","","","","","","","","","NITE-CHRIP"
"7787-56-6","硫酸ベリリウム四水和物","対象物","該当","","","","?","","","","","要確認","","","","","","","","","NITE-CHRIP"
"7787-70-4","臭化銅（Ｉ）","対象物","","","","","","","","","","","","","","","","","","","NITE-CHRIP"
"7788-94-5","セレン酸コバルト（ＩＩ）・六水和物","対象物","該当","","","","?","","","","","要確認","","","","","","","","","NITE-CHRIP"
"7788-97-8","フッ化クロム（ＩＩＩ）","対象物","","","","","","","","","","要確認","","","","","","","","","NITE-CHRIP"
"7788-98-9","クロム酸アンモニウム","対象物","該当","","","","?","","","","","要確認","","","","","","","","","NITE-CHRIP"
"7788-99-0","硫酸カリウムクロム（ＩＩＩ）・十二水和物","対象物","","","","","","","","","","要確認","","","","","","","","","NITE-CHRIP"
"7789-04-0","リン酸クロム（ＩＩＩ）","対象物","","","","","","","","","","要確認","","","","","","","","","NITE-CHRIP"
"7789-12-0","ヘプタオキシド二クロム酸二ナトリウム二水和物","対象物","該当","","","","?","","","","","要確認","","","","","","","","","NITE-CHRIP"
"7789-19-7","フッ化銅（ＩＩ）","対象物","","","","","","","","","","要確認","","","","","","","","","NITE-CHRIP"
"7789-21-1","スルフロフルオリド酸","対象物","該当","","","","","","","","","","","","","","","","","","NITE-CHRIP"
"7789-23-3","フッ化カリウム","対象物","","","該当","","","","","","","要確認","","","","","","","","","NITE-CHRIP"
"7789-27-7","フッ化タリウム（Ｉ）","対象物","","","","","","","","","","要確認","","","","","","","","","NITE-CHRIP"
"7789-29-9","フッ化水素カリウム","対象物","","","","","","","","","","要確認","","","","","","","","","NITE-CHRIP"
"7789-30-2","五フッ化臭素","対象物","該当","","","","","","","","","","","","","","","","","","NITE-CHRIP"
"7789-38-0","臭素酸ナトリウム","対象物","","","","","","","","","","要確認","","","","","","","","","NITE-CHRIP"
"7789-42-6","臭化カドミウム（ＩＩ）","対象物","該当","該当","","","?","","","","","要確認","","","","","","","","","NITE-CHRIP"
"7789-43-7","臭化コバルト（ＩＩ）","対象物","該当","","","","?","","","","","要確認","","","","","","","","","NITE-CHRIP"
"7789-45-9","臭化銅（ＩＩ）","対象物","","","","","","","","","","要確認","","","","","","","","","NITE-CHRIP"
"7789-47-1","二臭化水銀","対象物","該当","","","","?","","","","","要確認","","","","","","","","","NITE-CHRIP"
"7789-54-0","Tellurium dibromide","対象物","","","","","","","","","","要確認","","","","","","","","","NITE-CHRIP"
"7789-61-9","三臭化アンチモン","対象物","","","","","","","","","","要確認","","","","","","","","","NITE-CHRIP"
"7789-65-3","四臭化セレン","対象物","","","","","","","","","","要確認","","","","","","","","","NITE-CHRIP"
"7789-67-5","臭化スズ（ＩＶ）","対象物","","","","","","","","","","","","","","","","","","","NITE-CHRIP"
"7789-73-3","二クロム酸カルシウム・三水和物","対象物","該当","","","","?","","","","","要確認","","","","","","","","","NITE-CHRIP"
"7789-82-4","モリブデン酸カルシウム","対象物","","","","","","","","","","要確認","","","","","","","","","NITE-CHRIP"
"7790-34-3","ヨウ化ニッケル（ＩＩ）・六水和物","対象物","該当","","","","?","","","","","要確認","","","","","","","","","NITE-CHRIP"
"7790-44-5","三ヨウ化アンチモン","対象物","","","","","","","","","","要確認","","","","","","","","","NITE-CHRIP"
"7790-47-8","ヨウ化スズ（ＩＶ）","対象物","","","","","","","","","","","","","","","","","","","NITE-CHRIP"
"7790-48-9","Tellurium tetraiodide","対象物","","","","","","","","","","要確認","","","","","","","","","NITE-CHRIP"
"7790-58-1","亜テルル酸二カリウム","対象物","","","","","","","","","","要確認","","","","","","","","","NITE-CHRIP"
"7790-59-2","セレン酸カリウム","対象物","","","","","","","","","","要確認","","","","","","","","","NITE-CHRIP"
"7790-69-4","硝酸リチウム","対象物","","","","該当","","","","","","","","","","","","","","","NITE-CHRIP"
"7790-71-8","セレン酸リチウム・一水和物","対象物","","","","","","","","","","要確認","","","","","","","","","NITE-CHRIP"
"7790-74-1","セレン酸カルシウム・二水和物","対象物","","","","","","","","","","要確認","","","","","","","","","NITE-CHRIP"
"7790-78-5","二塩化カドミウム，水和物（２：５）","対象物","該当","該当","","","?","","","","","要確認","","","","","","","","","NITE-CHRIP"
"7790-79-6","フッ化カドミウム（ＩＩ）","対象物","該当","","","","?","","","","","要確認","","","","","","","","","NITE-CHRIP"
"7790-80-9","ヨウ化カドミウム（ＩＩ）","対象物","該当","該当","","","?","","","","","要確認","","","","","","","","","NITE-CHRIP"
"7790-81-0","Cadmium iodate","対象物","該当","","","","?","","","","","要確認","","","","","","","","","NITE-CHRIP"
"7790-84-3","硫酸カドミウム（ＩＩ）水和物（３：８）","対象物","該当","該当","","","?","","","","","要確認","","","","","","","","","NITE-CHRIP"
"7790-85-4","タングステン酸カドミウム","対象物","該当","","","","?","","","","","要確認","","","","","","","","","NITE-CHRIP"
"7790-91-2","三フッ化塩素","対象物","該当","","","","","","","","","","","","","","","","","","NITE-CHRIP"
"7790-93-4","塩素酸（水溶液）","対象物","","","","","","","","","","要確認","","","","","","","","","NITE-CHRIP"
"7790-94-5","クロロスルホン酸","対象物","該当","","","","","","","","","","","","","","","","","","NITE-CHRIP"
"7790-98-9","過塩素酸アンモニウム","対象物","","","","該当","","","","","","要確認","","","","","","","","","NITE-CHRIP"
"7791-13-1","塩化コバルト（ＩＩ）・六水和物","対象物","該当","","","","?","","","","","要確認","","","","","","","","","NITE-CHRIP"
"7791-20-0","塩化ニッケル（ＩＩ）・六水和物","対象物","該当","","","","?","","","","","要確認","","","","","","","","","NITE-CHRIP"
"7791-23-3","オキシ塩化セレン","対象物","","","","","","","","","","要確認","","","","","","","","","NITE-CHRIP"
"7791-25-5","スルフリルクロライド","対象物","該当","","","","","","","","","","","","","","","","","","NITE-CHRIP"
"7798-23-4","リン酸銅（ＩＩ）","対象物","","","","","","","","","","","","","","","","","","","NITE-CHRIP"
"7803-49-8","ヒドロキシルアミン","対象物","該当","","","","","","","","","","","","","","","","","","NITE-CHRIP"
"7803-51-2","ホスファン","対象物","","","該当","該当","","","","","","","","","","","","","","","NITE-CHRIP"
"7803-52-3","スチビン","対象物","","","","該当","","","","","","要確認","","","","","","","","","NITE-CHRIP"
"7803-55-6","メタバナジン酸アンモニウム","対象物","","","","","","","","","","要確認","","","","","","","","","NITE-CHRIP"
"7803-57-8","ヒドラジン一水和物","対象物","該当","該当","該当","","","","","","","要確認","","","","","","","","","NITE-CHRIP"
"7803-62-5","シラン","対象物","","","","","","","","","","","","","","","","","","","NITE-CHRIP"
"7803-68-1","テルル酸","対象物","","","","","","","","","","要確認","","","","","","","","","NITE-CHRIP"
"8001-35-2","トキサフェン","対象物","該当","","","","","","","","","","","","第一種特定","","","","","","NITE-CHRIP"
"8001-54-5","アルキル（ベンジル）（ジメチル）アンモニウム＝クロリド","対象物","該当","","","","","","","","","要確認","","","","","","","","","NITE-CHRIP"
"8001-58-9","石炭クレオソート","対象物","該当","該当","","","","","","","","","","","","","","","","","NITE-CHRIP"
"8002-74-2","固形パラフィン","対象物","","","","","","","","","","","","","","","","","","","NITE-CHRIP"
"8003-34-7","ピレスリンおよびピレスロイド","対象物","該当","","該当","","","","","","","","","","","","","","","","NITE-CHRIP"
"8006-61-9","天然ガソリン","対象物","","","","該当","","","?","","","","","","","","","","","","NITE-CHRIP"
"8007-18-9","Ｃ．Ｉ．ピグメントイエロー５３","対象物","該当","","","","?","","","","","要確認","","","","","","","","","NITE-CHRIP"
"8008-20-6","灯油","対象物","該当","","","該当","","","","","","","","","","","","","","","NITE-CHRIP"
"8012-95-1","パラフィン油","対象物","","該当","","","","","","","","","","","","","","","","","NITE-CHRIP"
"8014-95-7","発煙硫酸","対象物","該当","該当","","","","","","","","","","","","","","","","","NITE-CHRIP"
"8022-00-2","ジメチルエチルメルカプトエチルチオホスファート","対象物","該当","","","","","","","","","","","","","","","","","","NITE-CHRIP"
"8030-30-6","ナフサ","対象物","","","","","","","?","","","","","","","","","","","","NITE-CHRIP"
"8042-47-5","白色鉱油（石油）","対象物","","","","","","","","","","","","","","","","","","","NITE-CHRIP"
"8049-17-0","フェロシリコン","対象物","","","","","","","","","","","","","","","","","","","NITE-CHRIP"
"8050-88-2","セルロイド","対象物","","","","該当","","","","","","","","","","","","","","","NITE-CHRIP"
"8052-42-4","アスファルト","対象物","該当","","","","","","","","","","","","","","","","","","NITE-CHRIP"
"8065-48-3","チオリン酸Ｏ，Ｏ－ジエチル－エチルチオエチル","対象物","該当","","","","","","","","","","","","","","","","","","NITE-CHRIP"
"9002-92-0","ポリ（オキシエチレン）＝ドデシル＝エーテル","対象物","","","","","","","","","","要確認","","","","","","","","","NITE-CHRIP"
"9002-93-1","α－［４－（２，４，４－トリメチルペンタン－２－イル）フェニル］－ω－ヒドロキシポリ（オキシエチレン）","対象物","","","","","","","","","","要確認","","","","","","","","","NITE-CHRIP"
"9004-66-4","デキストラン鉄","対象物","","","","","","","","","","","","","","","","","","","NITE-CHRIP"
"9004-70-0","硝酸セルロース（１：？）","対象物","","","","該当","","","","","","","","","","","","","","","NITE-CHRIP"
"9004-82-4","ナトリウム＝α－ドデカン－１－イル－ω－（スルホナトオキシ）ポリ（オキシエチレン）","対象物","","","","","","","","","","要確認","","","","","","","","","NITE-CHRIP"
"9016-45-9","α－ヒドロ－ω－（ノニルフェノキシ）ポリ（オキシエチレン）","対象物","","","","","","","","","","要確認","","","","","","","","","NITE-CHRIP"
"9016-87-9","ポリメチレンポリフェニレン＝イソシアナート","対象物","該当","","","","","","","","","要確認","","","","","","","","","NITE-CHRIP"
"9033-79-8","アクリル酸・ナトリウム＝アクリラート重合物","対象物","","","","","","","","","","","","","","","","","","","NITE-CHRIP"
"9036-19-5","ポリ（オキシエチレン）＝（１，１，３，３－テトラメチルブチル）フェニル＝エーテル","対象物","","","","","","","","","","要確認","","","","","","","","","NITE-CHRIP"
"9056-38-6","デンプン＝ニトラート","対象物","","","","","","","","","","","","","","","","","","","NITE-CHRIP"
"10008-90-9","クロロ（トリビニル）スタンナン","対象物","","","","","","","","","","要確認","","","","","","","","","NITE-CHRIP"
"10022-31-8","硝酸バリウム","対象物","","","","該当","","","","","","","","","","","","","","","NITE-CHRIP"
"10022-47-6","硫酸クロム（ＩＩＩ）アンモニウム・十二水和物","対象物","","","","","","","","","","要確認","","","","","","","","","NITE-CHRIP"
"10022-48-7","二クロム酸リチウム・二水和物","対象物","該当","","","","?","","","","","要確認","","","","","","","","","NITE-CHRIP"
"10022-68-1","硝酸カドミウム（ＩＩ）・四水和物","対象物","該当","該当","","該当","?","","","","","要確認","","","","","","","","","NITE-CHRIP"
"10024-97-2","一酸化二窒素","対象物","","","該当","","","","","","","","","","","","","","","","NITE-CHRIP"
"10025-67-9","二塩化二硫黄","対象物","該当","","","","","","","","","","","","","","","","","","NITE-CHRIP"
"10025-68-0","二塩化二セレン","対象物","","","","","","","","","","要確認","","","","","","","","","NITE-CHRIP"
"10025-69-1","塩化スズ（ＩＩ）・二水和物","対象物","","","","","","","","","","","","","","","","","","","NITE-CHRIP"
"10025-73-7","塩化クロム（ＩＩＩ）","対象物","該当","","","","","","","","","要確認","","","","","","","","","NITE-CHRIP"
"10025-78-2","三塩化シラン","対象物","該当","","","該当","","","","","","","","","","","","","","","NITE-CHRIP"
"10025-82-8","塩化インジウム（ＩＩＩ）","対象物","該当","","","","?","","","","","要確認","","","","","","","","","NITE-CHRIP"
"10025-87-3","三塩化ホスホリル","対象物","該当","","該当","","","","","","","","","","","","","","","","NITE-CHRIP"
"10025-91-9","三塩化アンチモン","対象物","","該当","","","","","","","","要確認","","","","","","","","","NITE-CHRIP"
"10025-94-2","三塩化イットリウム・六水和物","対象物","","","","","","","","","","","","","","","","","","","NITE-CHRIP"
"10026-03-6","四塩化セレン","対象物","","","","","","","","","","要確認","","","","","","","","","NITE-CHRIP"
"10026-04-7","四塩化ケイ素","対象物","該当","","","","","","","","","","","","","","","","","","NITE-CHRIP"
"10026-06-9","塩化スズ（ＩＶ）・五水和物","対象物","","","","","","","","","","","","","","","","","","","NITE-CHRIP"
"10026-07-0","Tellurium tetrachloride","対象物","","","","","","","","","","要確認","","","","","","","","","NITE-CHRIP"
"10026-11-6","四塩化ジルコニウム","対象物","","","","","","","","","","","","","","","","","","","NITE-CHRIP"
"10026-13-8","五塩化リン","対象物","該当","","","","","","","","","","","","","","","","","","NITE-CHRIP"
"10026-17-2","フッ化コバルト（ＩＩ）","対象物","該当","","","","?","","","","","要確認","","","","","","","","","NITE-CHRIP"
"10026-18-3","フッ化コバルト","対象物","該当","","","","?","","","","","要確認","","","","","","","","","NITE-CHRIP"
"10026-20-7","硫酸カリウムコバルト（ＩＩ）・六水和物","対象物","該当","","","","?","","","","","要確認","","","","","","","","","NITE-CHRIP"
"10026-22-9","硝酸コバルト（ＩＩ）・六水和物","対象物","該当","","","該当","?","","","","","要確認","","","","","","","","","NITE-CHRIP"
"10026-24-1","硫酸コバルト（ＩＩ）七水和物","対象物","該当","","","","?","","","","","要確認","","","","","","","","","NITE-CHRIP"
"10028-15-6","オゾン","対象物","","","該当","","","","","","","","","","","","","","","","NITE-CHRIP"
"10028-18-9","フッ化ニッケル（ＩＩ）","対象物","該当","","","","?","","","","","要確認","","","","","","","","","NITE-CHRIP"
"10031-13-7","亜ヒ酸鉛（ＩＩ）","対象物","該当","","","","?","","","","","要確認","","","","","","","","","NITE-CHRIP"
"10031-22-8","臭化鉛（ＩＩ）","対象物","","","","","","","","","","要確認","","","","","","","","","NITE-CHRIP"
"10031-24-0","臭化スズ（ＩＩ）","対象物","","","","","","","","","","","","","","","","","","","NITE-CHRIP"
"10031-27-3","Tellurium tetrabromide","対象物","","","","","","","","","","要確認","","","","","","","","","NITE-CHRIP"
"10031-43-3","ビス（硝酸）銅（ＩＩ）三水和物","対象物","該当","","","該当","","","","","","要確認","","","","","","","","","NITE-CHRIP"
"10031-45-5","セレン酸銅（ＩＩ）・五水和物","対象物","","","","","","","","","","要確認","","","","","","","","","NITE-CHRIP"
"10031-59-1","硫酸タリウム","対象物","","","","","","","","","","要確認","","","","","","","","","NITE-CHRIP"
"10034-81-8","過塩素酸マグネシウム","対象物","","","","該当","","","","","","要確認","","","","","","","","","NITE-CHRIP"
"10034-82-9","クロム酸ナトリウム・四水和物","対象物","該当","","","","?","","","","","要確認","","","","","","","","","NITE-CHRIP"
"10034-85-2","ヨウ化水素","対象物","該当","","","","","","","","","","","","","","","","","","NITE-CHRIP"
"10034-93-2","ヒドラジン－１，２－ジイウム＝スルファート","対象物","該当","","","","","","","","","","","","","","","","","","NITE-CHRIP"
"10034-96-5","硫酸マンガン（ＩＩ）・一水和物","対象物","該当","","","","?","","","","","要確認","","","","","","","","","NITE-CHRIP"
"10035-10-6","臭化水素","対象物","該当","","該当","","","","","","","","","","","","","","","","NITE-CHRIP"
"10039-33-5","ビス［（３－｛［（２－エチルヘキシル）オキシ］カルボニル｝プロパ－２－エノイル）オキシ］（ジオクチル）スタンナン","対象物","","","","","","","","","","要確認","","","","","","","","","NITE-CHRIP"
"10039-54-0","硫酸ビス（ヒドロキシルアンモニウム）","対象物","該当","","","","","","","","","","","","","","","","","","NITE-CHRIP"
"10042-76-9","二硝酸ストロンチウム","対象物","","","","該当","","","","","","","","","","","","","","","NITE-CHRIP"
"10043-01-3","三硫酸二アルミニウム","対象物","","","","","","","","","","","","","","","","","","","NITE-CHRIP"
"10043-52-4","塩化カルシウム","対象物","該当","","","","","","","","","","","","","","","","","","NITE-CHRIP"
"10043-84-2","ホスフィン酸マンガン（ＩＩ）","対象物","該当","","","","?","","","","","要確認","","","","","","","","","NITE-CHRIP"
"10045-94-0","硝酸水銀（ＩＩ）","対象物","該当","","","該当","?","","","","","要確認","","","","","","","","","NITE-CHRIP"
"10048-95-0","ヒ酸二ナトリウム・七水和物","対象物","該当","","","","?","","","","","要確認","","","","","","","","","NITE-CHRIP"
"10048-99-4","テトラヨード水銀酸バリウム","対象物","該当","","","","?","","","","","要確認","","","","","","","","","NITE-CHRIP"
"10049-04-4","二酸化塩素","対象物","該当","","","","","","","","","","","","","","","","","","NITE-CHRIP"
"10049-22-6","アンチモン酸ナトリウム・一水和物","対象物","","","","","","","","","","要確認","","","","","","","","","NITE-CHRIP"
"10049-23-7","テルル酸","対象物","","","","","","","","","","要確認","","","","","","","","","NITE-CHRIP"
"10060-08-9","クロム酸カルシウム・二水和物","対象物","該当","","","","?","","","","","要確認","","","","","","","","","NITE-CHRIP"
"10060-09-0","セレン酸カドミウム（ＩＩ）・二水和物","対象物","該当","","","","?","","","","","要確認","","","","","","","","","NITE-CHRIP"
"10060-12-5","塩化クロム（ＩＩＩ）・六水和物","対象物","該当","","","","","","","","","要確認","","","","","","","","","NITE-CHRIP"
"10060-13-6","四塩化銅ジアンモニウム・二水和物","対象物","","","","","","","","","","","","","","","","","","","NITE-CHRIP"
"10061-01-5","（Ｚ）－１，３－ジクロロプロパ－１－エン","対象物","","","","","","","","","","要確認","","","","","","","","","NITE-CHRIP"
"10061-02-6","（Ｅ）－１，３－ジクロロプロパ－１－エン","対象物","","","","","","","","","","要確認","","","","","","","","","NITE-CHRIP"
"10085-76-4","テトラクロロ銅酸二カリウム・二水和物","対象物","","","","","","","","","","","","","","","","","","","NITE-CHRIP"
"10099-74-8","二硝酸鉛","対象物","","","","該当","","","","","","要確認","","","","","","","","","NITE-CHRIP"
"10099-76-0","ケイ酸鉛（ＩＩ）","対象物","","該当","","","","","","","","要確認","","","","","","","","","NITE-CHRIP"
"10099-79-3","バナジン酸鉛","対象物","","","","","","","","","","要確認","","","","","","","","","NITE-CHRIP"
"10101-50-5","過マンガン酸ナトリウム","対象物","該当","","","","?","","","","","要確認","","","","","","","","","NITE-CHRIP"
"10101-53-8","硫酸クロム（ＩＩＩ）","対象物","該当","","","","","","","","","要確認","","","","","","","","","NITE-CHRIP"
"10101-58-3","タングステン酸コバルト（ＩＩ）","対象物","該当","","","","?","","","","","要確認","","","","","","","","","NITE-CHRIP"
"10101-63-0","ヨウ化鉛（ＩＩ）","対象物","","","","","","","","","","要確認","","","","","","","","","NITE-CHRIP"
"10101-68-5","硫酸マンガン（ＩＩ）四水和物","対象物","","","","","","","","","","","","","","","","","","","NITE-CHRIP"
"10101-83-4","テルル酸ナトリウム","対象物","","","","","","","","","","要確認","","","","","","","","","NITE-CHRIP"
"10101-96-9","Nickel(2+) selenite","対象物","該当","","","","?","","","","","要確認","","","","","","","","","NITE-CHRIP"
"10101-97-0","硫酸ニッケル（ＩＩ）六水和物","対象物","該当","","","","?","","","","","要確認","","","","","","","","","NITE-CHRIP"
"10101-98-1","硫酸ニッケル（ＩＩ）七水和物","対象物","該当","","","","?","","","","","要確認","","","","","","","","","NITE-CHRIP"
"10101-99-2","セレン酸ニッケル（ＩＩ）・六水和物","対象物","該当","","","","?","","","","","要確認","","","","","","","","","NITE-CHRIP"
"10102-18-8","亜セレン酸二ナトリウム","対象物","","","","","","","","","","要確認","","","","","","","","","NITE-CHRIP"
"10102-20-2","亜テルル酸二ナトリウム","対象物","","","","","","","","","","要確認","","","","","","","","","NITE-CHRIP"
"10102-23-5","セレン酸ナトリウム・十水和物","対象物","","","","","","","","","","要確認","","","","","","","","","NITE-CHRIP"
"10102-40-6","モリブデン酸ナトリウム・二水和物","対象物","","","","","","","","","","要確認","","","","","","","","","NITE-CHRIP"
"10102-43-9","一酸化窒素","対象物","","","","","","","","","","","","","","","","","","","NITE-CHRIP"
"10102-44-0","二酸化窒素","対象物","","","該当","","","","","","","","","","","","","","","","NITE-CHRIP"
"10102-45-1","硝酸タリウム（Ｉ）","対象物","該当","","","該当","","","","","","要確認","","","","","","","","","NITE-CHRIP"
"10102-48-4","ヒ酸の鉛（４＋）塩（３：２）","対象物","該当","","","","?","","","","","要確認","","","","","","","","","NITE-CHRIP"
"10102-49-5","ヒ酸鉄（ＩＩＩ）","対象物","該当","","","","?","","","","","要確認","","","","","","","","","NITE-CHRIP"
"10102-50-8","ヒ酸鉄（ＩＩ）","対象物","該当","","","","?","","","","","要確認","","","","","","","","","NITE-CHRIP"
"10102-53-1","メタヒ酸（ＨＡｓＯ３）","対象物","該当","","","","?","","","","","要確認","","","","","","","","","NITE-CHRIP"
"10102-90-6","二リン酸と銅の塩","対象物","","","","","","","","","","","","","","","","","","","NITE-CHRIP"
"10103-50-1","ヒ酸マグネシウム（１：？）","対象物","該当","","","","?","","","","","要確認","","","","","","","","","NITE-CHRIP"
"10103-61-4","ヒ酸銅（１：？）","対象物","該当","","","","?","","","","","要確認","","","","","","","","","NITE-CHRIP"
"10103-62-5","ヒ酸カルシウム","対象物","該当","","","","?","","","","","要確認","","","","","","","","","NITE-CHRIP"
"10108-64-2","塩化カドミウム（ＩＩ）","対象物","該当","該当","","","?","","","","","要確認","","","","","","","","","NITE-CHRIP"
"10112-91-1","二塩化二水銀","対象物","該当","","","","?","","","","","要確認","","","","","","","","","NITE-CHRIP"
"10113-34-5","ビス（アセチルオキシ）（ジベンジル）スタンナン","対象物","","","","","","","","","","要確認","","","","","","","","","NITE-CHRIP"
"10118-76-0","過マンガン酸カルシウム","対象物","該当","","","","?","","","","","要確認","","","","","","","","","NITE-CHRIP"
"10124-36-4","硫酸のカドミウム塩（１：１）","対象物","該当","該当","","","?","","","","","要確認","","","","","","","","","NITE-CHRIP"
"10124-37-5","硝酸カルシウム","対象物","","","","該当","","","","","","","","","","","","","","","NITE-CHRIP"
"10124-43-3","硫酸コバルト（ＩＩ）","対象物","該当","","","","?","","","","","要確認","","","","","","","","","NITE-CHRIP"
"10124-48-8","アミノ塩化水銀（ＩＩ）","対象物","該当","","","","?","","","","","要確認","","","","","","","","","NITE-CHRIP"
"10124-50-2","亜ヒ酸カリウム（１：？）","対象物","該当","","","","?","","","","","要確認","","","","","","","","","NITE-CHRIP"
"10124-54-6","リン酸マンガン（１：？）","対象物","該当","","","","?","","","","","要確認","","","","","","","","","NITE-CHRIP"
"10124-55-7","硫酸マンガン（１：？）","対象物","該当","","","","?","","","","","要確認","","","","","","","","","NITE-CHRIP"
"10125-13-0","塩化銅（ＩＩ）・二水和物","対象物","","","","","","","","","","要確認","","","","","","","","","NITE-CHRIP"
"10139-47-6","ヨウ化亜鉛（ＩＩ）","対象物","","","","","","","","","","要確認","","","","","","","","","NITE-CHRIP"
"10141-00-1","硫酸カリウムクロム（ＩＩＩ）","対象物","","","","","","","","","","要確認","","","","","","","","","NITE-CHRIP"
"10141-05-6","ビス（硝酸）コバルト（ＩＩ）","対象物","該当","","","該当","?","","","","","要確認","","","","","","","","","NITE-CHRIP"
"10190-55-3","モリブデン酸鉛（ＩＩ）","対象物","","","","","","","","","","要確認","","","","","","","","","NITE-CHRIP"
"10192-29-7","塩素酸アンモニウム","対象物","","","","該当","","","","","","","","","","","","","","","NITE-CHRIP"
"10192-92-4","（Ｚ，Ｚ）－４，４’－［（ジブチルスタニレン）ビス（オキシ）］ビス［４－オキソ－２－ブテン酸］","対象物","","","","","","","","","","要確認","","","","","","","","","NITE-CHRIP"
"10196-18-6","硝酸亜鉛（ＩＩ）・六水和物","対象物","","","","該当","","","","","","要確認","","","","","","","","","NITE-CHRIP"
"10196-67-5","ミリスチン酸カドミウム（ＩＩ）","対象物","該当","","","","?","","","","","要確認","","","","","","","","","NITE-CHRIP"
"10210-64-7","ビス（アセチルアセトナト－Ｏ，Ｏ’）ベリリウム","対象物","該当","","","","?","","","","","要確認","","","","","","","","","NITE-CHRIP"
"10213-79-3","ケイ酸ジナトリウム五水和物","対象物","該当","","","","","","","","","","","","","","","","","","NITE-CHRIP"
"10214-39-8","メタホウ酸鉛（ＩＩ）・一水和物","対象物","","","","","","","","","","要確認","","","","","","","","","NITE-CHRIP"
"10214-40-1","Copper(2+) selenite","対象物","","","","","","","","","","要確認","","","","","","","","","NITE-CHRIP"
"10222-01-2","２，２－ジブロモ－２－シアノアセトアミド","対象物","該当","","","","","","","","","要確認","","","","","","","","","NITE-CHRIP"
"10233-03-1","Magnesium hypochlorite","対象物","該当","","","","","","","","","","","","","","","","","","NITE-CHRIP"
"10241-04-0","塩化コバルト","対象物","該当","","","","?","","","","","要確認","","","","","","","","","NITE-CHRIP"
"10241-05-1","塩化モリブデン（Ｖ）","対象物","","","","","","","","","","要確認","","","","","","","","","NITE-CHRIP"
"10265-92-6","メタミドホス","対象物","","","","","","","","","","","","","","","","","","","NITE-CHRIP"
"10290-12-7","アルソン酸銅（ＩＩ）","対象物","該当","","","","?","","","","","要確認","","","","","","","","","NITE-CHRIP"
"10294-31-2","Gold monoiodide","対象物","","","","","","","","","","","","","","","","","","","NITE-CHRIP"
"10294-33-4","三臭化ホウ素","対象物","該当","","","","","","","","","要確認","","","","","","","","","NITE-CHRIP"
"10294-34-5","三塩化ホウ素","対象物","該当","","","","","","","","","要確認","","","","","","","","","NITE-CHRIP"
"10294-39-0","過塩素酸バリウム（ＩＩ）・三水和物","対象物","","","","該当","","","","","","","","","","","","","","","NITE-CHRIP"
"10294-40-3","クロム酸バリウム","対象物","該当","","","","?","","","","","要確認","","","","","","","","","NITE-CHRIP"
"10294-46-9","過塩素酸銅（ＩＩ）・六水和物","対象物","","","","該当","","","","","","要確認","","","","","","","","","NITE-CHRIP"
"10294-47-0","塩素酸鉛（ＩＩ）","対象物","","","","該当","","","","","","要確認","","","","","","","","","NITE-CHRIP"
"10294-50-5","リン酸コバルト（ＩＩ）・八水和物","対象物","該当","","","","?","","","","","要確認","","","","","","","","","NITE-CHRIP"
"10294-52-7","Diiron tris(chromate)","対象物","該当","","","","?","","","","","要確認","","","","","","","","","NITE-CHRIP"
"10294-58-3","Lead diphosphinate","対象物","","","","","","","","","","要確認","","","","","","","","","NITE-CHRIP"
"10294-64-1","マンガン酸カリウム","対象物","該当","","","","?","","","","","要確認","","","","","","","","","NITE-CHRIP"
"10294-65-2","ビス（硫酸）ニッケル（ＩＩ）二カリウム六水和物","対象物","該当","","","","?","","","","","要確認","","","","","","","","","NITE-CHRIP"
"10294-70-9","ヨウ化スズ（ＩＩ）","対象物","","","","","","","","","","","","","","","","","","","NITE-CHRIP"
"10311-84-9","ジエチル－Ｓ－（２－クロル－１－フタルイミドエチル）－ジチオホスフェイト","対象物","","","","","","","","","","","","","","","","","","","NITE-CHRIP"
"10325-94-7","硝酸カドミウム（ＩＩ）","対象物","該当","該当","","該当","?","","","","","要確認","","","","","","","","","NITE-CHRIP"
"10326-24-6","亜ヒ酸亜鉛（ＩＩ）","対象物","該当","","","","?","","","","","要確認","","","","","","","","","NITE-CHRIP"
"10326-27-9","塩化バリウム（ＩＩ）・二水和物","対象物","","","","","","","","","","","","","","","","","","","NITE-CHRIP"
"10326-28-0","過塩素酸カドミウム（ＩＩ）・六水和物","対象物","該当","","","該当","?","","","","","要確認","","","","","","","","","NITE-CHRIP"
"10326-41-7","（Ｒ）－２－ヒドロキシプロパン酸","対象物","該当","","","","","","","","","","","","","","","","","","NITE-CHRIP"
"10332-33-9","過ホウ酸ナトリウム一水和物","対象物","該当","","","","","","","","","要確認","","","","","","","","","NITE-CHRIP"
"10347-38-3","ヘキサベンジルジスタンナチアン","対象物","","","","","","","","","","要確認","","","","","","","","","NITE-CHRIP"
"10361-37-2","塩化バリウム","対象物","","","","","","","","","","","","","","","","","","","NITE-CHRIP"
"10361-44-1","硝酸ビスマス","対象物","","","","該当","","","","","","","","","","","","","","","NITE-CHRIP"
"10361-92-9","三塩化イットリウム","対象物","","","","","","","","","","","","","","","","","","","NITE-CHRIP"
"10377-48-7","硫酸リチウム","対象物","","","","","","","","","","","","","","","","","","","NITE-CHRIP"
"10377-60-3","硝酸マグネシウム（無水物）","対象物","","","","該当","","","","","","","","","","","","","","","NITE-CHRIP"
"10377-66-9","硝酸マンガン（ＩＩ）","対象物","該当","","","該当","?","","","","","要確認","","","","","","","","","NITE-CHRIP"
"10380-28-6","ビス（キノリン－８－オラト－κＮ，κＯ）銅（ＩＩ）","対象物","該当","","","","","","","","","要確認","","","","","","","","","NITE-CHRIP"
"10381-36-9","リン酸ニッケル（ＩＩ）","対象物","該当","","","","?","","","","","要確認","","","","","","","","","NITE-CHRIP"
"10393-49-4","硫酸コバルト","対象物","該当","","","","?","","","","","要確認","","","","","","","","","NITE-CHRIP"
"10415-75-5","硝酸水銀（Ｉ）","対象物","該当","","","該当","?","","","","","要確認","","","","","","","","","NITE-CHRIP"
"10421-48-4","硝酸鉄（ＩＩＩ）","対象物","","","","該当","","","","","","","","","","","","","","","NITE-CHRIP"
"10428-19-0","１，１，３，３－テトラブチル－１，３－ジクロロジスタンノキサン","対象物","","","","","","","","","","要確認","","","","","","","","","NITE-CHRIP"
"10431-47-7","亜セレン酸カリウム","対象物","","","","","","","","","","要確認","","","","","","","","","NITE-CHRIP"
"10433-06-4","アンチモン（３＋）＝トリエタノラート","対象物","","","","","","","","","","要確認","","","","","","","","","NITE-CHRIP"
"10451-12-4","リン酸水銀","対象物","該当","","","","?","","","","","要確認","","","","","","","","","NITE-CHRIP"
"10453-86-8","（５－ベンジル－３－フリル）メチル＝２，２－ジメチル－３－（２－メチルプロパ－１－エン－１－イル）シクロプロパンカルボキシラート","対象物","","","","","","","","","","","","","","","","","","","NITE-CHRIP"
"10461-98-0","シクロヘキシリデン（フェニル）アセトニトリル","対象物","","","","","","","","","","要確認","","","","","","","","","NITE-CHRIP"
"10468-30-1","オレイン酸カドミウム（ＩＩ）","対象物","該当","","","","?","","","","","要確認","","","","","","","","","NITE-CHRIP"
"10470-01-6","２－シクロヘキシルビフェニル","対象物","","","","","","","","","","要確認","","","","","","","","","NITE-CHRIP"
"10471-42-8","（Ｒ，Ｒ）－酒石酸ニッケル（ＩＩ）","対象物","該当","","","","?","","","","","要確認","","","","","","","","","NITE-CHRIP"
"10476-85-4","塩化ストロンチウム","対象物","","","","","","","","","","","","","","","","","","","NITE-CHRIP"
"10486-00-7","過ホウ酸ナトリウム―水（１／４）","対象物","該当","","","","","","","","","要確認","","","","","","","","","NITE-CHRIP"
"10534-83-5","ｔｒａｎｓ－塩化テトラアンミンビス（ニトリト－Ｎ）コバルト","対象物","該当","","","","?","","","","","要確認","","","","","","","","","NITE-CHRIP"
"10534-85-7","三臭化ヘキサアンミンコバルト","対象物","該当","","","","?","","","","","要確認","","","","","","","","","NITE-CHRIP"
"10534-86-8","三硝酸ヘキサアンミンコバルト","対象物","該当","","","","?","","","","","要確認","","","","","","","","","NITE-CHRIP"
"10534-89-1","三塩化ヘキサアンミンコバルト","対象物","該当","","","","?","","","","","要確認","","","","","","","","","NITE-CHRIP"
"10544-72-6","四酸化二窒素","対象物","該当","","","","","","","","","","","","","","","","","","NITE-CHRIP"
"10545-99-0","二塩化硫黄","対象物","該当","","","","","","","","","","","","","","","","","","NITE-CHRIP"
"10553-31-8","臭化バリウム（ＩＩ）","対象物","","","","","","","","","","","","","","","","","","","NITE-CHRIP"
"10584-97-1","ジブチル［ビス（｛３－［（ノニルオキシ）カルボニル］アクリロイル｝オキシ）］スタンナン","対象物","","","","","","","","","","要確認","","","","","","","","","NITE-CHRIP"
"10584-98-2","［（ジブチルスタニレン）ジチオ］二酢酸ビス（２－エチルヘキシル）エステル","対象物","該当","","","","","","","","","要確認","","","","","","","","","NITE-CHRIP"
"10595-95-6","Ｎ－ニトロソメチルエチルアミン","対象物","","","","","","","","","","","","","","","","","","","NITE-CHRIP"
"10603-63-1","トリブチル（オクタノイルオキシ）スタンナン","対象物","","","","","","","","","","要確認","","","","","","","","","NITE-CHRIP"
"10605-21-7","メチル＝１Ｈ－ベンゾイミダゾール－２－イルカルバマート","対象物","該当","","","","","","","","","要確認","","","","","","","","","NITE-CHRIP"
"11005-93-9","コバルトクロロフィリンナトリウム","対象物","該当","","","","?","","","","","要確認","","","","","","","","","NITE-CHRIP"
"11054-70-9","ラサロシド","対象物","","","","","","","","","","","","","","","","","","","NITE-CHRIP"
"11067-80-4","イソドデシルフェノール","対象物","該当","","","","","","","","","","","","","","","","","","NITE-CHRIP"
"11070-44-3","メチルテトラヒドロイソベンゾフラン－１，３－ジオン","対象物","該当","","","","","","","","","要確認","","","","","","","","","NITE-CHRIP"
"11070-96-5","ホウ化コバルト","対象物","該当","","","","?","","","","","要確認","","","","","","","","","NITE-CHRIP"
"11071-15-1","ビス｛μ－［（２Ｒ，３Ｒ）－２，３－ジ（オキシド－κＯ）ブタンジオアト－κＯ（１）：κＯ（４）］｝ジアンチモン酸（２－）二カリウム","対象物","","","","","","","","","","要確認","","","","","","","","","NITE-CHRIP"
"11071-48-0","ホウ化ニッケル","対象物","該当","","","","?","","","","","要確認","","","","","","","","","NITE-CHRIP"
"11078-65-2","ジルコン酸バリウム","対象物","","","","","","","","","","","","","","","","","","","NITE-CHRIP"
"11088-95-2","酸化鉄","対象物","","","","","","","","","","","","","","","","","","","NITE-CHRIP"
"11089-07-9","酸化鉄","対象物","","","","","","","","","","","","","","","","","","","NITE-CHRIP"
"11097-69-1","ＰＣＢ　１２５４","対象物","該当","該当","","","?","","","","","要確認","","","第一種特定","","","","","","NITE-CHRIP"
"11097-89-5","ホウ酸マンガン","対象物","該当","","","","?","","","","","要確認","","","","","","","","","NITE-CHRIP"
"11099-02-8","酸化ニッケル","対象物","該当","","","","?","","","","","要確認","","","","","","","","","NITE-CHRIP"
"11099-09-5","二酸化テルル","対象物","","","","","","","","","","要確認","","","","","","","","","NITE-CHRIP"
"11103-86-9","ビス（クロム酸）水酸化二亜鉛（ＩＩ）カリウム","対象物","該当","","","","?","","","","","要確認","","","","","","","","","NITE-CHRIP"
"11104-61-3","酸化コバルト","対象物","該当","","","","?","","","","","要確認","","","","","","","","","NITE-CHRIP"
"11104-65-7","クロム酸銅","対象物","該当","","","","?","","","","","要確認","","","","","","","","","NITE-CHRIP"
"11113-57-8","フッ化コバルト","対象物","該当","","","","?","","","","","要確認","","","","","","","","","NITE-CHRIP"
"11113-70-5","ケイクロム酸鉛","対象物","該当","","","","?","","","","","要確認","","","","","","","","","NITE-CHRIP"
"11113-71-6","フッ化マンガン","対象物","該当","","","","?","","","","","要確認","","","","","","","","","NITE-CHRIP"
"11113-74-9","水酸化ニッケル","対象物","該当","","","","?","","","","","要確認","","","","","","","","","NITE-CHRIP"
"11113-75-0","硫化ニッケル","対象物","該当","","","","?","","","","","要確認","","","","","","","","","NITE-CHRIP"
"11115-99-4","セレン化ニッケル","対象物","該当","","","","?","","","","","要確認","","","","","","","","","NITE-CHRIP"
"11116-83-9","Dibismuth dilead tetraruthenium tridecaoxide","対象物","","","","","","","","","","要確認","","","","","","","","","NITE-CHRIP"
"11117-90-1","ケイジルコン酸ナトリウム","対象物","","","","","","","","","","","","","","","","","","","NITE-CHRIP"
"11119-70-3","クロム酸鉛","対象物","該当","","","","?","","","","","要確認","","","","","","","","","NITE-CHRIP"
"11120-22-2","ケイ酸と鉛の塩","対象物","","","","","","","","","","要確認","","","","","","","","","NITE-CHRIP"
"11120-48-2","テルル酸","対象物","","","","","","","","","","要確認","","","","","","","","","NITE-CHRIP"
"11129-15-0","ジルコン酸カルシウム","対象物","","","","","","","","","","","","","","","","","","","NITE-CHRIP"
"11129-60-5","酸化マンガン","対象物","該当","","","","?","","","","","要確認","","","","","","","","","NITE-CHRIP"
"11129-61-6","ケイ酸マンガン","対象物","該当","","","","?","","","","","要確認","","","","","","","","","NITE-CHRIP"
"11132-35-7","窒化マンガン","対象物","該当","","","","?","","","","","要確認","","","","","","","","","NITE-CHRIP"
"11132-78-8","塩化マンガン","対象物","該当","","","","?","","","","","要確認","","","","","","","","","NITE-CHRIP"
"11135-81-2","カリウムナトリウム合金","対象物","該当","","","","","","","","","","","","","","","","","","NITE-CHRIP"
"12002-03-8","Ｃ．Ｉ．ピグメントグリーン２１","対象物","該当","","","","?","","","","","","","","","","","","","","NITE-CHRIP"
"12002-48-1","トリクロロベンゼン","対象物","","","","","","","","","","要確認","","","","","","","","","NITE-CHRIP"
"12002-99-2","テルル化二銀","対象物","","","","","","","","","","要確認","","","","","","","","","NITE-CHRIP"
"12005-69-5","ヒ化ホウ素（ＢＡｓ）","対象物","該当","","","","?","","","","","要確認","","","","","","","","","NITE-CHRIP"
"12005-70-8","六ホウ化ヒ素","対象物","該当","","","","?","","","","","要確認","","","","","","","","","NITE-CHRIP"
"12005-75-3","ヒ化銅（Ｉ）","対象物","該当","","","","?","","","","","要確認","","","","","","","","","NITE-CHRIP"
"12005-82-2","ヘキサフルオロヒ酸銀（Ｉ）","対象物","該当","","","","?","","","","","要確認","","","","","","","","","NITE-CHRIP"
"12005-86-6","ヘキサフルオロヒ酸ナトリウム","対象物","該当","","","","?","","","","","要確認","","","","","","","","","NITE-CHRIP"
"12005-88-8","ヒ化二鉄","対象物","該当","","","","?","","","","","要確認","","","","","","","","","NITE-CHRIP"
"12005-95-7","ヒ化マンガン","対象物","該当","","","","?","","","","","要確認","","","","","","","","","NITE-CHRIP"
"12006-05-2","セレン化ヒ素","対象物","該当","","","","?","","","","","要確認","","","","","","","","","NITE-CHRIP"
"12006-06-3","セレン化ヒ素","対象物","該当","","","","?","","","","","要確認","","","","","","","","","NITE-CHRIP"
"12006-09-6","Thallium arsenide","対象物","該当","","","","?","","","","","要確認","","","","","","","","","NITE-CHRIP"
"12006-15-4","ヒ化カドミウム","対象物","該当","","","","?","","","","","要確認","","","","","","","","","NITE-CHRIP"
"12006-21-2","二ヒ化一鉄","対象物","該当","","","","?","","","","","要確認","","","","","","","","","NITE-CHRIP"
"12006-40-5","ヒ化亜鉛","対象物","該当","","","","?","","","","","要確認","","","","","","","","","NITE-CHRIP"
"12006-61-0","テルル化金","対象物","","","","","","","","","","要確認","","","","","","","","","NITE-CHRIP"
"12006-77-8","ホウ化コバルト","対象物","該当","","","","?","","","","","要確認","","","","","","","","","NITE-CHRIP"
"12006-79-0","ホウ化クロム（ＩＩＩ）","対象物","","","","","","","","","","要確認","","","","","","","","","NITE-CHRIP"
"12006-98-3","ホウ化モリブデン（ＩＩＩ）","対象物","","","","","","","","","","要確認","","","","","","","","","NITE-CHRIP"
"12007-00-0","ホウ化ニッケル（ＩＩＩ）","対象物","該当","","","","?","","","","","要確認","","","","","","","","","NITE-CHRIP"
"12007-01-1","ホウ化ニッケル","対象物","該当","","","","?","","","","","要確認","","","","","","","","","NITE-CHRIP"
"12007-02-2","ホウ化ニッケル","対象物","該当","","","","?","","","","","要確認","","","","","","","","","NITE-CHRIP"
"12007-89-5","五ホウ酸アンモニウム","対象物","","","","","","","","","","要確認","","","","","","","","","NITE-CHRIP"
"12009-18-6","スズ酸バリウム","対象物","","","","","","","","","","","","","","","","","","","NITE-CHRIP"
"12009-21-1","ジルコン酸バリウム","対象物","","","","","","","","","","","","","","","","","","","NITE-CHRIP"
"12009-36-8","Barium telluride","対象物","","","","","","","","","","要確認","","","","","","","","","NITE-CHRIP"
"12009-99-3","酸化ベリリウム","対象物","該当","","","","?","","","","","要確認","","","","","","","","","NITE-CHRIP"
"12010-57-0","テルル化ビスマス","対象物","","","","","","","","","","要確認","","","","","","","","","NITE-CHRIP"
"12010-67-2","スズ酸ビスマス","対象物","","","","","","","","","","","","","","","","","","","NITE-CHRIP"
"12010-73-0","テルル化ビスマス","対象物","","","","","","","","","","要確認","","","","","","","","","NITE-CHRIP"
"12011-97-1","炭化モリブデン（ＭｏＣ）","対象物","","","","","","","","","","要確認","","","","","","","","","NITE-CHRIP"
"12012-35-0","炭化クロム","対象物","","","","","","","","","","","","","","","","","","","NITE-CHRIP"
"12013-10-4","硫化コバルト","対象物","該当","","","","?","","","","","要確認","","","","","","","","","NITE-CHRIP"
"12013-46-6","スズ酸カルシウム","対象物","","","","","","","","","","","","","","","","","","","NITE-CHRIP"
"12013-47-7","ジルコン酸カルシウム","対象物","","","","","","","","","","","","","","","","","","","NITE-CHRIP"
"12013-57-9","Calcium telluride","対象物","","","","","","","","","","要確認","","","","","","","","","NITE-CHRIP"
"12013-69-3","鉛酸二カルシウム","対象物","","該当","","","","","","","","要確認","","","","","","","","","NITE-CHRIP"
"12014-28-7","二リン化三カドミウム","対象物","該当","","","","?","","","","","要確認","","","","","","","","","NITE-CHRIP"
"12014-97-0","Dicerium tritelluride","対象物","","","","","","","","","","要確認","","","","","","","","","NITE-CHRIP"
"12015-75-7","硫化コバルト","対象物","該当","","","","?","","","","","要確認","","","","","","","","","NITE-CHRIP"
"12017-00-4","酸化コバルト","対象物","該当","","","","?","","","","","要確認","","","","","","","","","NITE-CHRIP"
"12017-13-9","Cobalt telluride","対象物","","","","","","","","","","要確認","","","","","","","","","NITE-CHRIP"
"12017-76-4","硫化コバルト","対象物","該当","","","","?","","","","","要確認","","","","","","","","","NITE-CHRIP"
"12017-79-7","クロム酸銅","対象物","","","","","","","","","","要確認","","","","","","","","","NITE-CHRIP"
"12017-86-6","Dilead chromate dihydroxide","対象物","","","","","","","","","","要確認","","","","","","","","","NITE-CHRIP"
"12017-94-6","クロム酸ランタン","対象物","","","","","","","","","","要確認","","","","","","","","","NITE-CHRIP"
"12018-10-9","クロム酸銅","対象物","","","","","","","","","","要確認","","","","","","","","","NITE-CHRIP"
"12018-19-8","亜クロム酸亜鉛","対象物","該当","","","","?","","","","","要確認","","","","","","","","","NITE-CHRIP"
"12019-08-8","チタン酸銅","対象物","","","","","","","","","","","","","","","","","","","NITE-CHRIP"
"12019-11-3","リン化銅（ＣｕＰ２）","対象物","","","","","","","","","","","","","","","","","","","NITE-CHRIP"
"12019-23-7","Copper telluride","対象物","","","","","","","","","","要確認","","","","","","","","","NITE-CHRIP"
"12019-52-2","Dicopper telluride","対象物","","","","","","","","","","要確認","","","","","","","","","NITE-CHRIP"
"12019-57-7","リン化銅（Ｃｕ３Ｐ）","対象物","","","","","","","","","","","","","","","","","","","NITE-CHRIP"
"12020-39-2","Dierbium tritelluride","対象物","","","","","","","","","","要確認","","","","","","","","","NITE-CHRIP"
"12020-69-8","Europium telluride","対象物","","","","","","","","","","要確認","","","","","","","","","NITE-CHRIP"
"12021-43-1","フッ化ジルコン酸","対象物","","","","","","","","","","","","","","","","","","","NITE-CHRIP"
"12021-95-3","六フッ化ジルコン酸","対象物","","","","","","","","","","","","","","","","","","","NITE-CHRIP"
"12023-03-9","Iron ditelluride","対象物","","","","","","","","","","要確認","","","","","","","","","NITE-CHRIP"
"12023-90-4","Dodecairon lead nonadecaoxide","対象物","","","","","","","","","","要確認","","","","","","","","","NITE-CHRIP"
"12024-11-2","セレン化ガリウム","対象物","","","","","","","","","","要確認","","","","","","","","","NITE-CHRIP"
"12024-14-5","Gallium telluride","対象物","","","","","","","","","","要確認","","","","","","","","","NITE-CHRIP"
"12024-24-7","Digallium triselenide","対象物","","","","","","","","","","要確認","","","","","","","","","NITE-CHRIP"
"12024-27-0","Digallium tritelluride","対象物","","","","","","","","","","要確認","","","","","","","","","NITE-CHRIP"
"12025-39-7","Germanium telluride","対象物","","","","","","","","","","要確認","","","","","","","","","NITE-CHRIP"
"12026-06-1","水酸化タリウム（Ｉ）","対象物","","","","","","","","","","要確認","","","","","","","","","NITE-CHRIP"
"12026-24-3","水酸化スズ（ＩＩ）","対象物","","","","","","","","","","","","","","","","","","","NITE-CHRIP"
"12026-48-1","硫化水素（Ｈ２Ｓ７）","対象物","該当","","","","?","","","","","","","","","","","","","","NITE-CHRIP"
"12026-57-2","リンモリブデン酸","対象物","","","該当","","","","","","","要確認","","","","","","","","","NITE-CHRIP"
"12026-65-2","ドデカモリブドリン酸水素ジアンモニウム","対象物","","","","","","","","","","要確認","","","","","","","","","NITE-CHRIP"
"12026-66-3","リンモリブデン酸トリアンモニウム","対象物","","","","","","","","","","要確認","","","","","","","","","NITE-CHRIP"
"12027-12-2","ケイモリブデン酸","対象物","","","","","","","","","","要確認","","","","","","","","","NITE-CHRIP"
"12027-61-1","ヘキサヒドロキシスズ酸二カリウム","対象物","","","","","","","","","","","","","","","","","","","NITE-CHRIP"
"12027-67-7","モリブデン酸アンモニウム（Ｈ２４Ｍｏ７Ｎ６Ｏ２４）","対象物","","","該当","","","","","","","要確認","","","","","","","","","NITE-CHRIP"
"12027-83-7","ケイジルコン酸ナトリウム","対象物","","","","","","","","","","","","","","","","","","","NITE-CHRIP"
"12029-22-0","酸化ハフニウム","対象物","","","","","","","","","","","","","","","","","","","NITE-CHRIP"
"12029-23-1","Hafnium lead trioxide","対象物","","","","","","","","","","要確認","","","","","","","","","NITE-CHRIP"
"12030-24-9","三硫化二インジウム","対象物","","","","","","","","","","要確認","","","","","","","","","NITE-CHRIP"
"12031-53-7","Dilanthanum tritelluride","対象物","","","","","","","","","","要確認","","","","","","","","","NITE-CHRIP"
"12031-65-1","酸化ニッケルリチウム（ＬｉＮｉＯ２）","対象物","該当","","","","?","","","","","要確認","","","","","","","","","NITE-CHRIP"
"12032-29-0","スズ酸マグネシウム","対象物","","","","","","","","","","","","","","","","","","","NITE-CHRIP"
"12032-31-4","ジルコン酸マグネシウム","対象物","","","","","","","","","","","","","","","","","","","NITE-CHRIP"
"12032-44-9","Magnesium telluride","対象物","","","","","","","","","","要確認","","","","","","","","","NITE-CHRIP"
"12032-88-1","Manganese telluride","対象物","","","","","","","","","","要確認","","","","","","","","","NITE-CHRIP"
"12032-89-2","Manganese ditelluride","対象物","","","","","","","","","","要確認","","","","","","","","","NITE-CHRIP"
"12032-97-2","Antimony, compound with manganese (1:2)","対象物","該当","","","","?","","","","","要確認","","","","","","","","","NITE-CHRIP"
"12033-03-3","窒化マンガン","対象物","該当","","","","?","","","","","要確認","","","","","","","","","NITE-CHRIP"
"12033-07-7","窒化四マンガン","対象物","該当","","","","?","","","","","要確認","","","","","","","","","NITE-CHRIP"
"12033-08-8","窒化マンガン","対象物","該当","","","","?","","","","","要確認","","","","","","","","","NITE-CHRIP"
"12033-40-8","ケイ化モリブデン（Ｍｏ５Ｓｉ３）","対象物","","","","","","","","","","要確認","","","","","","","","","NITE-CHRIP"
"12034-30-9","亜ナマリ酸ナトリウム","対象物","","","","","","","","","","要確認","","","","","","","","","NITE-CHRIP"
"12034-39-8","四硫化二ナトリウム","対象物","","","","","","","","","","","","","","","","","","","NITE-CHRIP"
"12034-41-2","Disodium telluride","対象物","","","","","","","","","","要確認","","","","","","","","","NITE-CHRIP"
"12034-77-4","セレン化ニオビウム","対象物","","","","","","","","","","要確認","","","","","","","","","NITE-CHRIP"
"12034-83-2","Niobium ditelluride","対象物","","","","","","","","","","要確認","","","","","","","","","NITE-CHRIP"
"12034-88-7","ニオブ酸鉛","対象物","","","","","","","","","","要確認","","","","","","","","","NITE-CHRIP"
"12035-35-7","Dineodymium tritelluride","対象物","","","","","","","","","","要確認","","","","","","","","","NITE-CHRIP"
"12035-36-8","酸化ニッケル（ＩＶ）","対象物","該当","","","該当","?","","","","","要確認","","","","","","","","","NITE-CHRIP"
"12035-51-7","硫化ニッケル（ＮｉＳ２）","対象物","該当","","","","?","","","","","要確認","","","","","","","","","NITE-CHRIP"
"12035-72-2","二硫化三ニッケル","対象物","該当","","","","?","","","","","要確認","","","","","","","","","NITE-CHRIP"
"12035-77-7","硫化ニッケル（Ｎｉ９Ｓ８）","対象物","該当","","","","?","","","","","要確認","","","","","","","","","NITE-CHRIP"
"12036-01-0","酸化ジルコニウム","対象物","","","","","","","","","","","","","","","","","","","NITE-CHRIP"
"12036-23-6","二酸化ジルコニウム（バッデレイット型）","対象物","","","","","","","","","","","","","","","","","","","NITE-CHRIP"
"12036-31-6","Lead tin trioxide","対象物","","","","","","","","","","要確認","","","","","","","","","NITE-CHRIP"
"12036-35-0","酸化ロジウム","対象物","","","","","","","","","","","","","","","","","","","NITE-CHRIP"
"12036-39-4","ジルコン酸ストロンチウム","対象物","","","","","","","","","","","","","","","","","","","NITE-CHRIP"
"12036-67-8","ジルコン酸ストロンチウム","対象物","","","","","","","","","","","","","","","","","","","NITE-CHRIP"
"12036-76-9","酸化硫酸二鉛","対象物","","該当","","","","","","","","要確認","","","","","","","","","NITE-CHRIP"
"12037-00-2","ジルコン酸ストロンチウム","対象物","","","","","","","","","","","","","","","","","","","NITE-CHRIP"
"12037-22-8","ジルコン酸ストロンチウム","対象物","","","","","","","","","","","","","","","","","","","NITE-CHRIP"
"12038-12-9","Praseodymium tritelluride","対象物","","","","","","","","","","要確認","","","","","","","","","NITE-CHRIP"
"12039-35-9","アンチモン化亜鉛","対象物","","","","","","","","","","要確認","","","","","","","","","NITE-CHRIP"
"12039-37-1","テルル化アンチモン","対象物","","","","","","","","","","要確認","","","","","","","","","NITE-CHRIP"
"12039-55-3","セレン化タンタル","対象物","","","","","","","","","","要確認","","","","","","","","","NITE-CHRIP"
"12040-02-7","Tin telluride","対象物","","","","","","","","","","要確認","","","","","","","","","NITE-CHRIP"
"12040-08-3","Strontium telluride","対象物","","","","","","","","","","要確認","","","","","","","","","NITE-CHRIP"
"12040-11-8","Terbium telluride (TbTe3)","対象物","","","","","","","","","","要確認","","","","","","","","","NITE-CHRIP"
"12040-12-9","Thallium telluride (TlTe)","対象物","","","","","","","","","","要確認","","","","","","","","","NITE-CHRIP"
"12040-13-0","Dithallium telluride","対象物","","","","","","","","","","要確認","","","","","","","","","NITE-CHRIP"
"12040-16-3","Thallium telluride (Tl2Te3)","対象物","","","","","","","","","","要確認","","","","","","","","","NITE-CHRIP"
"12041-42-8","テルル化銀","対象物","","","","","","","","","","要確認","","","","","","","","","NITE-CHRIP"
"12042-91-0","塩化アルミニウム５水酸化物（Ａｌ２Ｃｌ（ＯＨ）５）","対象物","","","","","","","","","","","","","","","","","","","NITE-CHRIP"
"12043-29-7","Aluminium telluride","対象物","","","","","","","","","","要確認","","","","","","","","","NITE-CHRIP"
"12044-16-5","ヒ化鉄（ＦｅＡｓ）","対象物","該当","","","","?","","","","","要確認","","","","","","","","","NITE-CHRIP"
"12044-20-1","ガリウムヒ素リン（Ｇａ２ＡｓＰ）","対象物","該当","","","","?","","","","","要確認","","","","","","","","","NITE-CHRIP"
"12044-21-2","Tripotassium arsenide","対象物","該当","","","","?","","","","","要確認","","","","","","","","","NITE-CHRIP"
"12044-25-6","Trisodium arsenide","対象物","該当","","","","?","","","","","要確認","","","","","","","","","NITE-CHRIP"
"12044-31-4","セレン化ヒ素","対象物","該当","","","","?","","","","","要確認","","","","","","","","","NITE-CHRIP"
"12044-32-5","ヒ化スズ（ＳｎＡｓ）","対象物","該当","","","","?","","","","","要確認","","","","","","","","","NITE-CHRIP"
"12044-49-4","ヒ化マグネシウム","対象物","該当","","","","?","","","","","要確認","","","","","","","","","NITE-CHRIP"
"12044-50-7","五酸化二ヒ素・５／３水和物","対象物","該当","","","","?","","","","","要確認","","","","","","","","","NITE-CHRIP"
"12044-52-9","二ヒ化白金","対象物","該当","","","","?","","","","","要確認","","","","","","","","","NITE-CHRIP"
"12044-54-1","Diarsenic tritelluride","対象物","該当","","","","?","","","","","要確認","","","","","","","","","NITE-CHRIP"
"12044-55-2","二ヒ化一亜鉛","対象物","該当","","","","?","","","","","要確認","","","","","","","","","NITE-CHRIP"
"12044-57-4","セレン化ヒ素","対象物","該当","","","","?","","","","","要確認","","","","","","","","","NITE-CHRIP"
"12044-79-0","一硫化一ヒ素","対象物","該当","","","","?","","","","","要確認","","","","","","","","","NITE-CHRIP"
"12045-01-1","ホウ化コバルト","対象物","該当","","","","?","","","","","要確認","","","","","","","","","NITE-CHRIP"
"12045-15-7","ホウ化マンガン","対象物","該当","","","","?","","","","","要確認","","","","","","","","","NITE-CHRIP"
"12045-16-8","ホウ化マンガン","対象物","該当","","","","?","","","","","要確認","","","","","","","","","NITE-CHRIP"
"12045-56-6","ホウ化ニッケル","対象物","該当","","","","?","","","","","要確認","","","","","","","","","NITE-CHRIP"
"12045-58-8","ホウ化ニッケル","対象物","該当","","","","?","","","","","要確認","","","","","","","","","NITE-CHRIP"
"12045-67-9","ホウ化ニッケル","対象物","該当","","","","?","","","","","要確認","","","","","","","","","NITE-CHRIP"
"12048-28-1","Bismuth, compound with lead (1:1)","対象物","","","","","","","","","","要確認","","","","","","","","","NITE-CHRIP"
"12048-52-1","ジルコン酸ビスマス","対象物","","","","","","","","","","","","","","","","","","","NITE-CHRIP"
"12052-42-5","Antimony, compound with cobalt (1:1)","対象物","該当","","","","?","","","","","要確認","","","","","","","","","NITE-CHRIP"
"12052-64-1","硫化コバルト","対象物","該当","","","","?","","","","","要確認","","","","","","","","","NITE-CHRIP"
"12053-12-2","Antimony, compound with chromium (1:1)","対象物","","","","","","","","","","要確認","","","","","","","","","NITE-CHRIP"
"12053-13-3","セレン化クロム","対象物","","","","","","","","","","要確認","","","","","","","","","NITE-CHRIP"
"12053-18-8","クロム酸銅","対象物","","","","","","","","","","要確認","","","","","","","","","NITE-CHRIP"
"12053-39-3","Dichromium tritelluride","対象物","","","","","","","","","","要確認","","","","","","","","","NITE-CHRIP"
"12053-47-3","クロム酸ナトリウム","対象物","該当","","","","?","","","","","要確認","","","","","","","","","NITE-CHRIP"
"12054-48-7","水酸化ニッケル（ＩＩ）","対象物","該当","","","","?","","","","","要確認","","","","","","","","","NITE-CHRIP"
"12054-85-2","モリブデン酸六アンモニウム・四水和物","対象物","","","","","","","","","","要確認","","","","","","","","","NITE-CHRIP"
"12055-23-1","酸化ハフニウム","対象物","","","","","","","","","","","","","","","","","","","NITE-CHRIP"
"12056-07-4","セレン化インジウム","対象物","","","","","","","","","","要確認","","","","","","","","","NITE-CHRIP"
"12057-92-0","酸化マンガン（Ｍｎ２Ｏ７）","対象物","該当","","","","?","","","","","要確認","","","","","","","","","NITE-CHRIP"
"12058-11-6","モリブデン酸バナジウム（ＶＭｏＯ５）","対象物","","","","","","","","","","要確認","","","","","","","","","NITE-CHRIP"
"12058-18-3","セレン化モリブデン","対象物","","","","","","","","","","要確認","","","","","","","","","NITE-CHRIP"
"12058-20-7","Molybdenum ditelluride","対象物","","","","","","","","","","要確認","","","","","","","","","NITE-CHRIP"
"12058-26-3","モリブデン酸亜鉛","対象物","","","","","","","","","","要確認","","","","","","","","","NITE-CHRIP"
"12058-66-1","スズ酸ナトリウム","対象物","","","","","","","","","","","","","","","","","","","NITE-CHRIP"
"12059-89-1","酸化鉛（Ｉ）","対象物","","","","","","","","","","要確認","","","","","","","","","NITE-CHRIP"
"12059-93-7","酸化ジルコニウム（Ｚｒ３Ｏ）","対象物","","","","","","","","","","","","","","","","","","","NITE-CHRIP"
"12060-00-3","三酸化チタン鉛","対象物","","該当","","","","","","","","要確認","","","","","","","","","NITE-CHRIP"
"12060-01-4","ジルコニウム酸鉛","対象物","","","","","","","","","","要確認","","","","","","","","","NITE-CHRIP"
"12060-18-3","酸化ジルコニウム（Ｚｒ２Ｏ３）","対象物","","","","","","","","","","","","","","","","","","","NITE-CHRIP"
"12062-24-7","六フッ化ケイ酸銅（ＩＩ）","対象物","該当","","","","","","","","","要確認","","","","","","","","","NITE-CHRIP"
"12064-03-8","ガリウムアンチモン","対象物","","","","","","","","","","要確認","","","","","","","","","NITE-CHRIP"
"12065-10-0","Germanium selenide","対象物","","","","","","","","","","要確認","","","","","","","","","NITE-CHRIP"
"12065-68-8","タンタル酸鉛","対象物","","","","","","","","","","要確認","","","","","","","","","NITE-CHRIP"
"12065-90-6","四酸化硫酸五鉛","対象物","","","","","","","","","","要確認","","","","","","","","","NITE-CHRIP"
"12067-00-4","Rhenium ditelluride","対象物","","","","","","","","","","要確認","","","","","","","","","NITE-CHRIP"
"12067-31-1","テルル化アンチモン","対象物","","","","","","","","","","要確認","","","","","","","","","NITE-CHRIP"
"12067-45-7","セレン化チタン","対象物","","","","","","","","","","要確認","","","","","","","","","NITE-CHRIP"
"12067-46-8","セレン化タングステン","対象物","","","","","","","","","","要確認","","","","","","","","","NITE-CHRIP"
"12067-66-2","Tantalum ditelluride","対象物","","","","","","","","","","要確認","","","","","","","","","NITE-CHRIP"
"12067-75-3","Titanium ditelluride","対象物","","","","","","","","","","要確認","","","","","","","","","NITE-CHRIP"
"12067-76-4","Tungsten ditelluride","対象物","","","","","","","","","","要確認","","","","","","","","","NITE-CHRIP"
"12068-61-0","ヒ化ニッケル（ＮｉＡｓ２）","対象物","該当","","","","?","","","","","要確認","","","","","","","","","NITE-CHRIP"
"12068-69-8","セレン化ビスマス","対象物","","","","","","","","","","要確認","","","","","","","","","NITE-CHRIP"
"12068-90-5","テルル化水銀（ＩＩ）","対象物","該当","","","","?","","","","","要確認","","","","","","","","","NITE-CHRIP"
"12069-00-0","セレン化鉛","対象物","","","","","","","","","","要確認","","","","","","","","","NITE-CHRIP"
"12069-69-1","｛μ－［カルボナト－κＯ：κＯ’］｝ビス（ヒドロキシド銅）","対象物","","","","","","","","","","","","","","","","","","","NITE-CHRIP"
"12069-85-1","炭化ハフニウム","対象物","","","","","","","","","","","","","","","","","","","NITE-CHRIP"
"12069-89-5","炭化モリブデン（Ｍｏ２Ｃ）","対象物","","","","","","","","","","要確認","","","","","","","","","NITE-CHRIP"
"12070-04-1","炭化ケイ素","対象物","","","","","","","","","","要確認","","","","","","","","","NITE-CHRIP"
"12070-14-3","炭化ジルコニウム","対象物","","","","","","","","","","","","","","","","","","","NITE-CHRIP"
"12071-27-1","炭化ケイ素","対象物","","","","","","","","","","要確認","","","","","","","","","NITE-CHRIP"
"12071-83-9","Ｎ，Ｎ’－プロピレンビス（ジチオカルバミン酸）亜鉛","対象物","","該当","","","","","","","","要確認","","","","","","","","","NITE-CHRIP"
"12079-65-1","トリカルボニル（η（５）－シクロペンタジエニル）マンガン","対象物","該当","","","","?","","","","","要確認","","","","","","","","","NITE-CHRIP"
"12081-16-2","μ－ジクロロテトラエチレンジロジウム（Ｉ）","対象物","","","","","","","","","","","","","","","","","","","NITE-CHRIP"
"12108-13-3","トリカルボニル（メチル－η（５）－シクロペンタジエニル）マンガン","対象物","該当","","","","?","","","","","要確認","","","","","","","","","NITE-CHRIP"
"12122-67-7","｛［エチレンビス（カルバモジチオアト）］（２－）｝亜鉛　［別名：ジネブ］","対象物","該当","","","","","","","","","","","","","","","","","","NITE-CHRIP"
"12124-97-9","臭化アンモニウム","対象物","","","","","","","","","","","","","","","","","","","NITE-CHRIP"
"12125-01-8","フッ化アンモニウム","対象物","","","","","","","","","","要確認","","","","","","","","","NITE-CHRIP"
"12125-02-9","塩化アンモニウム［（ＮＨ４）Ｃｌ］","対象物","","","","","","","","","","","","","","","","","","","NITE-CHRIP"
"12125-03-0","スズ酸カリウム・三水和物","対象物","","","","","","","","","","","","","","","","","","","NITE-CHRIP"
"12125-21-2","水酸化銅（Ｉ）","対象物","","","","","","","","","","","","","","","","","","","NITE-CHRIP"
"12125-23-4","硫化マンガン","対象物","該当","","","","?","","","","","要確認","","","","","","","","","NITE-CHRIP"
"12125-56-3","水酸化ニッケル［Ｎｉ（ＯＨ）３］","対象物","該当","","","","?","","","","","要確認","","","","","","","","","NITE-CHRIP"
"12125-58-5","Ytterbium telluride","対象物","","","","","","","","","","要確認","","","","","","","","","NITE-CHRIP"
"12125-63-2","Iron telluride","対象物","","","","","","","","","","要確認","","","","","","","","","NITE-CHRIP"
"12135-36-3","硫化鉛","対象物","","","","","","","","","","要確認","","","","","","","","","NITE-CHRIP"
"12136-26-4","酸化インジウム（ＩＩ）","対象物","","","","","","","","","","要確認","","","","","","","","","NITE-CHRIP"
"12136-59-3","Dilithium telluride","対象物","","","","","","","","","","要確認","","","","","","","","","NITE-CHRIP"
"12136-60-6","セレン化リチウム","対象物","","","","","","","","","","要確認","","","","","","","","","NITE-CHRIP"
"12136-78-6","ケイ化モリブデン（ＭｏＳｉ２）","対象物","","","","","","","","","","要確認","","","","","","","","","NITE-CHRIP"
"12137-08-5","硫化ニッケル（Ｎｉ２Ｓ）","対象物","該当","","","","?","","","","","要確認","","","","","","","","","NITE-CHRIP"
"12137-09-6","酸化ニッケル（Ｎｉ３Ｏ４）","対象物","該当","","","","?","","","","","要確認","","","","","","","","","NITE-CHRIP"
"12137-12-1","四硫化三ニッケル","対象物","該当","","","","?","","","","","要確認","","","","","","","","","NITE-CHRIP"
"12137-13-2","セレン化ニッケル","対象物","該当","","","","?","","","","","要確認","","","","","","","","","NITE-CHRIP"
"12137-74-5","硫化鉛","対象物","","","","","","","","","","要確認","","","","","","","","","NITE-CHRIP"
"12138-37-3","Uranium ditelluride","対象物","","","","","","","","","","要確認","","","","","","","","","NITE-CHRIP"
"12138-48-6","鉛酸カルシウム","対象物","","","","","","","","","","要確認","","","","","","","","","NITE-CHRIP"
"12139-23-0","ジルコニウム酸カドミウム","対象物","該当","","","","?","","","","","要確認","","","","","","","","","NITE-CHRIP"
"12141-20-7","二酸化ホスホン酸三鉛","対象物","","","","","","","","","","要確認","","","","","","","","","NITE-CHRIP"
"12142-33-5","スズ酸カリウム","対象物","","","","","","","","","","","","","","","","","","","NITE-CHRIP"
"12142-40-4","Dipotassium telluride","対象物","","","","","","","","","","要確認","","","","","","","","","NITE-CHRIP"
"12142-88-0","Nickel telluride","対象物","","","","","","","","","","要確認","","","","","","","","","NITE-CHRIP"
"12143-34-9","スズ酸ストロンチウム","対象物","","","","","","","","","","","","","","","","","","","NITE-CHRIP"
"12144-09-1","炭化ケイ素","対象物","","","","","","","","","","要確認","","","","","","","","","NITE-CHRIP"
"12158-75-7","硝酸銅","対象物","","","","該当","","","","","","要確認","","","","","","","","","NITE-CHRIP"
"12159-43-2","Didysprosium tritelluride","対象物","","","","","","","","","","要確認","","","","","","","","","NITE-CHRIP"
"12160-99-5","Gadolinium telluride","対象物","","","","","","","","","","要確認","","","","","","","","","NITE-CHRIP"
"12162-79-7","二酸化マンガン（ＩＩＩ）リチウム","対象物","該当","","","","?","","","","","要確認","","","","","","","","","NITE-CHRIP"
"12163-22-3","Dilutetium tritelluride","対象物","","","","","","","","","","要確認","","","","","","","","","NITE-CHRIP"
"12163-53-0","窒化マンガン","対象物","該当","","","","?","","","","","要確認","","","","","","","","","NITE-CHRIP"
"12163-64-3","酸化マンガン（Ｍｎ５Ｏ８）","対象物","該当","","","","?","","","","","要確認","","","","","","","","","NITE-CHRIP"
"12164-01-1","一テルル化窒素","対象物","","","","","","","","","","要確認","","","","","","","","","NITE-CHRIP"
"12164-90-8","セレン化ニッケル","対象物","該当","","","","?","","","","","要確認","","","","","","","","","NITE-CHRIP"
"12166-44-8","Discandium tritelluride","対象物","","","","","","","","","","要確認","","","","","","","","","NITE-CHRIP"
"12166-47-1","セレン化ジルコニウム","対象物","","","","","","","","","","要確認","","","","","","","","","NITE-CHRIP"
"12166-69-7","Dithulium tritelluride","対象物","","","","","","","","","","要確認","","","","","","","","","NITE-CHRIP"
"12166-71-1","Diyttrium tritelluride","対象物","","","","","","","","","","要確認","","","","","","","","","NITE-CHRIP"
"12174-11-7","パリゴルスカイト","対象物","","","","","","","","","","","","","","","","","","","NITE-CHRIP"
"12179-04-3","七酸化二ナトリウム四ホウ素五水和物","対象物","","","","","","","","","","要確認","","","","","","","","","NITE-CHRIP"
"12186-44-6","酸化鉄","対象物","","","","","","","","","","","","","","","","","","","NITE-CHRIP"
"12186-84-4","Diholmium pentatelluride","対象物","","","","","","","","","","要確認","","","","","","","","","NITE-CHRIP"
"12187-02-9","Disamarium pentatelluride","対象物","","","","","","","","","","要確認","","","","","","","","","NITE-CHRIP"
"12187-14-3","ニオブ酸カドミウム","対象物","該当","","","","?","","","","","要確認","","","","","","","","","NITE-CHRIP"
"12190-79-3","二酸化コバルトリチウム","対象物","該当","","","","?","","","","","要確認","","","","","","","","","NITE-CHRIP"
"12190-88-4","クロム酸亜鉛","対象物","該当","","","","?","","","","","要確認","","","","","","","","","NITE-CHRIP"
"12191-06-9","Dicesium telluride","対象物","","","","","","","","","","要確認","","","","","","","","","NITE-CHRIP"
"12192-97-1","ジカルボニル（５－ハプト－２，４－シクロペンタジエニル）ロジウム","対象物","","","","","","","","","","","","","","","","","","","NITE-CHRIP"
"12202-17-4","三酸化硫酸四鉛","対象物","","該当","","","","","","","","要確認","","","","","","","","","NITE-CHRIP"
"12205-72-0","Lead chloride oxide","対象物","","","","","","","","","","要確認","","","","","","","","","NITE-CHRIP"
"12207-67-9","水酸化マンガン","対象物","該当","","","","?","","","","","要確認","","","","","","","","","NITE-CHRIP"
"12208-13-8","六ヒドロキシアンチモン酸カリウム","対象物","","","","","","","","","","要確認","","","","","","","","","NITE-CHRIP"
"12209-98-2","スズ酸ナトリウム・三水和物","対象物","","","","","","","","","","","","","","","","","","","NITE-CHRIP"
"12210-70-7","Dirubidium telluride","対象物","","","","","","","","","","要確認","","","","","","","","","NITE-CHRIP"
"12213-74-0","鉛酸カルシウム","対象物","","","","","","","","","","要確認","","","","","","","","","NITE-CHRIP"
"12214-12-9","一硫化一セレン化二カドミウム（ＩＩ）","対象物","該当","該当","","","?","","","","","要確認","","","","","","","","","NITE-CHRIP"
"12214-45-8","酸化鉛（ＰｂＯ３）","対象物","","","","","","","","","","要確認","","","","","","","","","NITE-CHRIP"
"12224-98-5","リンモリブデンタングステン酸９－［２－（エトキシカルボニル）フェニル］－３，６－ビス（エチルアミノ）－２，７－ジメチルキサンチリウム","対象物","","","","","","","","","","要確認","","","","","","","","","NITE-CHRIP"
"12228-50-1","二ホウ化マンガン","対象物","該当","","","","?","","","","","要確認","","","","","","","","","NITE-CHRIP"
"12228-91-0","ホウ酸マンガン","対象物","該当","","","","?","","","","","要確認","","","","","","","","","NITE-CHRIP"
"12229-02-6","ホウ化マンガン","対象物","該当","","","","?","","","","","要確認","","","","","","","","","NITE-CHRIP"
"12229-03-7","ホウ化ニッケル","対象物","該当","","","","?","","","","","要確認","","","","","","","","","NITE-CHRIP"
"12230-71-6","水酸化バリウム・八水和物","対象物","該当","","","","","","","","","","","","","","","","","","NITE-CHRIP"
"12231-53-7","ジルコン酸バリウム","対象物","","","","","","","","","","","","","","","","","","","NITE-CHRIP"
"12232-27-8","Beryllium telluride","対象物","","","","","","","","","","要確認","","","","","","","","","NITE-CHRIP"
"12249-68-2","テルル化銀","対象物","","","","","","","","","","要確認","","","","","","","","","NITE-CHRIP"
"12254-85-2","ヒ化クロム","対象物","該当","","","","?","","","","","要確認","","","","","","","","","NITE-CHRIP"
"12255-36-6","Triantimony arsenide","対象物","該当","","","","?","","","","","要確認","","","","","","","","","NITE-CHRIP"
"12255-50-4","ヒ化バリウム","対象物","該当","","","","?","","","","","要確認","","","","","","","","","NITE-CHRIP"
"12255-99-1","ヒ化スズ","対象物","該当","","","","?","","","","","要確認","","","","","","","","","NITE-CHRIP"
"12256-32-5","ガリウムヒ素リン","対象物","該当","","","","?","","","","","要確認","","","","","","","","","NITE-CHRIP"
"12256-65-4","テルル化金","対象物","","","","","","","","","","要確認","","","","","","","","","NITE-CHRIP"
"12259-56-2","硫化ニッケル（Ｎｉ２Ｓ３）","対象物","該当","","","","?","","","","","要確認","","","","","","","","","NITE-CHRIP"
"12260-22-9","ホウ化マンガン","対象物","該当","","","","?","","","","","要確認","","","","","","","","","NITE-CHRIP"
"12260-55-8","Germanium ditelluride","対象物","","","","","","","","","","要確認","","","","","","","","","NITE-CHRIP"
"12266-38-5","Antimony, compound with lead (1:1)","対象物","","","","","","","","","","要確認","","","","","","","","","NITE-CHRIP"
"12268-84-7","Lead hydroxide nitrate","対象物","","","","","","","","","","要確認","","","","","","","","","NITE-CHRIP"
"12271-96-4","ホウ化マンガン","対象物","該当","","","","?","","","","","要確認","","","","","","","","","NITE-CHRIP"
"12273-83-5","酸化ハフニウム","対象物","","","","","","","","","","","","","","","","","","","NITE-CHRIP"
"12276-01-6","（ＯＣ－６－２１）－［（エチレンジニトリロ－κ（２）Ｎ，Ｎ’）テトラキス（アセタト－κＯ）］クプラート（２－）","対象物","","","","","","","","","","","","","","","","","","","NITE-CHRIP"
"12279-90-2","２，４，６，８－テトラチア－１，３，５，７－テトラアルサトリシクロ［３．３．０．０（３，７）］オクタン","対象物","該当","","","","?","","","","","要確認","","","","","","","","","NITE-CHRIP"
"12280-03-4","十三酸化二ナトリウム八ホウ素四水和物","対象物","","","","","","","","","","要確認","","","","","","","","","NITE-CHRIP"
"12291-87-1","酸化ベリリウム","対象物","該当","","","","?","","","","","要確認","","","","","","","","","NITE-CHRIP"
"12298-68-9","ヨウ化カリウム","対象物","","","","","","","","","","","","","","","","","","","NITE-CHRIP"
"12299-51-3","セレン化バナジウム","対象物","","","","","","","","","","要確認","","","","","","","","","NITE-CHRIP"
"12314-24-8","水酸化コバルト","対象物","該当","","","","?","","","","","要確認","","","","","","","","","NITE-CHRIP"
"12315-33-2","水酸化ニッケル［Ｎｉ（ＯＨ）］","対象物","該当","","","","?","","","","","要確認","","","","","","","","","NITE-CHRIP"
"12326-86-2","炭化ケイ素","対象物","","","","","","","","","","要確認","","","","","","","","","NITE-CHRIP"
"12327-32-1","炭化ケイ素","対象物","","","","","","","","","","要確認","","","","","","","","","NITE-CHRIP"
"12333-97-0","鉛とスズの化合物（１：１）","対象物","","","","","","","","","","要確認","","","","","","","","","NITE-CHRIP"
"12336-95-7","塩基性硫酸クロム（ＩＩＩ）","対象物","","","","","","","","","","要確認","","","","","","","","","NITE-CHRIP"
"12340-04-4","オキシ硫化イットリウム","対象物","","","","","","","","","","","","","","","","","","","NITE-CHRIP"
"12344-40-0","ヨウ化銀水銀","対象物","該当","","","","?","","","","","要確認","","","","","","","","","NITE-CHRIP"
"12344-68-2","四硫化二ヒ素","対象物","該当","","","","?","","","","","要確認","","","","","","","","","NITE-CHRIP"
"12345-15-2","Antimony, compound with barium (2:3)","対象物","","","","","","","","","","要確認","","","","","","","","","NITE-CHRIP"
"12359-17-0","酸化ニッケル（Ｎｉ２Ｏ）","対象物","該当","","","","?","","","","","要確認","","","","","","","","","NITE-CHRIP"
"12359-22-7","１，３，５，２，４，６－トリオキサトリプルンビン－２，４，６－トリイリデン","対象物","","","","","","","","","","要確認","","","","","","","","","NITE-CHRIP"
"12372-45-1","Potassium pentadecaoxodiplumbatepentaniobate(1-)","対象物","","","","","","","","","","要確認","","","","","","","","","NITE-CHRIP"
"12397-06-7","三酸化硫酸四鉛（ＩＩ）一水和物","対象物","","","","","","","","","","要確認","","","","","","","","","NITE-CHRIP"
"12397-26-1","λ（２）－プルンバンイミン","対象物","","","","","","","","","","要確認","","","","","","","","","NITE-CHRIP"
"12411-15-3","酸化鉄","対象物","","","","","","","","","","","","","","","","","","","NITE-CHRIP"
"12412-94-1","鉛とジルコニウムの化合物（３：５）","対象物","","","","","","","","","","要確認","","","","","","","","","NITE-CHRIP"
"12414-94-7","コバルト硫砒鉄鉱＝（（Ｆｅ０．５－０．９Ｃｏ０．１－０．５）ＡｓＳ）","対象物","該当","","","","?","","","","","要確認","","","","","","","","","NITE-CHRIP"
"12417-99-1","Trisilver arsenide","対象物","該当","","","","?","","","","","要確認","","","","","","","","","NITE-CHRIP"
"12427-38-2","［エチレン（ジチオカルバマト－κ（２）Ｓ，Ｓ’）（ジチオカルバマト）］マンガン","対象物","該当","","","","?","","","","","要確認","","","","","","","","","NITE-CHRIP"
"12433-24-8","クロム酸ランタン","対象物","該当","","","","?","","","","","要確認","","","","","","","","","NITE-CHRIP"
"12433-30-6","クロム酸ウランオキシド（ＣｒＵＯ６）","対象物","該当","","","","?","","","","","要確認","","","","","","","","","NITE-CHRIP"
"12435-47-1","Lead germanate","対象物","","","","","","","","","","要確認","","","","","","","","","NITE-CHRIP"
"12438-51-6","ジルコン酸マグネシウム","対象物","","","","","","","","","","","","","","","","","","","NITE-CHRIP"
"12502-82-8","八酸化ケイ酸七マンガン","対象物","該当","","","","?","","","","","要確認","","","","","","","","","NITE-CHRIP"
"12503-53-6","硫化ニッケル（Ｎｉ７Ｓ６）","対象物","該当","","","","?","","","","","要確認","","","","","","","","","NITE-CHRIP"
"12510-42-8","エリオナイト","対象物","","該当","","","","","","","","","","","","","","","","","NITE-CHRIP"
"12511-97-6","ヒ化亜鉛","対象物","該当","","","","?","","","","","要確認","","","","","","","","","NITE-CHRIP"
"12515-32-1","スズ酸セリウム","対象物","","","","","","","","","","要確認","","","","","","","","","NITE-CHRIP"
"12528-21-1","フッ化水素","対象物","該当","","","","?","","","","","要確認","","","","","","","","","NITE-CHRIP"
"12530-07-3","酸化ナトリウムテルル，五水和物（１：５）","対象物","","","","","","","","","","要確認","","","","","","","","","NITE-CHRIP"
"12532-12-6","ケイジルコン酸ナトリウム","対象物","","","","","","","","","","","","","","","","","","","NITE-CHRIP"
"12534-09-7","セレン化ニッケル","対象物","該当","","","","?","","","","","要確認","","","","","","","","","NITE-CHRIP"
"12592-22-2","フッ化水素（Ｈ２Ｆ）","対象物","該当","","","","?","","","","","要確認","","","","","","","","","NITE-CHRIP"
"12593-83-8","ヨウ化ナトリウム","対象物","","","","","","","","","","","","","","","","","","","NITE-CHRIP"
"12597-49-8","テトラテルレタン","対象物","","","","","","","","","","要確認","","","","","","","","","NITE-CHRIP"
"12600-79-2","酸化ジルコニウム（Ｚｒ２Ｏ５）","対象物","","","","","","","","","","","","","","","","","","","NITE-CHRIP"
"12604-58-9","フェロバナジウム","対象物","","","","","","","","","","","","","","","","","","","NITE-CHRIP"
"12607-70-4","塩基性炭酸ニッケル（ＩＩ）","対象物","該当","","","","?","","","","","要確認","","","","","","","","","NITE-CHRIP"
"12608-25-2","塩基性亜硫酸鉛","対象物","","","","","","","","","","要確認","","","","","","","","","NITE-CHRIP"
"12612-47-4","塩化鉛","対象物","","","","","","","","","","要確認","","","","","","","","","NITE-CHRIP"
"12619-68-0","ホウ化コバルト","対象物","該当","","","","?","","","","","要確認","","","","","","","","","NITE-CHRIP"
"12619-90-8","ホウ化ニッケル","対象物","該当","","","","?","","","","","要確認","","","","","","","","","NITE-CHRIP"
"12626-31-2","セレン化ヒ素","対象物","該当","","","","?","","","","","要確認","","","","","","","","","NITE-CHRIP"
"12626-36-7","硫セレン化カドミウム","対象物","該当","","","","?","","","","","要確認","","","","","","","","","NITE-CHRIP"
"12626-81-2","三酸化ジルコニウムチタン鉛","対象物","","","","","","","","","","要確認","","","","","","","","","NITE-CHRIP"
"12626-88-9","水酸化マンガン","対象物","該当","","","","?","","","","","要確認","","","","","","","","","NITE-CHRIP"
"12646-17-2","窒化マンガン","対象物","該当","","","","?","","","","","要確認","","","","","","","","","NITE-CHRIP"
"12653-56-4","硫化コバルト","対象物","該当","","","","?","","","","","要確認","","","","","","","","","NITE-CHRIP"
"12653-91-7","テルル化銀","対象物","","","","","","","","","","要確認","","","","","","","","","NITE-CHRIP"
"12656-85-8","Ｃ．Ｉ．ピグメントレッド１０４","対象物","該当","","","","?","","","","","要確認","","","","","","","","","NITE-CHRIP"
"12672-51-4","水酸化コバルト","対象物","該当","","","","?","","","","","要確認","","","","","","","","","NITE-CHRIP"
"12676-62-9","ホウ酸鉛","対象物","","","","","","","","","","要確認","","","","","","","","","NITE-CHRIP"
"12680-48-7","クロム酸ナトリウム","対象物","該当","","","","?","","","","","要確認","","","","","","","","","NITE-CHRIP"
"12684-19-4","ヨウ化鉛","対象物","","","","","","","","","","要確認","","","","","","","","","NITE-CHRIP"
"12687-82-0","硫化マンガン","対象物","該当","","","","?","","","","","要確認","","","","","","","","","NITE-CHRIP"
"12689-99-5","Gallium ditelluride","対象物","","","","","","","","","","要確認","","","","","","","","","NITE-CHRIP"
"12709-98-7","Lead (Lead molybdenum chromate)","対象物","","","","","","","","","","要確認","","","","","","","","","NITE-CHRIP"
"12737-98-3","Lead tungsten oxide","対象物","","","","","","","","","","要確認","","","","","","","","","NITE-CHRIP"
"12738-03-3","臭化マンガン","対象物","該当","","","","?","","","","","要確認","","","","","","","","","NITE-CHRIP"
"12738-56-6","ケイジルコン酸ナトリウム","対象物","","","","","","","","","","","","","","","","","","","NITE-CHRIP"
"12738-87-3","硫化スズ","対象物","","","","","","","","","","","","","","","","","","","NITE-CHRIP"
"12765-51-4","Lead oxide sulfate","対象物","","","","","","","","","","要確認","","","","","","","","","NITE-CHRIP"
"12774-29-7","鉛酸カルシウム","対象物","","","","","","","","","","要確認","","","","","","","","","NITE-CHRIP"
"12777-38-7","酸化ヒ素","対象物","該当","","","","?","","","","","要確認","","","","","","","","","NITE-CHRIP"
"12777-94-5","クロム酸ランタン","対象物","該当","","","","?","","","","","要確認","","","","","","","","","NITE-CHRIP"
"12795-09-4","テルル化銅（１：？）","対象物","","","","","","","","","","要確認","","","","","","","","","NITE-CHRIP"
"12795-30-1","ヒ化ニッケル","対象物","該当","","","","?","","","","","要確認","","","","","","","","","NITE-CHRIP"
"13004-83-6","炭酸水銀（ＩＩ）","対象物","該当","","","","?","","","","","要確認","","","","","","","","","NITE-CHRIP"
"13010-47-4","１－（２－クロロエチル）－３－シクロヘキシル－１－ニトロソ尿素","対象物","","該当","","","","","","","","","","","","","","","","","NITE-CHRIP"
"13011-62-6","ビス［２－［（２－ヒドロキシ－５－ニトロフェニル）アゾ］－３－オキソ－Ｎ－フェニルブタナミド（２－）］コバルト酸水素","対象物","","","","","","","","","","要確認","","","","","","","","","NITE-CHRIP"
"13029-08-8","２，２’－ジクロロビフェニル","対象物","該当","","","","?","","","","","要確認","","","第一種特定","","","","","","NITE-CHRIP"
"13029-09-9","２，２’－ジブロモビフェニル","対象物","","","","","","","","","","","","","","","","","","","NITE-CHRIP"
"13048-33-4","ヘキサン－１，６－ジイル＝ジアクリラート","対象物","該当","","","","","","","","","要確認","","","","","","","","","NITE-CHRIP"
"13067-93-1","Ｏ－（４－シアノフェニル）＝Ｏ－エチル＝フェニルホスホノチオアート","対象物","","","","","","","","","","","","","","","","","","","NITE-CHRIP"
"13071-79-9","Ｓ－［（ｔｅｒｔ－ブチルスルファニル）メチル］＝Ｏ，Ｏ－ジエチル＝ホスホロジチオアート","対象物","該当","","該当","","","","","","","","","","","","","","","","NITE-CHRIP"
"13078-49-4","ノナン酸コバルト（ＩＩ）","対象物","","","","","","","","","","要確認","","","","","","","","","NITE-CHRIP"
"13106-76-8","モリブデン酸アンモニウム（Ｈ８ＭｏＮ２Ｏ４）","対象物","","","","","","","","","","要確認","","","","","","","","","NITE-CHRIP"
"13121-70-5","トリシクロヘキシルスタンナノール","対象物","該当","","","","","","","","","要確認","","","","","","","","","NITE-CHRIP"
"13121-71-6","（アセチルオキシ）（トリシクロヘキシル）スタンナン","対象物","","","","","","","","","","要確認","","","","","","","","","NITE-CHRIP"
"13121-76-1","ヘキサシクロヘキシルジスタンナチアン","対象物","","","","","","","","","","要確認","","","","","","","","","NITE-CHRIP"
"13138-45-9","硝酸ニッケル（ＩＩ）","対象物","該当","","","該当","?","","","","","要確認","","","","","","","","","NITE-CHRIP"
"13171-21-6","ジメチル－（ジエチルアミド－１－クロルクロトニル）－ホスフェイト","対象物","","","","","","","","","","","","","","","","","","","NITE-CHRIP"
"13173-04-1","（Ｚ，Ｚ）－９，９－ジブチル－４，７，１１－トリオキソ－３，８，１０－トリオキサ－９－スタンナテトラデカ－５，１２－ジエン－１４－酸エチル","対象物","","","","","","","","","","要確認","","","","","","","","","NITE-CHRIP"
"13189-00-9","亜鉛＝ジメタクリラート","対象物","該当","","","","","","","","","要確認","","","","","","","","","NITE-CHRIP"
"13194-48-4","Ｏ－エチル＝Ｓ，Ｓ－ジプロピル＝ホスホロジチオアート","対象物","該当","該当","","","","","","","","","","","","","","","","","NITE-CHRIP"
"13224-08-3","硝酸マンガン（１：？）","対象物","該当","","","該当","?","","","","","要確認","","","","","","","","","NITE-CHRIP"
"13241-48-0","ビス（ホルミルオキシ）ジメチルスズ","対象物","","","","","","","","","","要確認","","","","","","","","","NITE-CHRIP"
"13246-32-7","１，２－ビス（ジメチルアルサニル）ベンゼン","対象物","該当","","","","?","","","","","","","","","","","","","","NITE-CHRIP"
"13256-22-9","Ｎ－メチル－Ｎ－ニトロソグリシン","対象物","","該当","","","","","","","","","","","","","","","","","NITE-CHRIP"
"13269-74-4","ジメチルチオキソスズ","対象物","","","","","","","","","","要確認","","","","","","","","","NITE-CHRIP"
"13293-57-7","ビス（アセチルオキシ）ジメチルスズ","対象物","","","","","","","","","","要確認","","","","","","","","","NITE-CHRIP"
"13294-23-0","ビス［（トリメチルシリル）メチル］水銀","対象物","","","","","","","","","","要確認","","","","","","","","","NITE-CHRIP"
"13302-06-2","トリブチル［（メチルスルホニル）オキシ］スタンナン","対象物","","","","","","","","","","要確認","","","","","","","","","NITE-CHRIP"
"13302-08-4","［（メチルスルホニル）オキシ］（トリフェニル）スタンナン","対象物","","","","","","","","","","要確認","","","","","","","","","NITE-CHRIP"
"13311-84-7","Ｎ－［４－ニトロ－３－（トリフルオロメチル）フェニル］イソブチルアミド","対象物","","","","","","","","","","要確認","","","","","","","","","NITE-CHRIP"
"13319-83-0","塩化ニッケル（ＮｉＣｌ４）","対象物","該当","","","","?","","","","","要確認","","","","","","","","","NITE-CHRIP"
"13320-71-3","四塩化モリブデン","対象物","","","","","","","","","","要確認","","","","","","","","","NITE-CHRIP"
"13323-62-1","ジブチル［ビス（オレオイルオキシ）］スタンナン","対象物","","","","","","","","","","要確認","","","","","","","","","NITE-CHRIP"
"13323-63-2","ジブチルビス［（１－オキソヘキサデシル）オキシ］スズ","対象物","","","","","","","","","","要確認","","","","","","","","","NITE-CHRIP"
"13327-32-7","水酸化ベリリウム","対象物","該当","","","","?","","","","","要確認","","","","","","","","","NITE-CHRIP"
"13331-52-7","（アクリロイルオキシ）（トリブチル）スタンナン","対象物","","","","","","","","","","要確認","","","","","","","","","NITE-CHRIP"
"13344-46-2","ジブチルジチオカルバミン酸テルル","対象物","","","","","","","","","","要確認","","","","","","","","","NITE-CHRIP"
"13355-96-9","ブチル（クロロ）（ジヒドロキシ）スタンナン","対象物","","","","","","","","","","要確認","","","","","","","","","NITE-CHRIP"
"13356-08-6","１，１，１，３，３，３－ヘキサキス（２－メチル－２－フェニルプロピル）ジスタンノキサン","対象物","","","","","","","","","","","","","","","","","","","NITE-CHRIP"
"13356-20-2","ヒドロキシオクチルオキソスズ","対象物","","","","","","","","","","要確認","","","","","","","","","NITE-CHRIP"
"13360-57-1","ジメチルスルファモイル＝クロリド","対象物","","","","","","","","","","","","","","","","","","","NITE-CHRIP"
"13362-00-0","スルファミン酸トリフェニルスズ","対象物","","","","","","","","","","要確認","","","","","","","","","NITE-CHRIP"
"13400-13-0","フッ化セシウム","対象物","","","","","","","","","","要確認","","","","","","","","","NITE-CHRIP"
"13410-01-0","セレン酸ナトリウム","対象物","","","","","","","","","","要確認","","","","","","","","","NITE-CHRIP"
"13413-18-8","ヘキサオクチルジスタンナチアン","対象物","","","","","","","","","","要確認","","","","","","","","","NITE-CHRIP"
"13423-61-5","クロム酸マグネシウム","対象物","該当","","","","?","","","","","要確認","","","","","","","","","NITE-CHRIP"
"13424-46-9","二アジ化鉛（ＩＩ）","対象物","","該当","","該当","","","","","","要確認","","","","","","","","","NITE-CHRIP"
"13426-91-0","（ＳＰ－４－１）－ビス（エタン－１，２－ジアミン－κＮ，κＮ’）銅（２＋）","対象物","","","","","","","","","","","","","","","","","","","NITE-CHRIP"
"13427-42-4","炭酸鉛","対象物","","","","","","","","","","要確認","","","","","","","","","NITE-CHRIP"
"13429-07-7","１－（２－メトキシプロポキシ）プロパン－２－オール","対象物","","","","","","","","","","","","","","","","","","","NITE-CHRIP"
"13435-05-7","リン酸トリス（トリブチルスズ）","対象物","","","","","","","","","","要確認","","","","","","","","","NITE-CHRIP"
"13444-72-9","硫酸マンガン","対象物","該当","","","","?","","","","","要確認","","","","","","","","","NITE-CHRIP"
"13444-75-2","クロム酸水銀（ＩＩ）","対象物","該当","","","","?","","","","","要確認","","","","","","","","","NITE-CHRIP"
"13446-03-2","臭化マンガン（ＩＩ）","対象物","該当","","","","?","","","","","要確認","","","","","","","","","NITE-CHRIP"
"13446-10-1","過マンガン酸アンモニウム","対象物","該当","","","","?","","","","","要確認","","","","","","","","","NITE-CHRIP"
"13446-18-9","硝酸マグネシウム六水和物","対象物","","","","該当","","","","","","","","","","","","","","","NITE-CHRIP"
"13446-28-1","セレン酸マグネシウム・六水和物","対象物","","","","","","","","","","要確認","","","","","","","","","NITE-CHRIP"
"13446-34-9","塩化マンガン（ＩＩ）・四水和物","対象物","該当","","","","?","","","","","要確認","","","","","","","","","NITE-CHRIP"
"13446-35-0","塩化マンガン","対象物","該当","","","","?","","","","","要確認","","","","","","","","","NITE-CHRIP"
"13446-49-6","モリブデン酸カリウム","対象物","","","","","","","","","","要確認","","","","","","","","","NITE-CHRIP"
"13446-72-5","クロム酸ルビジウム","対象物","該当","","","","?","","","","","要確認","","","","","","","","","NITE-CHRIP"
"13446-73-6","二クロム酸ルビジウム","対象物","該当","","","","?","","","","","要確認","","","","","","","","","NITE-CHRIP"
"13451-14-4","テルル酸二水和物","対象物","","","","","","","","","","要確認","","","","","","","","","NITE-CHRIP"
"13451-18-8","Tellurium trioxide","対象物","","","","","","","","","","要確認","","","","","","","","","NITE-CHRIP"
"13453-06-0","テルル酸ジアンモニウム","対象物","","","","","","","","","","要確認","","","","","","","","","NITE-CHRIP"
"13453-07-1","三塩化金（ＩＩＩ）","対象物","該当","","","","","","","","","","","","","","","","","","NITE-CHRIP"
"13453-15-1","二ヒ酸","対象物","該当","","","","?","","","","","要確認","","","","","","","","","NITE-CHRIP"
"13453-24-2","Gold triiodide","対象物","","","","","","","","","","","","","","","","","","","NITE-CHRIP"
"13453-30-0","塩素酸タリウム（Ｉ）","対象物","","","","該当","","","","","","要確認","","","","","","","","","NITE-CHRIP"
"13453-32-2","三塩化タリウム","対象物","","","","","","","","","","要確認","","","","","","","","","NITE-CHRIP"
"13453-33-3","Thallium chloride, tetrahydrate","対象物","","","","","","","","","","要確認","","","","","","","","","NITE-CHRIP"
"13453-34-4","シアン化タリウム（Ｉ）","対象物","","","","","","","","","","要確認","","","","","","","","","NITE-CHRIP"
"13453-37-7","ヨウ化タリウム（ＩＩＩ）","対象物","","","","","","","","","","要確認","","","","","","","","","NITE-CHRIP"
"13453-38-8","Thallium(III) nitrate trihydrate","対象物","","","","","","","","","","要確認","","","","","","","","","NITE-CHRIP"
"13453-40-2","過塩素酸タリウム（Ｉ）","対象物","","","","該当","","","","","","要確認","","","","","","","","","NITE-CHRIP"
"13453-45-7","硫酸タリウム","対象物","","","","","","","","","","要確認","","","","","","","","","NITE-CHRIP"
"13453-57-1","亜塩素酸鉛（ＩＩ）","対象物","","","","該当","","","","","","要確認","","","","","","","","","NITE-CHRIP"
"13453-62-8","過塩素酸鉛（ＩＩ）・三水和物","対象物","","","","該当","","","","","","要確認","","","","","","","","","NITE-CHRIP"
"13453-65-1","亜リン酸鉛","対象物","","","","","","","","","","要確認","","","","","","","","","NITE-CHRIP"
"13453-66-2","二リン酸二鉛（２＋）","対象物","","","","","","","","","","要確認","","","","","","","","","NITE-CHRIP"
"13453-79-7","過マンガン酸リチウム","対象物","該当","","","","?","","","","","要確認","","","","","","","","","NITE-CHRIP"
"13454-78-9","クロム酸セシウム","対象物","該当","","","","?","","","","","要確認","","","","","","","","","NITE-CHRIP"
"13454-88-1","フッ化銅（ＩＩ）・二水和物","対象物","","","","","","","","","","","","","","","","","","","NITE-CHRIP"
"13454-96-1","四塩化白金","対象物","","","","","","","","","","","","","","","","","","","NITE-CHRIP"
"13455-21-5","フッ化カリウム・二水和物","対象物","","","","","","","","","","要確認","","","","","","","","","NITE-CHRIP"
"13455-25-9","クロム酸コバルト（ＩＩ）","対象物","該当","","","","?","","","","","要確認","","","","","","","","","NITE-CHRIP"
"13455-27-1","フッ化コバルト（ＩＩ）・二水和物","対象物","該当","","","","?","","","","","要確認","","","","","","","","","NITE-CHRIP"
"13455-28-2","ヨウ素酸コバルト（ＩＩ）","対象物","該当","","","","?","","","","","要確認","","","","","","","","","NITE-CHRIP"
"13455-31-7","過塩素酸コバルト（ＩＩ）","対象物","該当","","","該当","?","","","","","要確認","","","","","","","","","NITE-CHRIP"
"13455-36-2","リン酸コバルト（ＩＩ）","対象物","該当","","","","?","","","","","要確認","","","","","","","","","NITE-CHRIP"
"13456-28-5","過マンガン酸セシウム","対象物","該当","","","","?","","","","","要確認","","","","","","","","","NITE-CHRIP"
"13457-18-6","エチル＝２－ジエトキシチオホスホリルオキシ－５－メチルピラゾロ（１，５－ａ）ピリミジン－６－カルボキシラート","対象物","","","","","","","","","","","","","","","","","","","NITE-CHRIP"
"13462-88-9","臭化ニッケル（ＩＩ）","対象物","該当","","","","?","","","","","要確認","","","","","","","","","NITE-CHRIP"
"13462-90-3","ヨウ化ニッケル（ＩＩ）","対象物","該当","","","","?","","","","","要確認","","","","","","","","","NITE-CHRIP"
"13462-93-6","ヒ酸二水素アンモニウム","対象物","該当","","","","?","","","","","要確認","","","","","","","","","NITE-CHRIP"
"13463-30-4","テトラクロロプルンバン","対象物","","","","","","","","","","要確認","","","","","","","","","NITE-CHRIP"
"13463-40-6","ペンタカルボニル鉄","対象物","","","","","","","","","","","","","","","","","","","NITE-CHRIP"
"13463-41-7","ビス（２－メルカプトピリジン－Ｎ－オキシド）亜鉛（ＩＩ）","対象物","該当","","","","","","","","","要確認","","","","","","","","","NITE-CHRIP"
"13464-36-3","ヒ酸カリウム","対象物","該当","","","","?","","","","","要確認","","","","","","","","","NITE-CHRIP"
"13464-37-4","亜ヒ酸三ナトリウム","対象物","該当","","","","?","","","","","要確認","","","","","","","","","NITE-CHRIP"
"13464-38-5","ヒ酸ナトリウム","対象物","該当","","","","?","","","","","要確認","","","","","","","","","NITE-CHRIP"
"13464-42-1","二ヒ酸四ナトリウム","対象物","該当","","","","?","","","","","要確認","","","","","","","","","NITE-CHRIP"
"13464-44-3","ビス（ヒ酸）三亜鉛（ＩＩ）","対象物","該当","","","","?","","","","","要確認","","","","","","","","","NITE-CHRIP"
"13464-82-9","硫酸インジウム（ＩＩＩ）","対象物","","","","","?","","","","","要確認","","","","","","","","","NITE-CHRIP"
"13464-92-1","臭化カドミウム・四水和物","対象物","該当","","","","?","","","","","要確認","","","","","","","","","NITE-CHRIP"
"13465-07-1","二硫化二水素","対象物","該当","","","","?","","","","","","","","","","","","","","NITE-CHRIP"
"13465-09-3","臭化インジウム（ＩＩＩ）","対象物","","","","","","","","","","要確認","","","","","","","","","NITE-CHRIP"
"13465-37-7","チオシアン酸水銀（Ｉ）","対象物","該当","","","","?","","","","","要確認","","","","","","","","","NITE-CHRIP"
"13465-49-1","過マンガン酸ルビジウム","対象物","該当","","","","?","","","","","要確認","","","","","","","","","NITE-CHRIP"
"13465-62-8","セレン酸・一水和物","対象物","","","","","","","","","","要確認","","","","","","","","","NITE-CHRIP"
"13465-66-2","Selenium tetrafluoride","対象物","","","","","","","","","","要確認","","","","","","","","","NITE-CHRIP"
"13465-95-7","過塩素酸バリウム（ＩＩ）","対象物","","","","該当","","","","","","","","","","","","","","","NITE-CHRIP"
"13466-24-5","Telluric acid (H2TeO4), barium salt (1:1)","対象物","","","","","","","","","","要確認","","","","","","","","","NITE-CHRIP"
"13466-27-8","塩化ベリリウム・四水和物","対象物","該当","","","","?","","","","","要確認","","","","","","","","","NITE-CHRIP"
"13467-96-4","（ジブチルスタンナンジイル）ビス（スルファンジイルエチレン）＝ジノナノアート","対象物","","","","","","","","","","要確認","","","","","","","","","NITE-CHRIP"
"13468-00-3","５，５－ジブチル－１，９－ジオキサ－４，６－ジチア－５－スタンナシクロウンデカン－２，８－ジオン","対象物","","","","","","","","","","要確認","","","","","","","","","NITE-CHRIP"
"13470-04-7","モリブデン酸ストロンチウム","対象物","","","","","","","","","","要確認","","","","","","","","","NITE-CHRIP"
"13472-45-2","タングステン酸ナトリウム","対象物","","","","","","","","","","","","","","","","","","","NITE-CHRIP"
"13472-47-4","メタスズ酸（ＩＶ）","対象物","","","","","","","","","","","","","","","","","","","NITE-CHRIP"
"13473-75-1","クロム酸タリウム（Ｉ）","対象物","該当","","","","?","","","","","要確認","","","","","","","","","NITE-CHRIP"
"13473-90-0","硝酸アルミニウム","対象物","","","","該当","","","","","","","","","","","","","","","NITE-CHRIP"
"13474-88-9","１，１－ジクロロ－１，２，２，３，３－ペンタフルオロプロパン","対象物","","","","","","","","","","要確認","","","","","","","","","NITE-CHRIP"
"13476-79-4","ヘキサン酸銅（ＩＩ）","対象物","","","","","","","","","","","","","","","","","","","NITE-CHRIP"
"13477-00-4","塩素酸バリウム（ＩＩ）","対象物","","","","該当","","","","","","","","","","","","","","","NITE-CHRIP"
"13477-10-6","次亜塩素酸バリウム","対象物","該当","","","該当","","","","","","","","","","","","","","","NITE-CHRIP"
"13477-17-3","リン酸カドミウム（ＩＩ）","対象物","該当","","","","?","","","","","要確認","","","","","","","","","NITE-CHRIP"
"13477-21-9","硫酸カドミウム・四水和物","対象物","該当","","","","?","","","","","要確認","","","","","","","","","NITE-CHRIP"
"13477-93-5","臭素酸ニッケル（ＩＩ）・六水和物","対象物","該当","","","","?","","","","","要確認","","","","","","","","","NITE-CHRIP"
"13477-94-6","塩素酸ニッケル（ＩＩ）・六水和物","対象物","該当","","","該当","?","","","","","要確認","","","","","","","","","NITE-CHRIP"
"13478-00-7","硝酸ニッケル（ＩＩ）・六水和物","対象物","該当","","","該当","?","","","","","要確認","","","","","","","","","NITE-CHRIP"
"13478-09-6","硫酸コバルト","対象物","該当","","","","?","","","","","要確認","","","","","","","","","NITE-CHRIP"
"13478-18-7","三塩化モリブデン","対象物","","","","","","","","","","要確認","","","","","","","","","NITE-CHRIP"
"13478-33-6","過塩素酸コバルト（ＩＩ）・六水和物","対象物","該当","","","該当","?","","","","","要確認","","","","","","","","","NITE-CHRIP"
"13478-41-6","フッ化銅（Ｉ）","対象物","","","","","","","","","","","","","","","","","","","NITE-CHRIP"
"13478-50-7","Lead thiosulphate","対象物","","","","","","","","","","要確認","","","","","","","","","NITE-CHRIP"
"13478-93-8","ビス［［２，３－ブタンジオン　ジ（オキシマト－Ｎ）］（１－）］ニッケル","対象物","該当","","","","?","","","","","要確認","","","","","","","","","NITE-CHRIP"
"13494-80-9","テルル","対象物","","","","該当","","","","","","要確認","","","","","","","","","NITE-CHRIP"
"13494-98-9","硝酸イットリウム（ＩＩＩ）・六水和物","対象物","","","","該当","","","","","","","","","","","","","","","NITE-CHRIP"
"13497-25-1","トリブチル＝４，４－ジブチル－８－オキソ－９－オキサ－３，５－ジチア－４－スタンナトリデカン－１，２，６－トリカルボキシラート","対象物","","","","","","","","","","要確認","","","","","","","","","NITE-CHRIP"
"13499-05-3","四塩化ハフニウム","対象物","","","","","","","","","","","","","","","","","","","NITE-CHRIP"
"13510-35-5","ヨウ化インジウム（ＩＩＩ）","対象物","","","","","","","","","","要確認","","","","","","","","","NITE-CHRIP"
"13510-44-6","ヒ酸銀（Ｉ）","対象物","該当","","","","?","","","","","要確認","","","","","","","","","NITE-CHRIP"
"13510-46-8","ヒ酸ナトリウム・十二水和物","対象物","該当","","","","?","","","","","要確認","","","","","","","","","NITE-CHRIP"
"13510-49-1","硫酸ベリリウム","対象物","該当","","","","?","","","","","要確認","","","","","","","","","NITE-CHRIP"
"13510-89-9","八酸化二アンチモン三鉛","対象物","","該当","","","","","","","","要確認","","","","","","","","","NITE-CHRIP"
"13510-91-3","酸性ヒ酸鉛","対象物","","","","","","","","","","要確認","","","","","","","","","NITE-CHRIP"
"13510-96-8","塩素酸鉛（ＩＩ）・一水和物","対象物","","","","該当","","","","","","要確認","","","","","","","","","NITE-CHRIP"
"13516-27-3","１，１’－［イミノジ（オクタメチレン）］ジグアニジン","対象物","","","","","","","","","","要確認","","","","","","","","","NITE-CHRIP"
"13517-17-4","クロム酸二ナトリウム十水和物","対象物","該当","","","","?","","","","","要確認","","","","","","","","","NITE-CHRIP"
"13517-20-9","過ホウ酸ナトリウム―水（１／３）","対象物","該当","","","","","","","","","要確認","","","","","","","","","NITE-CHRIP"
"13517-24-3","メタケイ酸ナトリウム９水和物","対象物","該当","","","","","","","","","","","","","","","","","","NITE-CHRIP"
"13520-55-3","テルル酸","対象物","","","","","","","","","","要確認","","","","","","","","","NITE-CHRIP"
"13520-61-1","過塩素酸ニッケル（ＩＩ）・六水和物","対象物","該当","","","該当","?","","","","","要確認","","","","","","","","","NITE-CHRIP"
"13520-66-6","硫酸クロム（ＩＩＩ）・十八水和物","対象物","","","","","","","","","","要確認","","","","","","","","","NITE-CHRIP"
"13520-83-7","（Ｔ－４）－ビス（ニトラト－κＯ）ジオキシドウラン六水和物","対象物","","該当","","該当","","","","","","","","","","","","","","","NITE-CHRIP"
"13520-92-8","ジルコニウム，　ジクロロオキソ－，　八水和物","対象物","","","","","","","","","","","","","","","","","","","NITE-CHRIP"
"13523-86-9","１－（１Ｈ－インドール－４－イルオキシ）－３－（イソプロピルアミノ）プロパン－２－オール","対象物","","","","","","","","","","","","","","","","","","","NITE-CHRIP"
"13530-65-9","クロム酸亜鉛（ＩＩ）","対象物","該当","","","","?","","","","","要確認","","","","","","","","","NITE-CHRIP"
"13530-67-1","二クロム酸セシウム","対象物","該当","","","","?","","","","","要確認","","","","","","","","","NITE-CHRIP"
"13530-68-2","（ヘプタオキシド二クロム酸）二水素","対象物","該当","","","","?","","","","","要確認","","","","","","","","","NITE-CHRIP"
"13537-21-8","過塩素酸クロム（ＩＩＩ）","対象物","","","","該当","","","","","","要確認","","","","","","","","","NITE-CHRIP"
"13537-32-1","フルオロリン酸","対象物","","","","","","","","","","","","","","","","","","","NITE-CHRIP"
"13547-70-1","１－クロロ－３，３－ジメチル－２－ブタノン","対象物","","","","","","","","","","","","","","","","","","","NITE-CHRIP"
"13548-38-4","硝酸クロム（ＩＩＩ）","対象物","","","","該当","","","","","","要確認","","","","","","","","","NITE-CHRIP"
"13548-42-0","クロム酸銅（ＩＩ）","対象物","該当","","","","?","","","","","要確認","","","","","","","","","NITE-CHRIP"
"13548-43-1","硫酸クロム（ＩＩＩ）アンモニウム","対象物","","","","","","","","","","要確認","","","","","","","","","NITE-CHRIP"
"13566-17-1","ケイ酸鉛（ＩＩ）","対象物","","","","","","","","","","要確認","","","","","","","","","NITE-CHRIP"
"13566-22-8","硫酸マンガン（ＩＩ）アンモニウム","対象物","該当","","","","?","","","","","要確認","","","","","","","","","NITE-CHRIP"
"13568-32-6","ケイ酸マンガン","対象物","該当","","","","?","","","","","要確認","","","","","","","","","NITE-CHRIP"
"13568-40-6","モリブデン酸リチウム","対象物","","","","","","","","","","要確認","","","","","","","","","NITE-CHRIP"
"13569-65-8","三塩化ロジウム・三水和物","対象物","","","","","","","","","","","","","","","","","","","NITE-CHRIP"
"13586-38-4","硫酸コバルト（ＩＩ）アンモニウム・六水和物","対象物","該当","","","","?","","","","","要確認","","","","","","","","","NITE-CHRIP"
"13586-82-8","２－エチルヘキサン酸コバルト（１：？）","対象物","","","","","","","","","","要確認","","","","","","","","","NITE-CHRIP"
"13586-84-0","ステアリン酸コバルト（１：？）","対象物","","","","","","","","","","要確認","","","","","","","","","NITE-CHRIP"
"13587-25-2","硫酸銅（ＩＩ）アンモニウム","対象物","","","","","","","","","","要確認","","","","","","","","","NITE-CHRIP"
"13587-26-3","硫酸銅（ＩＩ）アンモニウム・六水和物","対象物","","","","","","","","","","要確認","","","","","","","","","NITE-CHRIP"
"13587-29-6","硫酸カリウム銅（ＩＩ）・六水和物","対象物","","","","","","","","","","要確認","","","","","","","","","NITE-CHRIP"
"13587-35-4","タングステン酸銅","対象物","","","","","","","","","","","","","","","","","","","NITE-CHRIP"
"13593-03-8","チオりん酸Ｏ，Ｏ－ジエチル－Ｏ－２－キノキサリニル","対象物","","","","","","","","","","","","","","","","","","","NITE-CHRIP"
"13596-21-9","リン酸水素コバルト（ＩＩ）","対象物","該当","","","","?","","","","","要確認","","","","","","","","","NITE-CHRIP"
"13596-22-0","硫酸カリウムコバルト（ＩＩ）","対象物","該当","","","","?","","","","","要確認","","","","","","","","","NITE-CHRIP"
"13596-45-7","フッ化コバルト","対象物","該当","","","","?","","","","","要確認","","","","","","","","","NITE-CHRIP"
"13596-46-8","硫酸コバルト（ＩＩ）アンモニウム","対象物","該当","","","","?","","","","","要確認","","","","","","","","","NITE-CHRIP"
"13597-46-1","亜セレン酸亜鉛","対象物","","","","","","","","","","要確認","","","","","","","","","NITE-CHRIP"
"13597-64-3","モリブデン酸セシウム","対象物","","","","","","","","","","要確認","","","","","","","","","NITE-CHRIP"
"13597-95-0","過塩素酸ベリリウム","対象物","該当","","","該当","?","","","","","要確認","","","","","","","","","NITE-CHRIP"
"13597-96-1","フッ化ベリリウム","対象物","該当","","","","?","","","","","要確認","","","","","","","","","NITE-CHRIP"
"13597-99-4","硝酸ベリリウム","対象物","該当","","","該当","?","","","","","要確認","","","","","","","","","NITE-CHRIP"
"13598-15-7","リン酸水素ベリリウム","対象物","該当","","","","?","","","","","要確認","","","","","","","","","NITE-CHRIP"
"13598-26-0","リン酸ベリリウム","対象物","該当","","","","?","","","","","要確認","","","","","","","","","NITE-CHRIP"
"13598-36-2","ホスホン酸","対象物","該当","","","","","","","","","","","","","","","","","","NITE-CHRIP"
"13601-11-1","ヘキサシアノクロム酸三カリウム","対象物","","","","","","","","","","要確認","","","","","","","","","NITE-CHRIP"
"13601-13-3","二銅（２＋）＝（ＯＣ－６－１１）－ヘキサシアニドフェラート（４－）","対象物","","","","","","","","","","","","","","","","","","","NITE-CHRIP"
"13601-38-2","二塩化ペンタアンミンブロモコバルト","対象物","該当","","","","?","","","","","要確認","","","","","","","","","NITE-CHRIP"
"13622-90-7","（ｔｒａｎｓ，ｔｒａｎｓ）－メチレンジシクロヘキサン－４，１－ジイルジイソシアナート","対象物","","","","","","","","","","","","","","","","","","","NITE-CHRIP"
"13637-71-3","過塩素酸ニッケル（ＩＩ）","対象物","該当","","","該当","?","","","","","要確認","","","","","","","","","NITE-CHRIP"
"13637-76-8","過塩素酸鉛（ＩＩ）","対象物","","","","該当","","","","","","要確認","","","","","","","","","NITE-CHRIP"
"13654-09-6","ペルブロモビフェニル","対象物","","該当","","","","","","","","","","","","","","","","","NITE-CHRIP"
"13654-40-5","パルミチン酸ニッケル","対象物","該当","","","","?","","","","","要確認","","","","","","","","","NITE-CHRIP"
"13674-84-5","トリス（１－クロロ－２－プロピル）＝ホスファート","対象物","","","","","","","","","","","","","","","","","","","NITE-CHRIP"
"13674-87-8","トリス（１，３－ジクロロ－２－プロピル）ホスファート","対象物","","","","","","","","","","","","","","","","","","","NITE-CHRIP"
"13675-47-3","二クロム酸銅（ＩＩ）","対象物","該当","","","","?","","","","","要確認","","","","","","","","","NITE-CHRIP"
"13682-73-0","ジシアニド銅酸（１－）カリウム","対象物","","","","","","","","","","","","","","","","","","","NITE-CHRIP"
"13684-56-5","エチル＝｛３－［（フェニルカルバモイル）オキシ］フェニル｝カルバマート","対象物","","","","","","","","","","","","","","","","","","","NITE-CHRIP"
"13684-63-4","３－［（メトキシカルボニル）アミノ］フェニル＝３－トリルカルバマート","対象物","","","","","","","","","","要確認","","","","","","","","","NITE-CHRIP"
"13701-59-2","ビス（ジオキソホウ酸）バリウム","対象物","","","","","","","","","","要確認","","","","","","","","","NITE-CHRIP"
"13701-66-1","ホウ酸カドミウム（Ｃｄ３（ＢＯ３）２）","対象物","該当","","","","?","","","","","要確認","","","","","","","","","NITE-CHRIP"
"13701-68-3","ホウ酸コバルト","対象物","該当","","","","?","","","","","要確認","","","","","","","","","NITE-CHRIP"
"13701-90-1","臭化タリウム（ＩＩＩ）","対象物","","","","","","","","","","要確認","","","","","","","","","NITE-CHRIP"
"13701-91-2","臭化鉛（ＩＶ）","対象物","","","","","","","","","","要確認","","","","","","","","","NITE-CHRIP"
"13702-38-0","ヒ酸ビスマス（３＋）","対象物","該当","","","","?","","","","","要確認","","","","","","","","","NITE-CHRIP"
"13703-85-0","ホウ酸鉛","対象物","","","","","","","","","","要確認","","","","","","","","","NITE-CHRIP"
"13709-52-9","四フッ化ハフニウム","対象物","","","","","","","","","","","","","","","","","","","NITE-CHRIP"
"13718-22-4","モリブデン酸ルビジウム","対象物","","","","","","","","","","要確認","","","","","","","","","NITE-CHRIP"
"13718-26-8","トリオキシドバナジン酸ナトリウム","対象物","","","","","","","","","","要確認","","","","","","","","","NITE-CHRIP"
"13718-50-8","ヨウ化バリウム","対象物","","","","","","","","","","","","","","","","","","","NITE-CHRIP"
"13718-59-7","亜セレン酸バリウム","対象物","","","","","","","","","","要確認","","","","","","","","","NITE-CHRIP"
"13746-66-2","フェリシアン化カリウム","対象物","","","","","","","","","","","","","","","","","","","NITE-CHRIP"
"13746-89-9","硝酸ジルコニウム（ＩＶ）","対象物","","","","該当","","","","","","","","","","","","","","","NITE-CHRIP"
"13755-29-8","四フッ化ホウ酸ナトリウム","対象物","","","","","","","","","","要確認","","","","","","","","","NITE-CHRIP"
"13755-38-9","二ナトリウム＝（ＯＣ－６－２２）－ペンタシアニド（ニトロシル）フェラート（２－）二水和物","対象物","","","","","","","","","","","","","","","","","","","NITE-CHRIP"
"13760-37-7","過塩素酸カドミウム（ＩＩ）","対象物","該当","","","該当","?","","","","","要確認","","","","","","","","","NITE-CHRIP"
"13762-15-7","フッ化コバルト（ＩＩ）・三水和物","対象物","該当","","","","?","","","","","要確認","","","","","","","","","NITE-CHRIP"
"13765-19-0","クロム酸カルシウム","対象物","該当","","","","?","","","","","要確認","","","","","","","","","NITE-CHRIP"
"13765-36-1","アミド硫酸アンモニウム","対象物","","","","","","","","","","","","","","","","","","","NITE-CHRIP"
"13766-44-4","硫酸水銀","対象物","該当","","","","?","","","","","要確認","","","","","","","","","NITE-CHRIP"
"13767-03-8","モリブデン酸マグネシウム","対象物","","","","","","","","","","要確認","","","","","","","","","NITE-CHRIP"
"13767-32-3","モリブデン酸亜鉛","対象物","","","","","","","","","","要確認","","","","","","","","","NITE-CHRIP"
"13767-34-5","四酸化銅モリブデン","対象物","","","","","","","","","","要確認","","","","","","","","","NITE-CHRIP"
"13767-71-0","ヨウ化銅（ＩＩ）","対象物","","","","","","","","","","","","","","","","","","","NITE-CHRIP"
"13767-78-7","スルファミン酸鉛（ＩＩ）","対象物","","","","","","","","","","要確認","","","","","","","","","NITE-CHRIP"
"13768-86-0","酸化セレン（ＶＩ）","対象物","","","","","","","","","","要確認","","","","","","","","","NITE-CHRIP"
"13769-81-8","モリブデン酸鉄","対象物","","","","","","","","","","要確認","","","","","","","","","NITE-CHRIP"
"13770-16-6","過塩素酸マンガン（ＩＩ）","対象物","該当","","","該当","?","","","","","要確認","","","","","","","","","NITE-CHRIP"
"13770-18-8","過塩素酸銅（ＩＩ）","対象物","","","","該当","","","","","","要確認","","","","","","","","","NITE-CHRIP"
"13770-89-3","スルファミン酸ニッケル（ＩＩ）","対象物","該当","","","","?","","","","","要確認","","","","","","","","","NITE-CHRIP"
"13775-53-6","六フッ化アルミン酸三ナトリウム","対象物","","","","","","","","","","","","","","","","","","","NITE-CHRIP"
"13779-93-6","ヨウ化鉛","対象物","","","","","","","","","","要確認","","","","","","","","","NITE-CHRIP"
"13780-06-8","亜硝酸カルシウム","対象物","","","","","","","","","","","","","","","","","","","NITE-CHRIP"
"13782-01-9","ヘキサニトリトコバルト酸三カリウム","対象物","該当","","","","?","","","","","要確認","","","","","","","","","NITE-CHRIP"
"13782-02-0","ｃｉｓ－二塩化ペンタアンミン（ニトリト－Ｎ）コバルト","対象物","該当","","","","?","","","","","要確認","","","","","","","","","NITE-CHRIP"
"13782-22-4","三フッ化スズ酸ナトリウム","対象物","","","","","","","","","","","","","","","","","","","NITE-CHRIP"
"13783-64-7","フッ化ニッケル","対象物","該当","","","","?","","","","","要確認","","","","","","","","","NITE-CHRIP"
"13812-57-2","Calcium tellurium trioxide","対象物","","","","","","","","","","要確認","","","","","","","","","NITE-CHRIP"
"13812-58-3","Copper tellurium trioxide","対象物","","","","","","","","","","要確認","","","","","","","","","NITE-CHRIP"
"13814-50-1","塩化ベリリウム（ＢｅＣｌ）","対象物","該当","","","","?","","","","","要確認","","","","","","","","","NITE-CHRIP"
"13814-59-0","Cadmium selenite","対象物","該当","","","","?","","","","","要確認","","","","","","","","","NITE-CHRIP"
"13814-62-5","セレン酸カドミウム（ＩＩ）","対象物","該当","","","","?","","","","","要確認","","","","","","","","","NITE-CHRIP"
"13814-93-2","四フッ化ホウ酸カルシウム","対象物","","","","","","","","","","要確認","","","","","","","","","NITE-CHRIP"
"13814-96-5","ビス（テトラフルオロホウ酸）鉛","対象物","","該当","","","","","","","","要確認","","","","","","","","","NITE-CHRIP"
"13814-97-6","四フッ化ホウ酸スズ（ＩＩ）","対象物","","","","","","","","","","要確認","","","","","","","","","NITE-CHRIP"
"13817-36-2","フッ化マンガン（ＩＩ）・四水和物","対象物","該当","","","","?","","","","","要確認","","","","","","","","","NITE-CHRIP"
"13817-37-3","フッ化コバルト（ＩＩ）・四水和物","対象物","該当","","","","?","","","","","要確認","","","","","","","","","NITE-CHRIP"
"13820-25-2","三塩化ヘキサアンミンクロム","対象物","","","","","","","","","","要確認","","","","","","","","","NITE-CHRIP"
"13826-63-6","亜硝酸タリウム（Ｉ）","対象物","","","","","","","","","","要確認","","","","","","","","","NITE-CHRIP"
"13826-65-8","Lead nitrite","対象物","","","","","","","","","","要確認","","","","","","","","","NITE-CHRIP"
"13826-83-0","四フッ化ホウ酸アンモニウム","対象物","","","","","","","","","","要確認","","","","","","","","","NITE-CHRIP"
"13826-88-5","テトラフルオロホウ酸亜鉛","対象物","","","","","","","","","","要確認","","","","","","","","","NITE-CHRIP"
"13832-25-2","リシノール酸カドミウム（ＩＩ）","対象物","該当","","","","?","","","","","要確認","","","","","","","","","NITE-CHRIP"
"13838-16-9","２－クロロ－１，１，２－トリフルオロエチルジフルオロメチルエーテル","対象物","","","該当","","","","","","","","","","","","","","","","NITE-CHRIP"
"13840-33-0","次亜塩素酸リチウム","対象物","該当","","","該当","","","","","","","","","","","","","","","NITE-CHRIP"
"13841-80-0","三フッ化ヘキサアンミンコバルト","対象物","該当","","","","?","","","","","要確認","","","","","","","","","NITE-CHRIP"
"13842-46-1","ビス（硫酸）ニッケル（ＩＩ）二カリウム","対象物","該当","","","","?","","","","","要確認","","","","","","","","","NITE-CHRIP"
"13843-81-7","二クロム酸リチウム","対象物","該当","","","","?","","","","","要確認","","","","","","","","","NITE-CHRIP"
"13845-07-3","六塩化ロジウム酸三カリウム","対象物","","","","","","","","","","","","","","","","","","","NITE-CHRIP"
"13845-23-3","硫化水素（Ｈ２Ｓ３）","対象物","該当","","","","?","","","","","","","","","","","","","","NITE-CHRIP"
"13845-24-4","硫化水素（Ｈ２Ｓ５）","対象物","該当","","","","?","","","","","","","","","","","","","","NITE-CHRIP"
"13845-25-5","硫化水素（Ｈ２Ｓ４）","対象物","該当","","","","?","","","","","","","","","","","","","","NITE-CHRIP"
"13845-35-7","Lead(2+) tellurium tetraoxide","対象物","","","","","","","","","","要確認","","","","","","","","","NITE-CHRIP"
"13845-51-7","硫化水素（Ｈ２Ｓ６）","対象物","該当","","","","?","","","","","","","","","","","","","","NITE-CHRIP"
"13847-17-1","リン酸とカドミウムの塩","対象物","該当","","","","?","","","","","要確認","","","","","","","","","NITE-CHRIP"
"13859-51-3","二塩化ペンタアンミンクロロコバルト","対象物","該当","","","","?","","","","","要確認","","","","","","","","","NITE-CHRIP"
"13870-90-1","Ｃｏα－［α－（５，６－ジメチルベンゾイミダゾール－１－イル）］－Ｃｏβ－アデノシルコバミド","対象物","","","","","","","","","","要確認","","","","","","","","","NITE-CHRIP"
"13871-27-7","四フッ化ベリリウム酸ナトリウム","対象物","該当","","","","?","","","","","要確認","","","","","","","","","NITE-CHRIP"
"13874-36-7","四フッ化ベリリウム酸リチウム","対象物","該当","","","","?","","","","","要確認","","","","","","","","","NITE-CHRIP"
"13876-85-2","テトラヨード水銀酸二銅","対象物","該当","","","","?","","","","","要確認","","","","","","","","","NITE-CHRIP"
"13879-33-9","１，２－ジイソシアナト－４－メチルベンゼン","対象物","該当","","","","?","","","","","要確認","","","","","","","","","NITE-CHRIP"
"13909-09-6","１－（２－クロロエチル）－３－（４－メチルシクロヘキシル）－１－ニトロソ尿素","対象物","","該当","","","","","","","","","","","","","","","","","NITE-CHRIP"
"13925-07-0","２－エチル－３，５－ジメチルピラジン","対象物","","","","","","","","","","","","","","","","","","","NITE-CHRIP"
"13927-77-0","ビス（Ｎ，Ｎ－ジブチルカルバモジチオアト－Ｓ，Ｓ’）ニッケル","対象物","該当","","","","?","","","","","要確認","","","","","","","","","NITE-CHRIP"
"13931-83-4","塩化ニッケル（ＮｉＣｌ）","対象物","該当","","","","?","","","","","要確認","","","","","","","","","NITE-CHRIP"
"13931-84-5","塩化鉛","対象物","","","","","","","","","","要確認","","","","","","","","","NITE-CHRIP"
"13932-02-0","過塩素酸水銀（Ｉ）","対象物","該当","","","該当","?","","","","","要確認","","","","","","","","","NITE-CHRIP"
"13933-17-0","二アクア二塩化銅","対象物","","","","","","","","","","","","","","","","","","","NITE-CHRIP"
"13940-83-5","フッ化ニッケル（ＩＩ）・四水和物","対象物","該当","","","","?","","","","","要確認","","","","","","","","","NITE-CHRIP"
"13952-84-6","ｓｅｃ－ブチルアミン","対象物","該当","","","該当","","","","","","","","","","","","","","","NITE-CHRIP"
"13963-58-1","三カリウム＝（ＯＣ－６－１１）－ヘキサシアニドコバルタート（３－）","対象物","該当","","","","?","","","","","要確認","","","","","","","","","NITE-CHRIP"
"13966-94-4","ヨウ化インジウム（Ｉ）","対象物","","","","","","","","","","要確認","","","","","","","","","NITE-CHRIP"
"13967-25-4","二フッ化二水銀","対象物","該当","","","","?","","","","","要確認","","","","","","","","","NITE-CHRIP"
"13967-50-5","カリウム＝ジシアニドアウラート（１－）","対象物","該当","","","","","","","","","","","","","","","","","","NITE-CHRIP"
"13972-68-4","モリブデン酸カドミウム","対象物","該当","","","","?","","","","","要確認","","","","","","","","","NITE-CHRIP"
"13986-18-0","フッ化亜鉛（ＩＩ）・四水和物","対象物","","","","","","","","","","要確認","","","","","","","","","NITE-CHRIP"
"13987-01-4","プロピレントリマー","対象物","","","","該当","","","","","","","","","","","","","","","NITE-CHRIP"
"13990-54-0","リン酸イットリウム（３＋）","対象物","","","","","","","","","","","","","","","","","","","NITE-CHRIP"
"14013-56-0","亜セレン酸とナトリウムの塩（２：１）","対象物","","","","","","","","","","要確認","","","","","","","","","NITE-CHRIP"
"14017-38-0","スルファミン酸銅（ＩＩ）","対象物","","","","","","","","","","要確認","","","","","","","","","NITE-CHRIP"
"14018-95-2","二クロム酸亜鉛","対象物","該当","","","","?","","","","","要確認","","","","","","","","","NITE-CHRIP"
"14019-91-1","セレン酸カルシウム","対象物","","","","","","","","","","要確認","","","","","","","","","NITE-CHRIP"
"14024-48-7","ビス（アセチルアセトナト－Ｏ，Ｏ’）コバルト","対象物","","","","","","","","","","要確認","","","","","","","","","NITE-CHRIP"
"14038-34-7","リン酸マンガン","対象物","該当","","","","?","","","","","要確認","","","","","","","","","NITE-CHRIP"
"14047-09-7","ビス（３，４－ジクロロフェニル）ジアゼン","対象物","","該当","","","","","","","","","","","","","","","","","NITE-CHRIP"
"14049-79-7","ヘキサシアノコバルト（ＩＩＩ）酸亜鉛（ＩＩ）","対象物","該当","","","","?","","","","","要確認","","","","","","","","","NITE-CHRIP"
"14055-02-8","［フタロシアニナト（２－）］ニッケル","対象物","該当","","","","?","","","","","要確認","","","","","","","","","NITE-CHRIP"
"14075-53-7","四フッ化ホウ酸カリウム","対象物","","","","","","","","","","要確認","","","","","","","","","NITE-CHRIP"
"14101-95-2","クロロ（トリイソプロピル）スタンナン","対象物","","","","","","","","","","要確認","","","","","","","","","NITE-CHRIP"
"14104-85-9","二クロム酸マグネシウム","対象物","該当","","","","?","","","","","要確認","","","","","","","","","NITE-CHRIP"
"14126-32-0","ジブロモビス（トリフェニルホスフィン）コバルト","対象物","","","","","","","","","","要確認","","","","","","","","","NITE-CHRIP"
"14154-09-7","リン酸マンガン（ＩＩ）","対象物","該当","","","","?","","","","","要確認","","","","","","","","","NITE-CHRIP"
"14166-78-0","フッ化インジウム（ＩＩＩ）・三水和物","対象物","","","","","","","","","","要確認","","","","","","","","","NITE-CHRIP"
"14167-15-8","Ｎ，Ｎ’－エチレンビス（サリチリデンアミナト）銅","対象物","","","","","","","","","","","","","","","","","","","NITE-CHRIP"
"14184-47-5","ヨウ化カドミウム","対象物","該当","","","","?","","","","","要確認","","","","","","","","","NITE-CHRIP"
"14214-24-5","ジブチル｛ビス［（２－ヒドロキシベンゾイル）オキシ］｝スタンナン","対象物","","","","","","","","","","要確認","","","","","","","","","NITE-CHRIP"
"14215-30-6","アジ化銅（ＩＩ）","対象物","","","","該当","","","","","","","","","","","","","","","NITE-CHRIP"
"14215-33-9","アジ化水銀（ＩＩ）","対象物","該当","","","該当","?","","","","","要確認","","","","","","","","","NITE-CHRIP"
"14216-74-1","硝酸コバルト（１：？）","対象物","該当","","","該当","?","","","","","要確認","","","","","","","","","NITE-CHRIP"
"14216-75-2","硝酸ニッケル（ＩＩ）","対象物","該当","","","該当","?","","","","","要確認","","","","","","","","","NITE-CHRIP"
"14219-05-7","１，３－ジイソシアナト－５－メチルベンゼン","対象物","該当","","","","?","","","","","要確認","","","","","","","","","NITE-CHRIP"
"14220-17-8","二カリウム＝（ＳＰ－４－１）－テトラシアニドニッケラート（２－）","対象物","該当","","","","?","","","","","要確認","","","","","","","","","NITE-CHRIP"
"14221-47-7","トリアンモニウム＝（ＯＣ－６－１１）－トリス（オキサラト－κ（２）Ｏ（１），Ｏ（２））フェラート（３－）","対象物","","","","","","","","","","","","","","","","","","","NITE-CHRIP"
"14239-07-7","トリ（シュウ酸）コバルト酸三カリウム","対象物","","","","","","","","","","要確認","","","","","","","","","NITE-CHRIP"
"14239-68-0","ビス（Ｎ，Ｎ－ジエチルカルバモジチオアト－Ｓ，Ｓ’）カドミウム","対象物","該当","","","","?","","","","","要確認","","","","","","","","","NITE-CHRIP"
"14242-05-8","過塩素酸銀（１＋）一水和物","対象物","","","","","","","","","","要確認","","","","","","","","","NITE-CHRIP"
"14254-22-9","ブトキシ（ジブチル）（クロロ）スタンナン","対象物","","","","","","","","","","要確認","","","","","","","","","NITE-CHRIP"
"14264-16-5","ジクロロビス（トリフェニルホスフィン）ニッケル（ＩＩ）","対象物","該当","","","","?","","","","","要確認","","","","","","","","","NITE-CHRIP"
"14264-31-4","トリシアノ銅酸ナトリウム","対象物","","","","","","","","","","","","","","","","","","","NITE-CHRIP"
"14267-17-5","ビス（Ｎ，Ｎ－ジエチルカルバモジチオアト－Ｓ，Ｓ’）ニッケル","対象物","該当","","","","?","","","","","要確認","","","","","","","","","NITE-CHRIP"
"14275-57-1","ビス（トリブタン－１－イルスタンニル）＝マレアート","対象物","","","","","","","","","","要確認","","","","","","","","","NITE-CHRIP"
"14283-07-9","四フッ化ホウ酸リチウム","対象物","","","","","","","","","","要確認","","","","","","","","","NITE-CHRIP"
"14283-12-6","二臭化ペンタアンミンブロモコバルト","対象物","該当","","","","?","","","","","要確認","","","","","","","","","NITE-CHRIP"
"14302-13-7","Ｃ．Ｉ．ピグメントグリーン３６","対象物","","","","","","","","","","","","","","","","","","","NITE-CHRIP"
"14307-33-6","二クロム酸カルシウム","対象物","該当","","","","?","","","","","要確認","","","","","","","","","NITE-CHRIP"
"14307-35-8","クロム酸リチウム","対象物","該当","","","","?","","","","","要確認","","","","","","","","","NITE-CHRIP"
"14312-00-6","クロム酸カドミウム","対象物","該当","","","","?","","","","","要確認","","","","","","","","","NITE-CHRIP"
"14314-69-3","カリウム＝２，４－ジニトロフェノラート","対象物","","","","","","","","","","","","","","","","","","","NITE-CHRIP"
"14320-13-9","ｔｒａｎｓ－トリス（グリシナト－Ｎ，Ｏ）クロム","対象物","","","","","","","","","","要確認","","","","","","","","","NITE-CHRIP"
"14323-41-2","二カリウム＝（ＳＰ－４－１）－テトラシアニドニッケラート（２－）一水和物","対象物","該当","","","","?","","","","","要確認","","","","","","","","","NITE-CHRIP"
"14324-55-1","（Ｔ－４）－ビス（ジエチルカルバモジチオアト－κ（２）Ｓ，Ｓ’）亜鉛","対象物","該当","","","","","","","","","","","","","","","","","","NITE-CHRIP"
"14325-26-9","ｃｉｓ－トリス（グリシナト－Ｎ，Ｏ）クロム","対象物","","","","","","","","","","要確認","","","","","","","","","NITE-CHRIP"
"14325-99-6","スルファミン酸銀（Ｉ）","対象物","","","","","","","","","","要確認","","","","","","","","","NITE-CHRIP"
"14332-33-3","ホスホン酸水素ニッケル（ＩＩ）","対象物","該当","","","","?","","","","","要確認","","","","","","","","","NITE-CHRIP"
"14332-34-4","リン酸水素ニッケル（ＩＩ）","対象物","該当","","","","?","","","","","要確認","","","","","","","","","NITE-CHRIP"
"14336-80-2","アジ化銅（Ｉ）","対象物","","","","該当","","","","","","","","","","","","","","","NITE-CHRIP"
"14355-30-7","ホウ酸コバルト","対象物","該当","","","","?","","","","","要確認","","","","","","","","","NITE-CHRIP"
"14363-30-5","ビス［２－ヒドロキシベンズアルデヒドオキシマト－Ｎ，Ｏ］ニッケル","対象物","該当","","","","?","","","","","要確認","","","","","","","","","NITE-CHRIP"
"14376-09-1","ジアンミンジクロロ水銀","対象物","該当","","","","?","","","","","要確認","","","","","","","","","NITE-CHRIP"
"14396-43-1","リン酸ニッケル","対象物","該当","","","","?","","","","","要確認","","","","","","","","","NITE-CHRIP"
"14402-61-0","（ＯＣ－６－１１）－ヘキサシアニド鉄酸（４－）二鉛","対象物","","","","","","","","","","要確認","","","","","","","","","NITE-CHRIP"
"14402-75-6","シアン化カドミウムカリウム錯塩","対象物","該当","","","","?","","","","","要確認","","","","","","","","","NITE-CHRIP"
"14409-72-4","２６－（４－ノニルフェノキシ）－３，６，９，１２，１５，１８，２１，２４－オクタオキサヘキサコサン－１－オール","対象物","該当","","","","","","","","","要確認","","","","","","","","","NITE-CHRIP"
"14429-85-7","三塩化カドミウムカリウム","対象物","該当","","","","?","","","","","要確認","","","","","","","","","NITE-CHRIP"
"14445-91-1","二クロム酸アンモニウム（１：？）","対象物","該当","","","","?","","","","","要確認","","","","","","","","","NITE-CHRIP"
"14446-13-0","過マンガン酸ストロンチウム（ＩＩ）","対象物","該当","","","","?","","","","","要確認","","","","","","","","","NITE-CHRIP"
"14448-69-2","ステアリン酸ニッケル","対象物","該当","","","","?","","","","","要確認","","","","","","","","","NITE-CHRIP"
"14456-43-0","モリブデン酸亜鉛","対象物","","","","","","","","","","要確認","","","","","","","","","NITE-CHRIP"
"14459-36-0","亜セレン酸水銀（ＩＩ）","対象物","該当","","","","?","","","","","要確認","","","","","","","","","NITE-CHRIP"
"14459-60-0","アンチモン酸カリウム","対象物","","","","","","","","","","要確認","","","","","","","","","NITE-CHRIP"
"14475-63-9","水酸化ジルコニル","対象物","","","","","","","","","","","","","","","","","","","NITE-CHRIP"
"14481-40-4","（ＯＣ－６－１１）－ヘキサシアニド鉄酸（４－）二銅（２＋），水和物（１：？）","対象物","","","","","","","","","","","","","","","","","","","NITE-CHRIP"
"14484-64-1","（ＯＣ－６－１１）－トリス（ジメチルカルバモジチオアト－κＳ，κＳ’）鉄（ＩＩＩ）","対象物","","","","","","","","","","","","","","","","","","","NITE-CHRIP"
"14485-27-9","リン酸水素マンガン（２＋）水和物　（５：２：４：４）","対象物","該当","","","","?","","","","","要確認","","","","","","","","","NITE-CHRIP"
"14486-19-2","テトラフルオロホウ酸カドミウム","対象物","該当","","","","?","","","","","要確認","","","","","","","","","NITE-CHRIP"
"14486-20-5","四フッ化ホウ酸アンチモン（ＩＩＩ）","対象物","","","","","","","","","","要確認","","","","","","","","","NITE-CHRIP"
"14507-18-7","クロム酸鉄（ＩＩ）","対象物","該当","","","","?","","","","","要確認","","","","","","","","","NITE-CHRIP"
"14507-36-9","ホスフィン酸ニッケル","対象物","該当","","","","?","","","","","要確認","","","","","","","","","NITE-CHRIP"
"14516-71-3","（１－ブタナミン）［［２，２’－チオビス［４－（１，１，３，３－テトラメチルブチル）フェノラト］］（２－）］ニッケル","対象物","該当","","","","?","","","","","要確認","","","","","","","","","NITE-CHRIP"
"14518-94-6","臭素酸カドミウム","対象物","該当","","","","?","","","","","要確認","","","","","","","","","NITE-CHRIP"
"14536-20-0","シュウ酸のスズ塩","対象物","","","","","","","","","","","","","","","","","","","NITE-CHRIP"
"14550-87-9","臭素酸ニッケル（ＩＩ）","対象物","該当","","","","?","","","","","要確認","","","","","","","","","NITE-CHRIP"
"14553-20-9","硫酸ヘキサアンミンコバルト（ＩＩＩ）","対象物","該当","","","","?","","","","","要確認","","","","","","","","","NITE-CHRIP"
"14564-70-6","シアン化コバルトカリウム錯塩","対象物","該当","","","","?","","","","","要確認","","","","","","","","","NITE-CHRIP"
"14582-18-4","パルミチン酸コバルト（ＩＩ）","対象物","","","","","","","","","","要確認","","","","","","","","","NITE-CHRIP"
"14590-19-3","セレン酸コバルト（ＩＩ）","対象物","該当","","","","?","","","","","要確認","","","","","","","","","NITE-CHRIP"
"14640-57-4","硫酸クロム（ＩＩＩ）セシウム","対象物","","","","","","","","","","要確認","","","","","","","","","NITE-CHRIP"
"14644-70-3","ヒ酸マグネシウムアンモニウム","対象物","該当","","","","?","","","","","要確認","","","","","","","","","NITE-CHRIP"
"14648-48-7","モリブデン酸鉛","対象物","","","","","","","","","","要確認","","","","","","","","","NITE-CHRIP"
"14652-46-1","亜硝酸コバルトアンモニウム錯塩","対象物","該当","","","","?","","","","","要確認","","","","","","","","","NITE-CHRIP"
"14666-94-5","オレイン酸コバルト（１：？）","対象物","","","","","","","","","","要確認","","","","","","","","","NITE-CHRIP"
"14666-96-7","リノレイン酸コバルト（１：？）","対象物","","","","","","","","","","要確認","","","","","","","","","NITE-CHRIP"
"14667-55-1","２，３，５－トリメチルピラジン","対象物","","","","該当","","","","","","","","","","","","","","","NITE-CHRIP"
"14689-45-3","ビス（２，４－ペンタンジオナト－Ｏ，Ｏ’）カドミウム","対象物","該当","","","","?","","","","","要確認","","","","","","","","","NITE-CHRIP"
"14690-66-5","塩化マンガン","対象物","該当","","","","?","","","","","要確認","","","","","","","","","NITE-CHRIP"
"14693-82-4","リン酸インジウム（ＩＩＩ）","対象物","","","","","","","","","","要確認","","","","","","","","","NITE-CHRIP"
"14698-29-4","５－エチル－８－オキソ－５，８－ジヒドロ［１，３］ジオキソロ［４，５－ｇ］キノリン－７－カルボン酸","対象物","","","","","","","","","","要確認","","","","","","","","","NITE-CHRIP"
"14708-11-3","四フッ化ホウ酸銅（Ｉ）","対象物","","","","","","","","","","要確認","","","","","","","","","NITE-CHRIP"
"14708-13-5","四フッ化ホウ酸マグネシウム","対象物","","","","","","","","","","要確認","","","","","","","","","NITE-CHRIP"
"14708-14-6","テトラフルオロホウ酸ニッケル（ＩＩ）","対象物","該当","","","","?","","","","","要確認","","","","","","","","","NITE-CHRIP"
"14720-53-7","メタホウ酸鉛（ＩＩ）","対象物","","該当","","","","","","","","要確認","","","","","","","","","NITE-CHRIP"
"14764-54-6","トリス（アセチルオキシ）ブチルスズ","対象物","","","","","","","","","","要確認","","","","","","","","","NITE-CHRIP"
"14836-60-3","硝酸水銀（Ｉ）二水和物","対象物","該当","","","該当","?","","","","","要確認","","","","","","","","","NITE-CHRIP"
"14857-34-2","ジメチルエトキシシラン","対象物","","","","該当","","","","","","","","","","","","","","","NITE-CHRIP"
"14899-38-8","Barium tellurium trioxide","対象物","","","","","","","","","","要確認","","","","","","","","","NITE-CHRIP"
"14915-37-8","ビス［２－チオキソ－κＳ－ピリジン－１（２Ｈ）－オラト－κＯ］銅","対象物","該当","","","","","","","","","要確認","","","","","","","","","NITE-CHRIP"
"14916-48-4","二塩化ペンタアンミンアジドコバルト","対象物","該当","","","","?","","","","","要確認","","","","","","","","","NITE-CHRIP"
"14929-69-2","Dilithium tellurium trioxide","対象物","","","","","","","","","","要確認","","","","","","","","","NITE-CHRIP"
"14931-83-0","エチレンジアミン四酢酸コバルト","対象物","","","","","","","","","","要確認","","","","","","","","","NITE-CHRIP"
"14931-84-1","（ＯＣ－６－２１）－（エチレンジニトリロ－κ（２）Ｎ，Ｎ’）テトラキス（アセタト－κＯ）ニッケラート（２－）","対象物","該当","","","","?","","","","","要確認","","","","","","","","","NITE-CHRIP"
"14949-59-8","ビス（１－ピペリジンカルボジチオアト－Ｓ，Ｓ’）カドミウム","対象物","該当","","","","?","","","","","要確認","","","","","","","","","NITE-CHRIP"
"14960-16-8","ラウリン酸コバルト（ＩＩ）","対象物","","","","","","","","","","要確認","","","","","","","","","NITE-CHRIP"
"14965-99-2","Cobalt tricyanide","対象物","該当","","","","?","","","","","要確認","","","","","","","","","NITE-CHRIP"
"14972-02-2","六塩化ロジウム酸三ナトリウム・二水和物","対象物","","","","","","","","","","","","","","","","","","","NITE-CHRIP"
"14974-55-1","スズ（２＋）＝ジドデカノアート","対象物","","","","","","","","","","","","","","","","","","","NITE-CHRIP"
"14977-61-8","ジクロロジオキソクロム","対象物","該当","","","","?","","","","","要確認","","","","","","","","","NITE-CHRIP"
"14985-18-3","硝酸ジルコニル・水和物","対象物","","","","該当","","","","","","","","","","","","","","","NITE-CHRIP"
"14986-72-2","フッ化鉛","対象物","","","","","","","","","","要確認","","","","","","","","","NITE-CHRIP"
"14986-91-5","セレン酸マグネシウム","対象物","","","","","","","","","","要確認","","","","","","","","","NITE-CHRIP"
"14986-93-7","リン酸マンガン","対象物","該当","","","","?","","","","","要確認","","","","","","","","","NITE-CHRIP"
"14990-20-6","アジ化水銀（Ｉ）","対象物","該当","","","該当","?","","","","","要確認","","","","","","","","","NITE-CHRIP"
"14998-37-9","酢酸ニッケル（ＩＩ）","対象物","該当","","","","?","","","","","要確認","","","","","","","","","NITE-CHRIP"
"15005-90-0","硫酸クロム（ＩＩＩ）・六水和物","対象物","","","","","","","","","","要確認","","","","","","","","","NITE-CHRIP"
"15007-55-3","四フッ化スズ酸二ナトリウム","対象物","","","","","","","","","","","","","","","","","","","NITE-CHRIP"
"15040-52-5","硝酸テトラアンミンカルボナトコバルト","対象物","","","","","","","","","","要確認","","","","","","","","","NITE-CHRIP"
"15060-62-5","セレン酸ニッケル（ＩＩ）","対象物","該当","","","","?","","","","","要確認","","","","","","","","","NITE-CHRIP"
"15080-52-1","（ＳＰ－４－１）－ビス（ジエチルカルバモジチオアト－κ（２）Ｓ，Ｓ’）テルル","対象物","","","","","","","","","","要確認","","","","","","","","","NITE-CHRIP"
"15082-85-6","ヒドロキシトリス（フェニルメチル）スズ","対象物","","","","","","","","","","要確認","","","","","","","","","NITE-CHRIP"
"15099-34-0","硝酸ニッケル（ＩＩＩ）","対象物","該当","","","該当","?","","","","","要確認","","","","","","","","","NITE-CHRIP"
"15123-69-0","セレン酸銅（ＩＩ）","対象物","","","","","","","","","","要確認","","","","","","","","","NITE-CHRIP"
"15123-80-5","モリブデン酸アルミニウム","対象物","","","","","","","","","","要確認","","","","","","","","","NITE-CHRIP"
"15123-92-9","亜セレン酸二タリウム（Ｉ）","対象物","","","","","","","","","","要確認","","","","","","","","","NITE-CHRIP"
"15133-82-1","テトラキス（トリフェノキシホスフィン）ニッケル","対象物","該当","","","","?","","","","","要確認","","","","","","","","","NITE-CHRIP"
"15188-91-7","トリス（３，５－ヘプタンジオナト－Ｏ，Ｏ’）コバルト","対象物","","","","","","","","","","要確認","","","","","","","","","NITE-CHRIP"
"15194-98-6","亜ヒ酸カルシウム","対象物","該当","","","","?","","","","","要確認","","","","","","","","","NITE-CHRIP"
"15195-58-1","フッ化マンガン","対象物","該当","","","","?","","","","","要確認","","","","","","","","","NITE-CHRIP"
"15220-82-3","ジブチルチオキソスズ（三量体）","対象物","","","","","","","","","","要確認","","","","","","","","","NITE-CHRIP"
"15238-00-3","ヨウ化コバルト（ＩＩ）","対象物","該当","","","","?","","","","","要確認","","","","","","","","","NITE-CHRIP"
"15244-35-6","硫酸カドミウム（ＩＩ）－水（１／ｎ）","対象物","該当","","","","?","","","","","要確認","","","","","","","","","NITE-CHRIP"
"15244-36-7","硫酸マンガン（２＋）水和物","対象物","","","","","","","","","","要確認","","","","","","","","","NITE-CHRIP"
"15244-38-9","硫酸クロム（ＩＩＩ）・水和物","対象物","","","","","","","","","","要確認","","","","","","","","","NITE-CHRIP"
"15245-44-0","鉛（ＩＩ）＝２，４，６－トリニトロベンゼン－１，３－ジオラート","対象物","","該当","","","","","","","","要確認","","","","","","","","","NITE-CHRIP"
"15257-25-7","ジブチル［ビス（メタクリロイルオキシ）］スタンナン","対象物","","","","","","","","","","要確認","","","","","","","","","NITE-CHRIP"
"15263-52-2","Ｓ，Ｓ’－［２－（ジメチルアミノ）プロパン－１，３－ジイル］＝ビス（チオカルバマート）一塩酸塩","対象物","該当","","","","","","","","","","","","","","","","","","NITE-CHRIP"
"15263-53-3","Ｓ，Ｓ’－２－（ジメチルアミノ）プロパン－１，３－ジイル＝ビス（チオカルバマート）","対象物","","","","","","","","","","要確認","","","","","","","","","NITE-CHRIP"
"15275-08-8","トリ（シュウ酸）コバルト酸三カリウム・三水和物","対象物","","","","","","","","","","要確認","","","","","","","","","NITE-CHRIP"
"15276-40-1","六塩化カドミウムカリウム","対象物","該当","","","","?","","","","","要確認","","","","","","","","","NITE-CHRIP"
"15292-27-0","ケイジルコン酸ナトリウム","対象物","","","","","","","","","","","","","","","","","","","NITE-CHRIP"
"15304-57-1","（ＳＰ－４－１）－［２９Ｈ，３１Ｈ－フタロシアニナト（２－）－Ｎ２９，Ｎ３０，Ｎ３１，Ｎ３２］スズ","対象物","","","","","","","","","","","","","","","","","","","NITE-CHRIP"
"15317-78-9","ビス［Ｎ，Ｎ－ビス（２－メチルプロピル）カルバモジチオアト－Ｓ，Ｓ’］ニッケル","対象物","該当","","","","?","","","","","要確認","","","","","","","","","NITE-CHRIP"
"15336-18-2","六塩化ロジウム酸トリアンモニウム","対象物","","","","","","","","","","","","","","","","","","","NITE-CHRIP"
"15336-98-8","ジアリル（ジブチル）スタンナン","対象物","","","","","","","","","","要確認","","","","","","","","","NITE-CHRIP"
"15339-40-9","四フッ化ベリリウム酸バリウム","対象物","該当","","","","?","","","","","要確認","","","","","","","","","NITE-CHRIP"
"15347-57-6","酢酸鉛（１：？）","対象物","","","","","","","","","","要確認","","","","","","","","","NITE-CHRIP"
"15363-19-6","硫酸クロム（ＩＩＩ）セシウム・十二水和物","対象物","","","","","","","","","","要確認","","","","","","","","","NITE-CHRIP"
"15363-28-7","三硝酸ヘキサアンミンクロム","対象物","","","","","","","","","","要確認","","","","","","","","","NITE-CHRIP"
"15364-94-0","過塩素酸マンガン（ＩＩ）・六水和物","対象物","該当","","","該当","?","","","","","要確認","","","","","","","","","NITE-CHRIP"
"15377-79-4","三タリウム＝（ＯＣ－６－１１）－ヘキサシアニドコバルタート（３－）","対象物","該当","","","","?","","","","","要確認","","","","","","","","","NITE-CHRIP"
"15385-57-6","二ヨウ化二水銀","対象物","該当","","","","?","","","","","要確認","","","","","","","","","NITE-CHRIP"
"15385-58-7","二臭化二水銀","対象物","該当","","","","?","","","","","要確認","","","","","","","","","NITE-CHRIP"
"15414-98-9","五塩化スズ酸トリフェニルメチリウム","対象物","","","","","","","","","","","","","","","","","","","NITE-CHRIP"
"15432-85-6","トリオキシドアンチモン酸（１－）ナトリウム　（ＮａＳｂＯ３）","対象物","","","","","","","","","","要確認","","","","","","","","","NITE-CHRIP"
"15461-27-5","ジクロリド（オキソ）ジルコニウム水和物（１：？）","対象物","","","","","","","","","","","","","","","","","","","NITE-CHRIP"
"15467-20-6","二ナトリウム＝水素＝ニトリロトリアセタート","対象物","","該当","","","","","","","","要確認","","","","","","","","","NITE-CHRIP"
"15468-32-3","二酸化ケイ素","対象物","","該当","","","","","","","","","","","","","","","","","NITE-CHRIP"
"15481-47-7","ビス（ベンゾイルスルファニル）（ジオクチル）スタンナン","対象物","","","","","","","","","","要確認","","","","","","","","","NITE-CHRIP"
"15481-48-8","ビス（ベンゾイルスルファニル）（ジブチル）スタンナン","対象物","","","","","","","","","","要確認","","","","","","","","","NITE-CHRIP"
"15492-38-3","三ヨウ化ロジウム","対象物","","","","","","","","","","","","","","","","","","","NITE-CHRIP"
"15520-84-0","硝酸コバルト","対象物","該当","","","該当","?","","","","","要確認","","","","","","","","","NITE-CHRIP"
"15521-60-5","亜リン酸鉛","対象物","","","","","","","","","","要確認","","","","","","","","","NITE-CHRIP"
"15521-65-0","ビス（Ｎ，Ｎ－ジメチルカルバモジチオアト－Ｓ，Ｓ’）ニッケル","対象物","該当","","","","?","","","","","要確認","","","","","","","","","NITE-CHRIP"
"15535-69-0","２，２－ジブチル－５－ヒドロキシ－１，３，２－ジオキサスタンネパン－４，７－ジオン","対象物","","","","","","","","","","要確認","","","","","","","","","NITE-CHRIP"
"15535-79-2","２，２－ジオクチル－１，３，２－オキサチアスタノラン－５－オン","対象物","","","","","","","","","","要確認","","","","","","","","","NITE-CHRIP"
"15545-97-8","２，２’－アゾビス（４－メトキシ－２，４－ジメチルバレロニトリル）","対象物","","","","","","","","","","","","","","","","","","","NITE-CHRIP"
"15546-11-9","（Ｚ，Ｚ）－４，４’－［（ジブチルスタニレン）ビス（オキシ）］ビス（４－オキソ－２－ブテン酸）ジメチル","対象物","","","","","","","","","","要確認","","","","","","","","","NITE-CHRIP"
"15546-12-0","2-ethylhexyl 6,6-dibutyl-14-ethyl-4,8,11-trioxo-5,7,12-trioxa-6-stannaoctadeca-2,9-dienoate","対象物","","","","","","","","","","要確認","","","","","","","","","NITE-CHRIP"
"15546-16-4","（Ｚ，Ｚ）－ビス［（４－ブトキシ－１，４－ジオキソ－２－ブテニル）オキシ］ジブチルスズ","対象物","","","","","","","","","","要確認","","","","","","","","","NITE-CHRIP"
"15571-58-1","ビス［（｛［（２－エチルヘキシル）オキシ］カルボニル｝メチル）スルファニル］（ジオクチル）スタンナン","対象物","該当","","","","","","","","","要確認","","","","","","","","","NITE-CHRIP"
"15571-59-2","ジオクチル［ビス（｛（Ｚ）－３－［（イソブトキシ）カルボニル］アクリロイル｝オキシ）］スタンナン","対象物","","","","","","","","","","要確認","","","","","","","","","NITE-CHRIP"
"15571-60-5","（Ｚ，Ｚ）－４，４’－［（ジオクチルスタニレンビス（オキシ）］ビス［４－オキソ－２－ブテン酸］","対象物","","","","","","","","","","要確認","","","","","","","","","NITE-CHRIP"
"15571-91-2","Dipotassium tetraoxotellurate","対象物","","","","","","","","","","要確認","","","","","","","","","NITE-CHRIP"
"15572-25-5","セレン化二タリウム","対象物","","","","","","","","","","要確認","","","","","","","","","NITE-CHRIP"
"15576-47-3","臭化鉛（Ｉ）","対象物","","","","","","","","","","要確認","","","","","","","","","NITE-CHRIP"
"15578-26-4","ピロリン酸スズ（ＩＩ）","対象物","","","","","","","","","","","","","","","","","","","NITE-CHRIP"
"15578-32-2","リン酸スズ（ＩＩ）","対象物","","","","","","","","","","","","","","","","","","","NITE-CHRIP"
"15585-98-5","２－イソシアナトブタン","対象物","","","","","","","","","","","","","","","","","","","NITE-CHRIP"
"15593-51-8","Dilithium selenite","対象物","","","","","","","","","","要確認","","","","","","","","","NITE-CHRIP"
"15593-52-9","セレン酸リチウム","対象物","","","","","","","","","","要確認","","","","","","","","","NITE-CHRIP"
"15593-75-6","アンチモン酸ナトリウム（Ｎａ３ＳｂＯ４）","対象物","","","","","","","","","","要確認","","","","","","","","","NITE-CHRIP"
"15596-82-4","塩化ニッケル（ＮｉＣｌ３）","対象物","該当","","","","?","","","","","要確認","","","","","","","","","NITE-CHRIP"
"15596-83-5","Thallium(3+) perchlorate","対象物","","","","","","","","","","要確認","","","","","","","","","NITE-CHRIP"
"15597-43-0","イソチオシアナト（トリメチル）スタンナン","対象物","","","","","","","","","","要確認","","","","","","","","","NITE-CHRIP"
"15605-72-8","臭化コバルト","対象物","該当","","","","?","","","","","要確認","","","","","","","","","NITE-CHRIP"
"15608-15-8","臭化ニッケル","対象物","該当","","","","?","","","","","要確認","","","","","","","","","NITE-CHRIP"
"15610-76-1","塩化ジアンモニウム銅","対象物","","","","","","","","","","","","","","","","","","","NITE-CHRIP"
"15625-89-5","２－エチル－２－ヒドロキシメチル－１，３－プロパンジオールトリアクリラート","対象物","該当","","","","","","","","","","","","","","","","","","NITE-CHRIP"
"15634-23-8","二タリウム（１＋）＝テトラシアニドメルクラート（２－）","対象物","","","","","","","","","","要確認","","","","","","","","","NITE-CHRIP"
"15634-29-4","タリウム（１＋）＝ジシアニドアルゲンタート（１－）","対象物","","","","","","","","","","要確認","","","","","","","","","NITE-CHRIP"
"15663-27-1","（ＳＰ－４－２）－ジアンミンジクロロ白金　（別名シスプラチン）","対象物","","該当","","","","","","","","","","","","","","","","","NITE-CHRIP"
"15666-28-1","ブチル［トリス（ドデシルスルファニル）］スタンナン","対象物","","","","","","","","","","要確認","","","","","","","","","NITE-CHRIP"
"15666-29-2","５，７－ジチオキソ－５，７－ジスタンナ－６－チアウンデカン","対象物","","","","","","","","","","要確認","","","","","","","","","NITE-CHRIP"
"15671-21-3","二タリウム＝（Ｔ－４）－テトラシアニドジンカート（２－）","対象物","","","","","","","","","","要確認","","","","","","","","","NITE-CHRIP"
"15684-35-2","コバルト（２＋）＝ビス（テトラフルオロボラヌイド）六水和物","対象物","該当","","","","?","","","","","要確認","","","","","","","","","NITE-CHRIP"
"15687-27-1","ｐ－（２－メチルプロピル）－α－メチルフェニル酢酸","対象物","","","","","","","","","","","","","","","","","","","NITE-CHRIP"
"15699-18-0","ビス（硫酸）ジアンモニウムニッケル（ＩＩ）","対象物","該当","","","","?","","","","","要確認","","","","","","","","","NITE-CHRIP"
"15699-20-4","硫酸ルビジウムニッケル（ＩＩ）","対象物","該当","","","","?","","","","","要確認","","","","","","","","","NITE-CHRIP"
"15702-33-7","マンガン酸ナトリウム","対象物","該当","","","","?","","","","","要確認","","","","","","","","","NITE-CHRIP"
"15702-41-7","モリブデン酸プラセオジウム","対象物","","","","","","","","","","要確認","","","","","","","","","NITE-CHRIP"
"15708-41-5","ナトリウム＝（ＯＣ－６－２１）－［（エチレンジニトリロ－κ（２）Ｎ，Ｎ’）テトラキス（アセタト－κＯ）］フェラート（１－）","対象物","","","","","","","","","","","","","","","","","","","NITE-CHRIP"
"15710-66-4","硝酸マンガン（ＩＩ）・水和物","対象物","該当","","","該当","?","","","","","要確認","","","","","","","","","NITE-CHRIP"
"15739-80-7","硫酸鉛（１：？）","対象物","","","","","","","","","","要確認","","","","","","","","","NITE-CHRIP"
"15743-20-1","アクリル酸アルミニウム","対象物","","","","","","","","","","要確認","","","","","","","","","NITE-CHRIP"
"15785-44-1","４，４’－［（１，１，３，３－テトラブチル－１，３－ジスタノキサンジイル）ビス（オキシ）］ビス［４－オキソ－２－ブテン酸］ジメチル","対象物","","","","","","","","","","要確認","","","","","","","","","NITE-CHRIP"
"15807-28-0","トリフェニル（ｐ－トリル）スタンナン","対象物","","","","","","","","","","要確認","","","","","","","","","NITE-CHRIP"
"15825-70-4","１，２，３，４，５，６－ヘキサ－Ｏ－ニトロ－Ｄ－マンニトール","対象物","","","","","","","","","","","","","","","","","","","NITE-CHRIP"
"15829-53-5","酸化水銀（Ｉ）","対象物","該当","","","","?","","","","","要確認","","","","","","","","","NITE-CHRIP"
"15843-02-4","ギ酸ニッケル（１：？）","対象物","該当","","","","?","","","","","要確認","","","","","","","","","NITE-CHRIP"
"15843-14-8","酢酸タリウム","対象物","","","","","","","","","","要確認","","","","","","","","","NITE-CHRIP"
"15845-52-0","リン酸水素鉛（ＩＩ）","対象物","","","","","","","","","","要確認","","","","","","","","","NITE-CHRIP"
"15851-40-8","Strontium tellurium trioxide","対象物","","","","","","","","","","要確認","","","","","","","","","NITE-CHRIP"
"15851-44-2","Cadmium tellurium trioxide","対象物","","","","","","","","","","要確認","","","","","","","","","NITE-CHRIP"
"15851-47-5","Lead(2+) tellurium trioxide","対象物","","","","","","","","","","要確認","","","","","","","","","NITE-CHRIP"
"15851-49-7","Manganese tellurium trioxide","対象物","","","","","","","","","","要確認","","","","","","","","","NITE-CHRIP"
"15851-52-2","Nickel tellurium trioxide","対象物","","","","","","","","","","要確認","","","","","","","","","NITE-CHRIP"
"15851-53-3","Dilithium tellurium tetraoxide","対象物","","","","","","","","","","要確認","","","","","","","","","NITE-CHRIP"
"15852-05-8","Copper(2+) tellurium tetraoxide","対象物","","","","","","","","","","要確認","","","","","","","","","NITE-CHRIP"
"15852-08-1","Magnesium tellurium tetraoxide","対象物","","","","","","","","","","要確認","","","","","","","","","NITE-CHRIP"
"15852-09-2","Calcium tellurium tetraoxide","対象物","","","","","","","","","","要確認","","","","","","","","","NITE-CHRIP"
"15852-10-5","Strontium tellurium tetraoxide","対象物","","","","","","","","","","要確認","","","","","","","","","NITE-CHRIP"
"15852-14-9","Cadmium tellurium tetraoxide","対象物","","","","","","","","","","要確認","","","","","","","","","NITE-CHRIP"
"15852-21-8","Nickel tellurium tetraoxide","対象物","","","","","","","","","","要確認","","","","","","","","","NITE-CHRIP"
"15853-77-7","（Ｚ，Ｚ）－４，４’－［（ジブチルスタニレン）ビス（オキシ）］ビス［４－オキソ－２－ブテン酸］ジプロピル","対象物","","","","","","","","","","要確認","","","","","","","","","NITE-CHRIP"
"15862-07-4","２，４，５－トリクロロビフェニル","対象物","該当","","","","?","","","","","要確認","","","第一種特定","","","","","","NITE-CHRIP"
"15869-80-4","３－エチルヘプタン","対象物","","","","","","","","","","","","","","","","","","","NITE-CHRIP"
"15874-48-3","ジチオリン酸＝Ｏ，Ｏ－ジプロピルアンチモン（ＩＩＩ）","対象物","","","","","","","","","","要確認","","","","","","","","","NITE-CHRIP"
"15874-50-7","ジチオリン酸＝Ｏ，Ｏ－ジペンチルアンチモン（ＩＩＩ）","対象物","","","","","","","","","","要確認","","","","","","","","","NITE-CHRIP"
"15874-52-9","ジチオリン酸＝Ｏ，Ｏ－ビス（２－エチルヘキシル）アンチモン（ＩＩＩ）","対象物","","","","","","","","","","要確認","","","","","","","","","NITE-CHRIP"
"15875-13-5","１，３，５－トリス（ジメチルアミノプロピル）ヘキサヒドロ－１，３，５－トリアジン","対象物","該当","","","","","","","","","要確認","","","","","","","","","NITE-CHRIP"
"15880-66-7","１，１，３，３－テトラブチル－１，３－ビス（ドデカノイルオキシ）ジスタンナチアン","対象物","","","","","","","","","","要確認","","","","","","","","","NITE-CHRIP"
"15885-40-2","Dirubidium tellurium trioxide","対象物","","","","","","","","","","要確認","","","","","","","","","NITE-CHRIP"
"15885-42-4","Magnesium tellurium trioxide","対象物","","","","","","","","","","要確認","","","","","","","","","NITE-CHRIP"
"15885-43-5","Dirubidium tellurium tetraoxide","対象物","","","","","","","","","","要確認","","","","","","","","","NITE-CHRIP"
"15890-25-2","ジペンチルジチオカルバミン酸アンチモン","対象物","","","","","","","","","","要確認","","","","","","","","","NITE-CHRIP"
"15899-92-0","Dicesium tellurium trioxide","対象物","","","","","","","","","","要確認","","","","","","","","","NITE-CHRIP"
"15906-71-5","ケイ酸鉛","対象物","","","","","","","","","","要確認","","","","","","","","","NITE-CHRIP"
"15915-03-4","ホウ酸マンガン（ＩＩ）","対象物","該当","","","","?","","","","","要確認","","","","","","","","","NITE-CHRIP"
"15968-05-5","２，２’，６，６’－テトラクロロビフェニル","対象物","該当","","","","?","","","","","要確認","","","第一種特定","","","","","","NITE-CHRIP"
"15972-60-8","２－クロロ－２’，６’－ジエチル－Ｎ－（メトキシメチル）アセトアニリド","対象物","該当","","","","","","","","","要確認","","","","","","","","","NITE-CHRIP"
"15977-81-8","ｃｉｓ－塩化テトラアンミンビス（ニトリト－Ｎ）コバルト","対象物","該当","","","","?","","","","","要確認","","","","","","","","","NITE-CHRIP"
"16037-50-6","塩化クロム酸カリウム","対象物","該当","","","","?","","","","","要確認","","","","","","","","","NITE-CHRIP"
"16038-76-9","亜リン酸鉛（１：？）","対象物","","","","","","","","","","要確認","","","","","","","","","NITE-CHRIP"
"16039-64-8","二カリウム＝ビス［μ－（２，３－ジオキシド－１κＯ（２），２κＯ（３）－スクシナト－１κＯ（１），２κＯ（４））］ジアンチモナート（２－）三水和物（立体異性体）","対象物","","","","","","","","","","要確認","","","","","","","","","NITE-CHRIP"
"16040-38-3","リン酸鉛","対象物","","","","","","","","","","要確認","","","","","","","","","NITE-CHRIP"
"16051-77-7","１，４：３，６－ジアンヒドロ－５－Ｏ－ニトロ－Ｄ－グルシトール","対象物","","","","","","","","","","","","","","","","","","","NITE-CHRIP"
"16071-86-6","二ナトリウム＝（３－｛［３－（｛４’－［（３－カルボキシラト－４－ヒドロキシフェニル）ジアゼニル］ビフェニル－４－イル｝ジアゼニル）－４－ヒドロキシ－２－オキシド－κＯ－フェニル］ジアゼニル－κＮ（２）｝－４－オキシド－κＯ－ベンゼンスルホナト）クプラート（２－）","対象物","","該当","","","","","","","","","","","","","","","","","NITE-CHRIP"
"16090-02-1","ジナトリウム＝２，２’－ビニレンビス［５－（４－モルホリノ－６－アニリノ－１，３，５－トリアジン－２－イルアミノ）ベンゼンスルホナート］","対象物","","","","","","","","","","要確認","","","","","","","","","NITE-CHRIP"
"16091-18-2","２，２－ジオクチル－１，３，２－ジオキサスタネピン－４，７－ジオン","対象物","","","","","","","","","","要確認","","","","","","","","","NITE-CHRIP"
"16122-03-5","トリクロロニッケル酸（１－）アンモニウム六水和物","対象物","該当","","","","?","","","","","要確認","","","","","","","","","NITE-CHRIP"
"16122-27-3","ビス（トリフェニルスズ）フマル酸塩","対象物","","","","","","","","","","要確認","","","","","","","","","NITE-CHRIP"
"16180-04-4","リン酸鉛","対象物","","","","","","","","","","要確認","","","","","","","","","NITE-CHRIP"
"16219-75-3","５－エチリデン－２－ノルボルネン","対象物","該当","","該当","該当","","","","","","要確認","","","","","","","","","NITE-CHRIP"
"16289-82-0","モリブデン酸アンモニウム（（ＮＨ４）２Ｍｏ３Ｏ１０）","対象物","","","","","","","","","","要確認","","","","","","","","","NITE-CHRIP"
"16337-84-1","炭酸ニッケル","対象物","該当","","","","?","","","","","要確認","","","","","","","","","NITE-CHRIP"
"16372-96-6","３，５－ジブロモビフェニル","対象物","","","","","","","","","","","","","","","","","","","NITE-CHRIP"
"16400-50-3","３，３’，５，５’－テトラブロモビフェニル","対象物","","","","","","","","","","","","","","","","","","","NITE-CHRIP"
"16400-51-4","３，３’－ジブロモビフェニル","対象物","","","","","","","","","","","","","","","","","","","NITE-CHRIP"
"16413-88-0","テトラエチニルスタンナン","対象物","","","","","","","","","","要確認","","","","","","","","","NITE-CHRIP"
"16432-37-4","［［２，２’－スルホニルビス［４－（１，１，３，３－テトラメチルブチル）フェノラト－Ｏ］］（２－）］ニッケル","対象物","該当","","","","?","","","","","要確認","","","","","","","","","NITE-CHRIP"
"16450-50-3","Diantimony lead tetroxide","対象物","","","","","","","","","","要確認","","","","","","","","","NITE-CHRIP"
"16469-22-0","水酸化イットリウム","対象物","","","","","","","","","","","","","","","","","","","NITE-CHRIP"
"16565-94-9","クロム酸ランタン（ＩＩＩ）","対象物","該当","","","","?","","","","","要確認","","","","","","","","","NITE-CHRIP"
"16569-85-0","クロム酸マグネシウム・五水和物","対象物","該当","","","","?","","","","","要確認","","","","","","","","","NITE-CHRIP"
"16569-86-1","クロム酸ランタン（ＩＩＩ）・七水和物","対象物","該当","","","","?","","","","","要確認","","","","","","","","","NITE-CHRIP"
"16569-87-2","クロム酸ネオジム（ＩＩＩ）・七水和物","対象物","該当","","","","?","","","","","要確認","","","","","","","","","NITE-CHRIP"
"16593-57-0","三臭化カドミウムルビジウム","対象物","該当","","","","?","","","","","要確認","","","","","","","","","NITE-CHRIP"
"16595-80-5","（Ｓ）－６－フェニル－２，３，５，６－テトラヒドロイミダゾ［２，１－ｂ］［１，３］チアゾール一塩酸塩","対象物","","","","","","","","","","","","","","","","","","","NITE-CHRIP"
"16605-91-7","２，３－ジクロロビフェニル","対象物","該当","","","","?","","","","","要確認","","","第一種特定","","","","","","NITE-CHRIP"
"16606-02-3","２，４’，５－トリクロロビフェニル","対象物","該当","","","","?","","","","","要確認","","","第一種特定","","","","","","NITE-CHRIP"
"16671-27-5","フッ化クロム（ＩＩＩ）・三水和物","対象物","","","","","","","","","","要確認","","","","","","","","","NITE-CHRIP"
"16672-87-0","２－クロロエチルホスホン酸","対象物","該当","","","","","","","","","","","","","","","","","","NITE-CHRIP"
"16721-80-5","ナトリウム＝ヒドロスルフィド","対象物","該当","","","","","","","","","","","","","","","","","","NITE-CHRIP"
"16747-25-4","２，２，３－トリメチルヘキサン","対象物","","","","","","","","","","","","","","","","","","","NITE-CHRIP"
"16747-26-5","２，２，４－トリメチルヘキサン","対象物","","","","","","","","","","","","","","","","","","","NITE-CHRIP"
"16747-28-7","２，２，３－トリメチルヘキサン","対象物","","","","","","","","","","","","","","","","","","","NITE-CHRIP"
"16747-30-1","２，４，４－トリメチルヘキサン","対象物","","","","","","","","","","","","","","","","","","","NITE-CHRIP"
"16747-31-2","３，３，４－トリメチルヘキサン","対象物","","","","","","","","","","","","","","","","","","","NITE-CHRIP"
"16747-32-3","３－エチル－２，２－ジメチルペンタン","対象物","","","","","","","","","","","","","","","","","","","NITE-CHRIP"
"16747-33-4","３－エチル－２，３－ジメチルペンタン","対象物","","","","","","","","","","","","","","","","","","","NITE-CHRIP"
"16747-38-9","２，３，３，４－テトラメチルペンタン","対象物","","","","","","","","","","","","","","","","","","","NITE-CHRIP"
"16752-77-5","６－メチル－４－オキサ－７－チア－２，５－ジアザオクタ－５－エン－３－オン","対象物","該当","","該当","","","","","","","要確認","","","","","","","","","NITE-CHRIP"
"16789-46-1","３－エチル－２－メチルヘキサン","対象物","","","","","","","","","","","","","","","","","","","NITE-CHRIP"
"16812-54-7","硫化ニッケル（ＩＩ）","対象物","該当","","","","?","","","","","要確認","","","","","","","","","NITE-CHRIP"
"16853-85-3","水素化リチウムアルミニウム","対象物","該当","","","","","","","","","","","","","","","","","","NITE-CHRIP"
"16871-71-9","六フッ化ケイ酸亜鉛","対象物","","","","","","","","","","要確認","","","","","","","","","NITE-CHRIP"
"16871-90-2","ヘキサフルオリドケイ酸（２－）二カリウム","対象物","","","","","","","","","","","","","","","","","","","NITE-CHRIP"
"16872-11-0","四フッ化ホウ酸（ＨＢＦ４）","対象物","該当","","","","","","","","","要確認","","","","","","","","","NITE-CHRIP"
"16893-14-4","Diammonium hexachlorotellurate(2-)","対象物","","","","","","","","","","要確認","","","","","","","","","NITE-CHRIP"
"16893-85-9","六フッ化ケイ酸ナトリウム","対象物","","","","","","","","","","","","","","","","","","","NITE-CHRIP"
"16893-92-8","ヘキサフルオロアンチモン酸カリウム","対象物","","","","","","","","","","要確認","","","","","","","","","NITE-CHRIP"
"16903-35-8","（ＳＰ－４－１）－テトラクロリド金酸（１－）水素","対象物","該当","","","","","","","","","","","","","","","","","","NITE-CHRIP"
"16919-19-0","六フッ化ケイ酸アンモニウム","対象物","","","","","","","","","","","","","","","","","","","NITE-CHRIP"
"16919-31-6","六フッ化ジルコニウム酸アンモニウム","対象物","","","","","","","","","","","","","","","","","","","NITE-CHRIP"
"16919-58-7","（ＯＣ－６－１１）－ジアンモニウム＝ヘキサクロリドプラチナート（２－）","対象物","該当","","","","","","","","","","","","","","","","","","NITE-CHRIP"
"16923-58-3","六塩化白金酸二ナトリウム","対象物","該当","","","","","","","","","","","","","","","","","","NITE-CHRIP"
"16923-64-1","四フッ化ベリリウム酸二水素","対象物","該当","","","","?","","","","","要確認","","","","","","","","","NITE-CHRIP"
"16925-25-0","ヘキサフルオロアンチモン酸ナトリウム","対象物","","","","","","","","","","要確認","","","","","","","","","NITE-CHRIP"
"16940-66-2","四水素化ホウ素ナトリウム","対象物","該当","","","","","","","","","要確認","","","","","","","","","NITE-CHRIP"
"16940-81-1","ヘキサフルオロリン酸","対象物","","","","","","","","","","","","","","","","","","","NITE-CHRIP"
"16941-12-1","（ＯＣ－６－１１）－ヘキサクロリド白金酸（２－）二水素","対象物","該当","","","","","","","","","","","","","","","","","","NITE-CHRIP"
"16949-65-8","六フッ化ケイ酸マグネシウム","対象物","","","","","","","","","","","","","","","","","","","NITE-CHRIP"
"16950-06-4","ヘキサフルオロアンチモン酸","対象物","","","","","","","","","","要確認","","","","","","","","","NITE-CHRIP"
"16961-83-4","ケイフッ化水素酸","対象物","該当","","","","","","","","","","","","","","","","","","NITE-CHRIP"
"17009-27-7","硫酸ルビジウムマンガン（ＩＩ）・六水和物","対象物","該当","","","","?","","","","","要確認","","","","","","","","","NITE-CHRIP"
"17010-21-8","ヘキサフルオロケイ酸カドミウム","対象物","該当","","","","?","","","","","要確認","","","","","","","","","NITE-CHRIP"
"17014-71-0","過酸化カリウム","対象物","","","","該当","","","","","","","","","","","","","","","NITE-CHRIP"
"17022-86-5","フッ化セシウム・３／２水和物","対象物","","","","","","","","","","要確認","","","","","","","","","NITE-CHRIP"
"17029-22-0","ヘキサフルオロヒ酸カリウム","対象物","該当","","","","?","","","","","要確認","","","","","","","","","NITE-CHRIP"
"17030-01-2","パルミチン酸ニッケル","対象物","該当","","","","?","","","","","要確認","","","","","","","","","NITE-CHRIP"
"17036-31-6","（Ｚ，Ｚ）－４，４’－［（ジブチルスタニレン）ビス（オキシ）］ビス［４－オキソ－２－ブテン酸］ジオクチル","対象物","","","","","","","","","","要確認","","","","","","","","","NITE-CHRIP"
"17068-86-9","六フッ化ヒ酸カルシウム","対象物","該当","","","","?","","","","","要確認","","","","","","","","","NITE-CHRIP"
"17090-79-8","モネンシン","対象物","該当","","","","","","","","","","","","","","","","","","NITE-CHRIP"
"17095-24-8","リアクティブ　ブラック－５","対象物","該当","","","","","","","","","","","","","","","","","","NITE-CHRIP"
"17109-49-8","ジチオリン酸Ｏ－エチル－Ｓ，Ｓ－ジフェニル","対象物","","","","","","","","","","","","","","","","","","","NITE-CHRIP"
"17112-43-5","Dihydrogen hexachlorotellurate(2-)","対象物","","","","","","","","","","要確認","","","","","","","","","NITE-CHRIP"
"17125-80-3","ヘキサフルオリドケイ酸（２－）バリウム","対象物","","","","","","","","","","","","","","","","","","","NITE-CHRIP"
"17141-63-8","硝酸マンガン（ＩＩ）・六水和物","対象物","該当","","","該当","?","","","","","要確認","","","","","","","","","NITE-CHRIP"
"17192-54-0","トリクロロスズ（ＩＩ）酸カリウム","対象物","","","","","","","","","","","","","","","","","","","NITE-CHRIP"
"17194-00-2","水酸化バリウム","対象物","","","","","","","","","","","","","","","","","","","NITE-CHRIP"
"17209-76-6","ビス（｛３－［（ブトキシ）カルボニル］アクリロイル｝オキシ）（ジブチル）スタンナン","対象物","","","","","","","","","","要確認","","","","","","","","","NITE-CHRIP"
"17220-70-1","アンチモン酸ニッケル（Ｎｉ（ＳｂＯ３）２）","対象物","該当","","","","?","","","","","要確認","","","","","","","","","NITE-CHRIP"
"17313-85-8","トリブチル［（オキソボリル）オキシ］スタンナン","対象物","","","","","","","","","","要確認","","","","","","","","","NITE-CHRIP"
"17375-31-4","安息香酸コバルト（１：？）","対象物","","","","","","","","","","要確認","","","","","","","","","NITE-CHRIP"
"17375-37-0","炭酸マンガン（１：？）","対象物","該当","","","","?","","","","","要確認","","","","","","","","","NITE-CHRIP"
"17381-88-3","ジアリル（ジブロモ）スタンナン","対象物","","","","","","","","","","要確認","","","","","","","","","NITE-CHRIP"
"17392-83-5","乳酸メチル","対象物","","","","","","","","","","","","","","","","","","","NITE-CHRIP"
"17409-91-5","リン酸コバルト","対象物","該当","","","","?","","","","","要確認","","","","","","","","","NITE-CHRIP"
"17480-26-1","シュウ酸のスズ（２＋）塩","対象物","","","","","","","","","","","","","","","","","","","NITE-CHRIP"
"17540-75-9","４－ｓｅｃ－ブチル－２，６－ジ－ｔｅｒｔ－ブチルフェノール","対象物","該当","","","","","","","","","","","","","","","","","","NITE-CHRIP"
"17557-23-2","２，２－ジメチル－１，３－ビス（オキシラン－２－イルメトキシ）プロパン","対象物","該当","","","","","","","","","","","","","","","","","","NITE-CHRIP"
"17563-48-3","ブチル（ジエチル）（ヨード）スタンナン","対象物","","","","","","","","","","要確認","","","","","","","","","NITE-CHRIP"
"17578-54-0","ジベンジル［ビス（ドデカノイルオキシ）］スタンナン","対象物","","","","","","","","","","要確認","","","","","","","","","NITE-CHRIP"
"17586-94-6","ビス（アセチルオキシ）（ジオクチル）スタンナン","対象物","","","","","","","","","","要確認","","","","","","","","","NITE-CHRIP"
"17601-12-6","ビス（４－フェノキシフェニル）（ジフェニル）スタンナン","対象物","","","","","","","","","","要確認","","","","","","","","","NITE-CHRIP"
"17639-93-9","メチル　２－クロロプロピオネート","対象物","","","","該当","","","","","","","","","","","","","","","NITE-CHRIP"
"17689-77-9","エチルトリアセトキシシラン","対象物","該当","","","","","","","","","","","","","","","","","","NITE-CHRIP"
"17697-12-0","ベンゼンセレニン酸無水物","対象物","","","","","","","","","","要確認","","","","","","","","","NITE-CHRIP"
"17702-41-9","デカボラン（１４）","対象物","該当","","","","","","","","","要確認","","","","","","","","","NITE-CHRIP"
"17756-81-9","２－クロロ－Ｎ－（２－シアノエチル）アセトアミド","対象物","","","","","","","","","","","","","","","","","","","NITE-CHRIP"
"17796-82-6","Ｎ－（シクロヘキサン－１－イルスルファニル）フタルイミド","対象物","該当","","","","","","","","","要確認","","","","","","","","","NITE-CHRIP"
"17804-35-2","Ｎ－［１－（Ｎ－ｎ－ブチルカルバモイル）－１Ｈ－２－ベンゾイミダゾリル］カルバミン酸メチル","対象物","該当","","該当","","","","","","","要確認","","","","","","","","","NITE-CHRIP"
"17856-92-7","ヘキサフルオロアンチモン酸ニトリル","対象物","","","","","","","","","","要確認","","","","","","","","","NITE-CHRIP"
"17869-84-0","トリエチル［３－（メトキシメトキシ）プロパ－１－イン－１－イル］スタンナン","対象物","","","","","","","","","","要確認","","","","","","","","","NITE-CHRIP"
"17869-91-9","｛１－［（ブタ－３－イン－１－イル）オキシ］－２，２，２－トリクロロエトキシ｝（トリエチル）スタンナン","対象物","","","","","","","","","","要確認","","","","","","","","","NITE-CHRIP"
"17901-48-3","（ｃｉｓ，ｔｒａｎｓ）－メチレンジシクロヘキサン－４，１－ジイルジイソシアナート","対象物","","","","","","","","","","","","","","","","","","","NITE-CHRIP"
"17973-82-9","１，３－ジクロロ－１，１，３，３－テトラエチルジスタンノキサン","対象物","","","","","","","","","","要確認","","","","","","","","","NITE-CHRIP"
"17977-68-3","トリベンジル（ホルミルオキシ）スタンナン","対象物","","","","","","","","","","要確認","","","","","","","","","NITE-CHRIP"
"17985-63-6","６，６－ジビニル－２，５，７，１０－テトラオキサ－６－シラウンデカン","対象物","","","","","","","","","","","","","","","","","","","NITE-CHRIP"
"18127-01-0","３－（４－ｔｅｒｔ－ブチルフェニル）プロパナール","対象物","該当","","","","","","","","","要確認","","","","","","","","","NITE-CHRIP"
"18130-42-2","シュウ酸のコバルト塩（１：？）","対象物","","","","","","","","","","要確認","","","","","","","","","NITE-CHRIP"
"18259-05-7","２，３，４，５，６－ペンタクロロビフェニル","対象物","該当","","","","?","","","","","要確認","","","第一種特定","","","","","","NITE-CHRIP"
"18279-21-5","ビス（アセチルオキシ）（ジヘキシル）プルンバン","対象物","","","","","","","","","","要確認","","","","","","","","","NITE-CHRIP"
"18282-10-5","酸化スズ（ＩＶ）","対象物","","","","","","","","","","","","","","","","","","","NITE-CHRIP"
"18292-97-2","２－メチル－１，３，４－トリニトロベンゼン","対象物","","","","","","","","","","","","","","","","","","","NITE-CHRIP"
"18380-71-7","トリフェニルスタンニル＝２，２，４，４－テトラメチルペンタノアート","対象物","","","","","","","","","","要確認","","","","","","","","","NITE-CHRIP"
"18380-72-8","トリフェニルスタンニル＝２－イソプロピル－２，３－ジメチルブタノアート","対象物","","","","","","","","","","要確認","","","","","","","","","NITE-CHRIP"
"18403-67-3","ビス（２－エチルヘキシル）＝４，４，１１，１１－テトラブチル－６，９－ジオキソ－５，１０－ジオキサ－３，１２－ジチア－４，１１－ジスタンナテトラデカ－７－エン－１，１４－ジオアート","対象物","","","","","","","","","","要確認","","","","","","","","","NITE-CHRIP"
"18433-42-6","六フッ化ケイ酸亜鉛・六水和物","対象物","","","","","","","","","","要確認","","","","","","","","","NITE-CHRIP"
"18454-12-1","クロム酸鉛オキシド","対象物","該当","","","","?","","","","","要確認","","","","","","","","","NITE-CHRIP"
"18488-96-5","亜硝酸コバルト（ＩＩ）","対象物","該当","","","","?","","","","","要確認","","","","","","","","","NITE-CHRIP"
"18532-52-0","三塩化カドミウムアンモニウム","対象物","該当","","","","?","","","","","要確認","","","","","","","","","NITE-CHRIP"
"18532-58-6","三塩化カドミウムルビジウム","対象物","該当","","","","?","","","","","要確認","","","","","","","","","NITE-CHRIP"
"18642-20-1","フッ化ニッケル","対象物","該当","","","","?","","","","","要確認","","","","","","","","","NITE-CHRIP"
"18653-83-3","アミドスルホン酸スズ（ＩＩ）","対象物","","","","","","","","","","","","","","","","","","","NITE-CHRIP"
"18662-53-8","トリナトリウム＝２，２’，２’’－ニトリロトリスアセタート一水和物","対象物","","該当","","","","","","","","要確認","","","","","","","","","NITE-CHRIP"
"18718-07-5","リン酸マンガン","対象物","該当","","","","?","","","","","要確認","","","","","","","","","NITE-CHRIP"
"18718-10-0","リン酸コバルト","対象物","該当","","","","?","","","","","要確認","","","","","","","","","NITE-CHRIP"
"18718-11-1","酸性リン酸ニッケル（ＩＩ）","対象物","該当","","","","?","","","","","要確認","","","","","","","","","NITE-CHRIP"
"18755-43-6","ジメチル＝プロピルホスホナート","対象物","","","","","","","","","","","","","","","","","","","NITE-CHRIP"
"18756-97-3","ニッケル（２＋）＝二ナトリウム＝ビス［（２Ｒ，３Ｒ）－タルトラート］","対象物","該当","","","","?","","","","","要確認","","","","","","","","","NITE-CHRIP"
"18809-57-9","４－エチルメルカプトフェニル－Ｎ－メチルカルバメート","対象物","","","","","","","","","","","","","","","","","","","NITE-CHRIP"
"18810-58-7","アジ化バリウム（ＩＩ）","対象物","","","","該当","","","","","","","","","","","","","","","NITE-CHRIP"
"18820-29-6","硫化マンガン（ＩＩ）","対象物","該当","","","","?","","","","","要確認","","","","","","","","","NITE-CHRIP"
"18824-11-8","２，２－ジブチル－１，３，８，１１－テトラオキサ－２－スタンナシクロペンタデカ－５，１３－ジエン－４，７，１２，１５－テトラオン","対象物","","","","","","","","","","要確認","","","","","","","","","NITE-CHRIP"
"18854-01-8","チオリン酸Ｏ，Ｏ－ジエチル－Ｏ－（５－フェニル－３－イソオキサゾリル）","対象物","","","","","","","","","","要確認","","","","","","","","","NITE-CHRIP"
"18883-66-4","２－デオキシ－２－（３－メチル－３－ニトロソウレイド）－Ｄ－グルコース","対象物","","","","","","","","","","","","","","","","","","","NITE-CHRIP"
"18933-05-6","水酸化マンガン（ＩＩ）","対象物","該当","","","","?","","","","","要確認","","","","","","","","","NITE-CHRIP"
"18937-00-3","（ｃｉｓ，ｃｉｓ）－メチレンジシクロヘキサン－４，１－ジイルジイソシアナート","対象物","","","","","","","","","","","","","","","","","","","NITE-CHRIP"
"18961-66-5","ジブチル［ビス（｛（Ｚ）－３－［（ノニルオキシ）カルボニル］アクリロイル｝オキシ）］スタンナン","対象物","","","","","","","","","","要確認","","","","","","","","","NITE-CHRIP"
"18972-56-0","六フッ化ケイ酸マグネシウム・六水和物","対象物","該当","","","","","","","","","","","","","","","","","","NITE-CHRIP"
"18984-32-2","Ｎ－メチルジチオカルバミン酸亜鉛","対象物","","","","","","","","","","","","","","","","","","","NITE-CHRIP"
"18984-98-0","ビス（ヒドロキシ酢酸）ニッケル","対象物","該当","","","","?","","","","","要確認","","","","","","","","","NITE-CHRIP"
"18991-05-4","フェノールカドミウム塩","対象物","該当","","","","?","","","","","要確認","","","","","","","","","NITE-CHRIP"
"18994-66-6","ナトリウム＝二水素＝ニトリロトリアセタート","対象物","","該当","","","","","","","","要確認","","","","","","","","","NITE-CHRIP"
"19106-33-3","ヘプタン酸コバルト（１：？）","対象物","","","","","","","","","","要確認","","","","","","","","","NITE-CHRIP"
"19154-31-5","三水素＝ビス｛３－オキシド－κＯ－４－［（２－オキシド－κＯ－１－ナフチル）ジアゼニル－κＮ（１）］ナフタレン－１－スルホナト｝クロマート（３－）","対象物","","","","","","","","","","要確認","","","","","","","","","NITE-CHRIP"
"19173-71-8","テトラアンミンジクロロコバルト","対象物","該当","","","","?","","","","","要確認","","","","","","","","","NITE-CHRIP"
"19192-71-3","オレイン酸コバルト（ＩＩ）","対象物","","","","","","","","","","要確認","","","","","","","","","NITE-CHRIP"
"19269-42-2","４，４－ジオクチル－１，３，２，４－ジオキサホスファスタンネタン＝２－オキシド","対象物","","","","","","","","","","要確認","","","","","","","","","NITE-CHRIP"
"19287-45-7","ジボラン（６）","対象物","該当","","該当","該当","","","","","","要確認","","","","","","","","","NITE-CHRIP"
"19398-61-9","２，５－ジクロロトルエン","対象物","","","","","","","","","","","","","","","","","","","NITE-CHRIP"
"19408-74-3","１，２，３，７，８，９－ヘキサクロロオキサントレン","対象物","","","","","","","","","","","","","","","","","","","NITE-CHRIP"
"19423-89-3","鉛（２＋）＝ジアゼンビス（オラート）","対象物","","","","","","","","","","要確認","","","","","","","","","NITE-CHRIP"
"19429-30-2","ジクロロビス（１，１－ジメチルエチル）スズ","対象物","","","","","","","","","","要確認","","","","","","","","","NITE-CHRIP"
"19430-93-4","３，３，４，４，５，５，６，６，６－ノナフルオロ－１－ヘキセン","対象物","","","","該当","","","","","","","","","","","","","","","NITE-CHRIP"
"19464-55-2","（アセチルオキシ）（トリイソプロピル）スタンナン","対象物","","","","","","","","","","要確認","","","","","","","","","NITE-CHRIP"
"19512-14-2","硫酸クロム（ＩＩＩ）・十六水和物","対象物","","","","","","","","","","要確認","","","","","","","","","NITE-CHRIP"
"19624-22-7","ペンタボラン（９）","対象物","該当","","","","","","","","","要確認","","","","","","","","","NITE-CHRIP"
"19632-45-2","（ＯＣ－６－２１）－［（エチレンジニトリロ－κ（２）Ｎ，Ｎ’）テトラキス（アセタト－κＯ）］スタンナート（２－）","対象物","","","","","","","","","","","","","","","","","","","NITE-CHRIP"
"19666-30-9","５－ｔｅｒｔ－ブチル－３－（２，４－ジクロロ－５－イソプロポキシフェニル）－１，３，４－オキサジアゾール－２（３Ｈ）－オン","対象物","","","","","","","","","","要確認","","","","","","","","","NITE-CHRIP"
"19704-60-0","ジブチル［ビス（ヘキサノイルオキシ）］スタンナン","対象物","","","","","","","","","","要確認","","","","","","","","","NITE-CHRIP"
"19706-58-2","（Ｚ，Ｚ）－４，４’－［（ジブチルスタニレン）ビス（オキシ）］ビス［４－オキソ－２－ブテン酸］ジヘキサデシル","対象物","","","","","","","","","","要確認","","","","","","","","","NITE-CHRIP"
"19715-19-6","３，５－ジ－ｔｅｒｔ－ブチル－２－ヒドロキシ安息香酸","対象物","","","","","","","","","","","","","","","","","","","NITE-CHRIP"
"19750-95-9","Ｎ－｛［（４－クロロ－２－メチルフェニル）イミノ］メチル｝ジメチルアミン一塩酸塩","対象物","","","","","","","","","","","","","","","","","","","NITE-CHRIP"
"19783-14-3","水酸化鉛（ＩＩ）","対象物","","該当","","","","","","","","要確認","","","","","","","","","NITE-CHRIP"
"20004-12-0","４，４－ジブチル－７－オキソ－８－オキサ－３，５－ジチア－４－スタンナエイコサン酸ドデシル","対象物","","","","","","","","","","要確認","","","","","","","","","NITE-CHRIP"
"20018-09-1","ジヨードメチル－ｐ－トリルスルホン","対象物","","","","","","","","","","","","","","","","","","","NITE-CHRIP"
"20033-08-3","三酸化マンガン","対象物","該当","","","","?","","","","","要確認","","","","","","","","","NITE-CHRIP"
"20039-37-6","二クロム酸ジピリジニウム","対象物","該当","","","","?","","","","","要確認","","","","","","","","","NITE-CHRIP"
"20109-59-5","ナトリウム＝トリデカフルオロヘプタノアート","対象物","","","","","","","","","","","","","","","","","","","NITE-CHRIP"
"20153-49-5","フルオロ（トリペンチル）スタンナン","対象物","","","","","","","","","","要確認","","","","","","","","","NITE-CHRIP"
"20153-50-8","フルオロ（トリヘキシル）スタンナン","対象物","","","","","","","","","","要確認","","","","","","","","","NITE-CHRIP"
"20249-62-1","［［Ｎ，Ｎ’－１，２－エタンジイルビス［Ｎ－（カルボキシメチル）グリシナト］］（４－）－Ｎ，Ｎ’，Ｏ，Ｏ’，ＯＮ，ＯＮ’］ニッケル酸二水素・一水和物","対象物","該当","","","","?","","","","","要確認","","","","","","","","","NITE-CHRIP"
"20258-69-9","ジブチルビス［（３－カルボキシアクリロイル）オキシ］［ビス（α－メチルベンジル）］スズ","対象物","","","","","","","","","","要確認","","","","","","","","","NITE-CHRIP"
"20258-71-3","（４－メチルフェニル）メチル＝（２Ｚ，９Ｚ）－１３－（４－メチルフェニル）－６，６－ジオクチル－４，８，１１－トリオキソ－５，７，１２－トリオキサ－６－スタンナトリデカ－２，９－ジエノアート","対象物","","","","","","","","","","要確認","","","","","","","","","NITE-CHRIP"
"20298-69-5","ｒｅｌ－（１Ｒ，２Ｒ）－２－ｔｅｒｔ－ブチルシクロヘキシル＝アセタート","対象物","","","","","","","","","","要確認","","","","","","","","","NITE-CHRIP"
"20324-32-7","１－［（１－メトキシプロパン－２－イル）オキシ］プロパン－２－オール","対象物","","","","","","","","","","","","","","","","","","","NITE-CHRIP"
"20324-33-8","１－（｛１－［（１－メトキシプロパン－２－イル）オキシ］プロパン－２－イル｝オキシ）プロパン－２－オール","対象物","","","","","","","","","","","","","","","","","","","NITE-CHRIP"
"20325-40-0","３，３’－ジメトキシビフェニル－４，４’－ジアミン二塩酸塩","対象物","該当","","","","?","","","","","","","","","","","","","","NITE-CHRIP"
"20332-10-9","ジフェニル（スルファニリデン）スタンナン","対象物","","","","","","","","","","要確認","","","","","","","","","NITE-CHRIP"
"20334-43-4","Dimethyl ditelluride","対象物","","","","","","","","","","要確認","","","","","","","","","NITE-CHRIP"
"20427-59-2","水酸化銅（ＩＩ）","対象物","","","","","","","","","","","","","","","","","","","NITE-CHRIP"
"20437-10-9","（ＳＰ－４－２）－｛１，１’－［１，２－フェニレンビス（アザニリリデン－κＮ－メタニリリデン）］ビス（ナフタレン－２－オラト－κＯ）｝ニッケル","対象物","該当","","","","?","","","","","要確認","","","","","","","","","NITE-CHRIP"
"20451-90-5","（２，２－ジメチルプロパノイルオキシ）（トリフェニル）スタンナン","対象物","","","","","","","","","","要確認","","","","","","","","","NITE-CHRIP"
"20467-91-8","スルファミン酸ニッケル","対象物","該当","","","","?","","","","","要確認","","","","","","","","","NITE-CHRIP"
"20543-06-0","シュウ酸ニッケル（１：？）","対象物","該当","","","","?","","","","","要確認","","","","","","","","","NITE-CHRIP"
"20556-89-2","ジブチルビス［［４－（１，１－ジメチルエチル）ベンゾイル］オキシ］スズ","対象物","","","","","","","","","","要確認","","","","","","","","","NITE-CHRIP"
"20571-45-3","ホウ酸カドミウム","対象物","該当","","","","?","","","","","要確認","","","","","","","","","NITE-CHRIP"
"20597-89-1","２，２’－チオビス（ｐ－オクチルフェノレート）－ｎ－ブチルアミンニッケル","対象物","該当","","","","?","","","","","要確認","","","","","","","","","NITE-CHRIP"
"20601-83-6","セレン化水銀（ＩＩ）","対象物","該当","","","","?","","","","","要確認","","","","","","","","","NITE-CHRIP"
"20661-21-6","水酸化インジウム（ＩＩＩ）","対象物","該当","","","","?","","","","","要確認","","","","","","","","","NITE-CHRIP"
"20694-39-7","硝酸マンガン（ＩＩ）・四水和物","対象物","該当","","","該当","?","","","","","要確認","","","","","","","","","NITE-CHRIP"
"20694-56-8","リン酸インジウム（１：？）","対象物","","","","","","","","","","要確認","","","","","","","","","NITE-CHRIP"
"20712-47-4","硫酸亜鉛タリウム（Ｉ）・六水和物","対象物","","","","","","","","","","要確認","","","","","","","","","NITE-CHRIP"
"20730-46-5","テルル酸ナトリウム","対象物","","","","","","","","","","要確認","","","","","","","","","NITE-CHRIP"
"20768-68-7","水酸化ベリリウム","対象物","該当","","","","?","","","","","要確認","","","","","","","","","NITE-CHRIP"
"20816-12-0","四酸化オスミウム","対象物","該当","","","","","","","","","","","","","","","","","","NITE-CHRIP"
"20837-86-9","シアナミドと鉛の塩（１：１）","対象物","","","","","","","","","","要確認","","","","","","","","","NITE-CHRIP"
"20859-73-8","リン化アルミニウム","対象物","","","","","","","","","","要確認","","","","","","","","","NITE-CHRIP"
"20890-10-2","シアナミド鉛","対象物","","","","","","","","","","要確認","","","","","","","","","NITE-CHRIP"
"20908-85-4","硫酸タリウム（Ｉ）銅（ＩＩ）・六水和物","対象物","","","","","","","","","","要確認","","","","","","","","","NITE-CHRIP"
"20941-65-5","テトラキス（Ｎ，Ｎ－ジエチルカルバモジチオアト－Ｓ，Ｓ’）テルル","対象物","","","","","","","","","","要確認","","","","","","","","","NITE-CHRIP"
"20959-56-2","過マンガン酸リチウム・三水和物","対象物","該当","","","","?","","","","","要確認","","","","","","","","","NITE-CHRIP"
"20961-09-5","（４－ブロモフェノキシ）（トリエチル）スタンナン","対象物","","","","","","","","","","要確認","","","","","","","","","NITE-CHRIP"
"21006-73-5","テトラフェニルアルソニウム＝クロリド一塩酸塩","対象物","該当","","","","?","","","","","","","","","","","","","","NITE-CHRIP"
"21041-93-0","水酸化コバルト（ＩＩ）","対象物","該当","","","","?","","","","","要確認","","","","","","","","","NITE-CHRIP"
"21041-95-2","水酸化カドミウム","対象物","該当","該当","","","?","","","","","要確認","","","","","","","","","NITE-CHRIP"
"21049-36-5","カリウム＝トリデカフルオロヘプタノアート","対象物","","","","","","","","","","","","","","","","","","","NITE-CHRIP"
"21087-64-9","４－アミノ－６－ｔｅｒｔ－ブチル－３－（メチルスルファニル）－１，２，４－トリアジン－５（４Ｈ）－オン","対象物","","","","","","","","","","要確認","","","","","","","","","NITE-CHRIP"
"21093-83-4","ヒ酸水素二カリウム","対象物","該当","","","","?","","","","","要確認","","","","","","","","","NITE-CHRIP"
"21109-95-5","硫化バリウム","対象物","","","","","","","","","","","","","","","","","","","NITE-CHRIP"
"21145-77-7","７－アセチル－１，１，３，４，４，６－ヘキサメチルテトラヒドロナフタレン","対象物","","","","","","","","","","","","","","","","","","","NITE-CHRIP"
"21324-40-3","ヘキサフルオリドリン酸（１－）リチウム","対象物","","","","","","","","","","","","","","","","","","","NITE-CHRIP"
"21351-79-1","水酸化セシウム","対象物","該当","","","","","","","","","","","","","","","","","","NITE-CHRIP"
"21360-94-1","四塩化カドミウムナトリウム","対象物","該当","","","","?","","","","","要確認","","","","","","","","","NITE-CHRIP"
"21436-97-5","２，４，５－トリメチルアニリン一塩酸塩","対象物","","","","","","","","","","","","","","","","","","","NITE-CHRIP"
"21564-17-0","２－［（チオシアナトメチル）スルファニル］－１，３－ベンゾチアゾール","対象物","該当","","","","","","","","","","","","","","","","","","NITE-CHRIP"
"21609-90-5","メチル－（４－ブロム－２，５－ジクロルフェニル）－チオノベンゼンホスホネイト","対象物","","","","","","","","","","","","","","","","","","","NITE-CHRIP"
"21619-67-0","ジオクチル［ビス（プロピオニルオキシ）］スタンナン","対象物","","","","","","","","","","要確認","","","","","","","","","NITE-CHRIP"
"21651-19-4","酸化スズ（ＩＩ）","対象物","","","","","","","","","","","","","","","","","","","NITE-CHRIP"
"21679-46-9","トリ（アセチルアセトナト）コバルト","対象物","","","","","","","","","","要確認","","","","","","","","","NITE-CHRIP"
"21707-27-7","ビス（硫酸）ニッケル（ＩＩ）二タリウム（Ｉ）六水和物","対象物","該当","","","","?","","","","","要確認","","","","","","","","","NITE-CHRIP"
"21725-46-2","２－（４－クロロ－６－エチルアミノ－１，３，５－トリアジン－２－イル）アミノ－２－メチルプロピオノニトリル","対象物","","","","","","","","","","要確認","","","","","","","","","NITE-CHRIP"
"21843-46-9","ビス（アクリロイルオキシ）（ジブチル）スタンナン","対象物","","","","","","","","","","要確認","","","","","","","","","NITE-CHRIP"
"21883-56-7","Tellurium tetranitrate","対象物","","","","","","","","","","要確認","","","","","","","","","NITE-CHRIP"
"21892-63-7","ビス（ジフェニルアルサニル）メタン","対象物","該当","","","","?","","","","","","","","","","","","","","NITE-CHRIP"
"21908-53-2","酸化水銀（ＩＩ）","対象物","該当","","","","?","","","","","要確認","","","","","","","","","NITE-CHRIP"
"21941-99-1","ブチルトリヨードスズ","対象物","","","","","","","","","","要確認","","","","","","","","","NITE-CHRIP"
"21986-78-7","オクチル＝５，５，１１，１１－テトラブチル－９－オキソ－１０，１２－ジオキサ－４，６－ジチア－５，１１－ジスタンナイコサノアート","対象物","","","","","","","","","","要確認","","","","","","","","","NITE-CHRIP"
"21996-43-0","酢酸ニッケルとエチレンジアミンの錯塩","対象物","該当","","","","?","","","","","要確認","","","","","","","","","NITE-CHRIP"
"22022-70-4","ジブチル｛ビス［（２，２－ジメチルプロパノイル）オキシ］｝スタンナン","対象物","","","","","","","","","","要確認","","","","","","","","","NITE-CHRIP"
"22088-57-9","硫酸ルビジウムコバルト（ＩＩ）・六水和物","対象物","該当","","","","?","","","","","要確認","","","","","","","","","NITE-CHRIP"
"22205-26-1","ジオクチルビス［（１－オキソオクタデシル）オキシ］スズ","対象物","","","","","","","","","","要確認","","","","","","","","","NITE-CHRIP"
"22205-30-7","ビス（ドデシルチオ）ジオクチルスズ","対象物","","","","","","","","","","要確認","","","","","","","","","NITE-CHRIP"
"22205-45-4","硫化銅（Ｉ）","対象物","","","","","","","","","","","","","","","","","","","NITE-CHRIP"
"22224-92-6","エチル＝３－メチル－４－（メチルスルファニル）フェニル＝Ｎ－イソプロピルホスホロアミダート","対象物","該当","","該当","","","","","","","","","","","","","","","","NITE-CHRIP"
"22248-79-9","２－クロル－１－（２，４，５－トリクロルフェニル）ビニルジメチルホスフェート","対象物","該当","","","","","","","","","","","","","","","","","","NITE-CHRIP"
"22261-92-3","２－（メチルテラニル）安息香酸","対象物","","","","","","","","","","要確認","","","","","","","","","NITE-CHRIP"
"22262-19-7","ナトリウム＝２－（メチルテラニル）ベンゾアート","対象物","","","","","","","","","","要確認","","","","","","","","","NITE-CHRIP"
"22326-55-2","水酸化バリウム・一水和物","対象物","","","","","","","","","","","","","","","","","","","NITE-CHRIP"
"22373-78-0","ナトリウム＝（２Ｓ，３Ｒ，４Ｓ）－４－（（２Ｓ，５Ｒ，７Ｓ，８Ｒ，９Ｓ）－２－｛（２Ｓ，２’Ｒ，３’Ｓ，５Ｒ，５’Ｒ）－２－エチル－５’－［（２Ｓ，３Ｓ，５Ｒ，６Ｒ）－６－ヒドロキシ－６－（ヒドロキシメチル）－３，５－ジメチルオキサン－２－イル］－３’－メチル－２，２’－ビオキソラン－５－イル｝－９－ヒドロキシ－２，８－ジメチル－１，６－ジオキサスピロ［４．５］デカン－７－イル）－３－メトキシ－２－メチルペンタノアート","対象物","該当","","","","","","","","","","","","","","","","","","NITE-CHRIP"
"22398-80-7","リン化インジウム","対象物","該当","","","","?","","","","","要確認","","","","","","","","","NITE-CHRIP"
"22405-70-5","硝酸マンガン（ＩＩＩ）","対象物","該当","","","該当","?","","","","","要確認","","","","","","","","","NITE-CHRIP"
"22438-69-3","ケイ酸鉛","対象物","","","","","","","","","","要確認","","","","","","","","","NITE-CHRIP"
"22441-45-8","五塩化ヒ素","対象物","該当","","","","?","","","","","要確認","","","","","","","","","NITE-CHRIP"
"22451-06-5","亜テルル酸二ナトリウム五水和物","対象物","","","","","","","","","","要確認","","","","","","","","","NITE-CHRIP"
"22451-23-6","硫酸ルビジウムニッケル（ＩＩ）・六水和物","対象物","該当","","","","?","","","","","要確認","","","","","","","","","NITE-CHRIP"
"22465-18-5","硫酸カドミウム・八水和物","対象物","該当","","","","?","","","","","要確認","","","","","","","","","NITE-CHRIP"
"22506-53-2","３，９－ジニトロフルオランテン","対象物","","","","","","","","","","","","","","","","","","","NITE-CHRIP"
"22535-42-8","（Ｚ，Ｚ）－４，４－［（ジブチルスタニレン）ビス（オキシ）］ビス（４－オキソ－２－ブテン酸）ジイソプロピル","対象物","","","","","","","","","","要確認","","","","","","","","","NITE-CHRIP"
"22535-43-9","２，２－ジメチル－１，３，２－ジオキサスタネピン－４，７－ジオン","対象物","","","","","","","","","","要確認","","","","","","","","","NITE-CHRIP"
"22538-92-7","（デカオキシド三ヒ酸）五水素","対象物","該当","","","","?","","","","","要確認","","","","","","","","","NITE-CHRIP"
"22569-74-0","ケイ酸鉛","対象物","","","","","","","","","","要確認","","","","","","","","","NITE-CHRIP"
"22584-72-1","臭化コバルト","対象物","該当","","","","?","","","","","要確認","","","","","","","","","NITE-CHRIP"
"22605-92-1","クエン酸ニッケル（１：？）","対象物","該当","","","","?","","","","","要確認","","","","","","","","","NITE-CHRIP"
"22709-76-8","４，４－ジブチル－１，３，２λ（６），４－ジオキサチアスタンネタン＝２，２－ジオキシド","対象物","","","","","","","","","","要確認","","","","","","","","","NITE-CHRIP"
"22709-77-9","４，４－ジブチル－１，３－ジオキサ－２－チア－４－スタンナシクロブタン－２－オキシド","対象物","","","","","","","","","","要確認","","","","","","","","","NITE-CHRIP"
"22750-54-5","塩素酸カドミウム（ＩＩ）","対象物","該当","","","該当","?","","","","","要確認","","","","","","","","","NITE-CHRIP"
"22771-17-1","ジシクロヘキシル（オキソ）スタンナン","対象物","","","","","","","","","","要確認","","","","","","","","","NITE-CHRIP"
"22771-18-2","シクロヘキシル（ヒドロキシ）（オキソ）スタンナン","対象物","","","","","","","","","","要確認","","","","","","","","","NITE-CHRIP"
"22781-23-3","２，２－ジメチル－１，３－ベンゾジオキソール－４－イル－Ｎ－メチルカルバマート","対象物","該当","","","","","","","","","","","","","","","","","","NITE-CHRIP"
"22831-42-1","ヒ化アルミニウム","対象物","該当","","","","?","","","","","要確認","","","","","","","","","NITE-CHRIP"
"22868-13-9","硫化ナトリウム［Ｎａ２（Ｓ２）］","対象物","","","","","","","","","","","","","","","","","","","NITE-CHRIP"
"22898-01-7","２，２，３，３－テトラフルオロプロピオン酸ナトリウム","対象物","","","","","","","","","","要確認","","","","","","","","","NITE-CHRIP"
"22914-58-5","モリブデン酸亜鉛","対象物","","","","","","","","","","要確認","","","","","","","","","NITE-CHRIP"
"22936-75-0","４－（１，２，ジメチルプロピルアミノ）－２－エチルアミノ－６－メチルチオ－１，３，５－トリアジン","対象物","該当","","","","","","","","","要確認","","","","","","","","","NITE-CHRIP"
"23072-08-4","トリヨードオクチルスズ","対象物","","","","","","","","","","要確認","","","","","","","","","NITE-CHRIP"
"23103-98-2","２－ジメチルアミノ－５，６－ジメチルピリミジル－４－Ｎ，Ｎ－ジメチルカルバメート","対象物","該当","","","","","","","","","","","","","","","","","","NITE-CHRIP"
"23135-22-0","メチル＝１－（ジメチルカルバモイル）－Ｎ－［（メチルカルバモイル）オキシ］メタンイミドチオアート","対象物","","","","","","","","","","要確認","","","","","","","","","NITE-CHRIP"
"23184-66-9","Ｎ－（ブトキシメチル）－２－クロロ－２’，６’－ジエチルアセトアニリド","対象物","該当","","","","","","","","","要確認","","","","","","","","","NITE-CHRIP"
"23292-85-5","（４－オキソペンタノイルオキシ）（トリフェニル）スタンナン","対象物","","","","","","","","","","要確認","","","","","","","","","NITE-CHRIP"
"23363-14-6","酢酸イットリウム（ＩＩＩ）","対象物","","","","","","","","","","","","","","","","","","","NITE-CHRIP"
"23414-72-4","過マンガン酸亜鉛（ＩＩ）","対象物","該当","","","","?","","","","","要確認","","","","","","","","","NITE-CHRIP"
"23422-53-9","３－｛［（ジメチルアミノ）メチリデン］アミノ｝フェニル＝メチルカルバマート＝一塩酸塩","対象物","該当","","","","","","","","","","","","","","","","","","NITE-CHRIP"
"23505-41-1","２－ジエチルアミノ－６－メチルピリミジル－４－ジエチルチオホスフェイト","対象物","","","","","","","","","","","","","","","","","","","NITE-CHRIP"
"23519-66-6","ビス（ベンゾイルオキシ）ジオクチルスズ","対象物","","","","","","","","","","要確認","","","","","","","","","NITE-CHRIP"
"23535-89-9","３，３－ジブチル－６，７，８，９－テトラクロロ－２，４，３－ベンゾジオキサスタンネピン－１，５－ジオン","対象物","","","","","","","","","","要確認","","","","","","","","","NITE-CHRIP"
"23564-05-8","ジメチル＝Ｎ，Ｎ’－［１，２－フェニレンビス（イミノカルボノチオイル）］ジカルバマート","対象物","該当","","","","","","","","","要確認","","","","","","","","","NITE-CHRIP"
"23586-53-0","Thallium(III) trifluoroacetate","対象物","","","","","","","","","","要確認","","","","","","","","","NITE-CHRIP"
"23654-14-0","トリブチル（チオシアナト）スタンナン","対象物","","","","","","","","","","要確認","","","","","","","","","NITE-CHRIP"
"23668-76-0","ジイソプロピル（オキソ）スタンナン","対象物","","","","","","","","","","要確認","","","","","","","","","NITE-CHRIP"
"23850-94-4","ブチルトリス［（２－エチル－１－オキソヘキシル）オキシ］スズ","対象物","","","","","","","","","","要確認","","","","","","","","","NITE-CHRIP"
"23852-73-5","２，２’－チオ－ビス（４－オクチルフェノール）ニッケル塩","対象物","該当","","","","?","","","","","要確認","","","","","","","","","NITE-CHRIP"
"23950-58-5","３，５－ジクロロ－Ｎ－（１，１－ジメチル－２－プロピニル）ベンズアミド","対象物","","","","","","","","","","要確認","","","","","","","","","NITE-CHRIP"
"24093-49-0","炭酸二タリウム（Ｉ）","対象物","","","","","","","","","","要確認","","","","","","","","","NITE-CHRIP"
"24124-25-2","トリブチル｛［（９Ｚ，１２Ｚ）－オクタデカ－９，１２－ジエノイル］オキシ｝スタンナン","対象物","","","","","","","","","","要確認","","","","","","","","","NITE-CHRIP"
"24151-25-5","四カリウム＝（ＯＣ－６－１１）－ヘキサシアニドニッケラート（４－）","対象物","該当","","","","?","","","","","要確認","","","","","","","","","NITE-CHRIP"
"24151-93-7","Ｓ－（２－メチル－１－ピペリジル－カルボニルメチル）ジプロピルジチオホスフェイト","対象物","","","","","","","","","","","","","","","","","","","NITE-CHRIP"
"24270-51-7","Nickel compounds","対象物","","","","","","","","","","要確認","","","","","","","","","NITE-CHRIP"
"24291-45-0","ビス（トリブタン－１－イルスタンニル）＝ブタ－２－エンジオアート","対象物","","","","","","","","","","要確認","","","","","","","","","NITE-CHRIP"
"24291-51-8","［プロパン－２，２－ジイルビス（４，１－フェニレンオキシ）］ビス（トリブチルスタンナン）","対象物","","","","","","","","","","要確認","","","","","","","","","NITE-CHRIP"
"24312-44-5","モノフルオール酢酸パラブロムベンジルアミド","対象物","","","","","","","","","","","","","","","","","","","NITE-CHRIP"
"24379-26-8","［（２－ヒドロキシベンゾイル）オキシ］（トリフェニル）スタンナン","対象物","","","","","","","","","","要確認","","","","","","","","","NITE-CHRIP"
"24396-70-1","ジオクチル＝（２Ｚ，９Ｚ，１６Ｚ）－６，６，１３，１３－テトラオクチル－４，８，１１，１５－テトラオキソ－５，７，１２，１４－テトラオキサ－６，１３－ジスタンナオクタデカ－２，９，１６－トリエンジオアート","対象物","","","","","","","","","","要確認","","","","","","","","","NITE-CHRIP"
"24396-71-2","ジオクチル＝（２Ｚ，９Ｚ）－６，６－ジオクチル－４，８，１１－トリオキソ－５，７，１２－トリオキサ－６－スタンナイコサ－２，９－ジエノアート","対象物","","","","","","","","","","要確認","","","","","","","","","NITE-CHRIP"
"24577-34-2","ビス［（２－エチル－１－オキソヘキシル）オキシ］ジオクチルスズ","対象物","","","","","","","","","","要確認","","","","","","","","","NITE-CHRIP"
"24613-89-6","トリス（クロム酸）二クロム（ＩＩＩ）","対象物","該当","","","","?","","","","","要確認","","","","","","","","","NITE-CHRIP"
"24660-23-9","（Ｚ，Ｚ）－ジブチルビス［（３－カルボキシアクリロイル）オキシ］スズジデシル","対象物","","","","","","","","","","要確認","","","","","","","","","NITE-CHRIP"
"24719-19-5","ヒ酸コバルト（ＩＩ）","対象物","該当","","","","?","","","","","要確認","","","","","","","","","NITE-CHRIP"
"24727-23-9","ジヨード［ビス（４－メトキシフェニル）］－λ（４）－テラン","対象物","","","","","","","","","","要確認","","","","","","","","","NITE-CHRIP"
"24850-33-7","アリル（トリブチル）スタンナン","対象物","","","","","","","","","","要確認","","","","","","","","","NITE-CHRIP"
"24851-98-7","メチル（２－ペンチル－３－オキソ－シクロペンチル）アセテート","対象物","","","","","","","","","","要確認","","","","","","","","","NITE-CHRIP"
"24938-91-8","ポリ（オキシエチレン）＝トリデシル＝エーテル","対象物","","","","","","","","","","要確認","","","","","","","","","NITE-CHRIP"
"24964-91-8","トリス（４－ブロモフェニル）アンモニウム＝（ＯＣ－６－１１）－ヘキサクロリドアンチモナート（１－）","対象物","","","","","","","","","","要確認","","","","","","","","","NITE-CHRIP"
"25005-56-5","ビス［ペンタフルオロ（オキシド－κＯ）－λ（６）－テラン］キセノン","対象物","","","","","","","","","","要確認","","","","","","","","","NITE-CHRIP"
"25013-15-4","メチル（ビニル）ベンゼン","対象物","","","該当","","","","","","","","","","","","","","","","NITE-CHRIP"
"25013-16-5","ｔｅｒｔ－ブチル－４－メトキシフェノール","対象物","該当","","","","","","","","","","","","","","","","","","NITE-CHRIP"
"25013-81-4","過塩素酸クロム（ＩＩＩ）・九水和物","対象物","","","","該当","","","","","","要確認","","","","","","","","","NITE-CHRIP"
"25044-90-0","ブチルホスホン酸スズ（ＩＩ）","対象物","","","","","","","","","","","","","","","","","","","NITE-CHRIP"
"25044-92-2","ヘプチルホスホン酸スズ（ＩＩ）","対象物","","","","","","","","","","","","","","","","","","","NITE-CHRIP"
"25068-38-6","ポリ［２－（クロロメチル）オキシラン－ａｌｔ－４，４’－（プロパン－２，２－ジイル）ジフェノール］","対象物","該当","","","","","","","","","","","","","","","","","","NITE-CHRIP"
"25103-58-6","ｔｅｒｔ－ドデカンチオール","対象物","該当","","","","","","","","","","","","","","","","","","NITE-CHRIP"
"25134-21-8","７－メチルビシクロ［２．２．１］ヘプタ－５－エン－２，３－ジカルボン酸無水物","対象物","","","","","","","","","","","","","","","","","","","NITE-CHRIP"
"25150-98-5","１，１，３，３－テトラブチル－１，３－ビス（ドデシルオキシ）ジスタノキサン","対象物","","","","","","","","","","要確認","","","","","","","","","NITE-CHRIP"
"25151-00-2","ブチルトリス［（１－オキソドデシル）オキシ］スズ","対象物","","","","","","","","","","要確認","","","","","","","","","NITE-CHRIP"
"25154-52-3","ノニルフェノール","対象物","該当","","","","","","","","","要確認","","","","","","","","","NITE-CHRIP"
"25154-54-5","ジニトロベンゼン","対象物","該当","","","","","","","","","","","","","","","","","","NITE-CHRIP"
"25155-23-1","トリス（ジメチルフェニル）＝ホスファート","対象物","","","","","","","","","","","","","","","","","","","NITE-CHRIP"
"25155-30-0","ナトリウム＝ドデシルベンゼンスルホナート","対象物","","","","","","","","","","要確認","","","","","","","","","NITE-CHRIP"
"25167-67-3","ブテン","対象物","","","","該当","","","","","","","","","","","","","","","NITE-CHRIP"
"25167-80-0","クロロフェノール","対象物","該当","","","","","","","","","","","","","","","","","","NITE-CHRIP"
"25168-21-2","ジイソオクチル＝（２Ｚ，２’Ｚ）－４，４’－ジオキソ－４，４’－［（ジブチルスタンナンジイル）ビス（オキシ）］ビス（ブタ－２－エノアート）","対象物","","","","","","","","","","要確認","","","","","","","","","NITE-CHRIP"
"25168-22-3","ジブチル［ビス（ネオデカノイルオキシ）］スタンナン","対象物","","","","","","","","","","要確認","","","","","","","","","NITE-CHRIP"
"25168-23-4","μ－オキシド－ビス（μ－｛（Ｚ）－３－［（イソオクチル）オキシ］カルボニル｝アクリラト－κＯ：κＯ’）ビス［ビス（ブタン－１－イド）スズ］","対象物","","","","","","","","","","要確認","","","","","","","","","NITE-CHRIP"
"25168-24-5","２，２’－［（ジブチルスタニレン）ビス（チオ）］ジ酢酸ジイソオクチル","対象物","該当","","該当","","","","","","","要確認","","","","","","","","","NITE-CHRIP"
"25214-70-4","ホルムアルデヒドとアニリンの重合物","対象物","","該当","","","","","","","","","","","","","","","","","NITE-CHRIP"
"25248-71-9","μ－オキシド－ビス｛μ－［（Ｚ）－３－（プロポキシカルボニル）アクリラト－κＯ：κＯ’］｝ビス［ビス（ブタン－１－イド）スズ］","対象物","","","","","","","","","","要確認","","","","","","","","","NITE-CHRIP"
"25265-76-3","フェニレンジアミン","対象物","該当","","","","","","","","","要確認","","","","","","","","","NITE-CHRIP"
"25265-77-4","２，２，４－トリメチルペンタン－１，３－ジオールモノイソブチラート","対象物","","","","","","","","","","","","","","","","","","","NITE-CHRIP"
"25268-69-3","Dialuminium tritellurium dodecaoxide","対象物","","","","","","","","","","要確認","","","","","","","","","NITE-CHRIP"
"25284-83-7","メタンテルロール","対象物","","","","","","","","","","要確認","","","","","","","","","NITE-CHRIP"
"25311-71-1","イソプロピル＝２－｛［エトキシ（イソプロピルアミノ）ホスホロチオイル］オキシ｝ベンゾアート","対象物","","","","","","","","","","","","","","","","","","","NITE-CHRIP"
"25319-90-8","Ｓ－エチル＝２－（４－クロロ－２－メチルフェノキシ）チオアセタート","対象物","","","","","","","","","","","","","","","","","","","NITE-CHRIP"
"25321-09-9","ジイソプロピルベンゼン","対象物","","","","","","","","","","","","","","","","","","","NITE-CHRIP"
"25321-14-6","メチル（ジニトロ）ベンゼン","対象物","該当","該当","","","","","","","","要確認","","","","","","","","","NITE-CHRIP"
"25321-22-6","ジクロロベンゼン","対象物","","","","","","","","","","要確認","","","","","","","","","NITE-CHRIP"
"25322-01-4","ニトロプロパン","対象物","","","","該当","","","","","","","","","","","","","","","NITE-CHRIP"
"25323-30-2","ジクロロエテン","対象物","","","","","","","","","","","","","","","","","","","NITE-CHRIP"
"25323-68-6","トリクロロビフェニル","対象物","該当","","","","?","","","","","要確認","","","第一種特定","","","","","","NITE-CHRIP"
"25323-89-1","トリクロロエタン","対象物","","","","","","","","","","","","","","","","","","","NITE-CHRIP"
"25324-56-5","Tin phosphide","対象物","","","","","","","","","","","","","","","","","","","NITE-CHRIP"
"25339-56-4","ヘプテン","対象物","","","","該当","","","","","","","","","","","","","","","NITE-CHRIP"
"25340-17-4","ジエチルベンゼン","対象物","","","","","","","","","","","","","","","","","","","NITE-CHRIP"
"25376-45-8","ａｒ－メチルベンゼン－１，３－ジアミン","対象物","該当","","","","","","","","","要確認","","","","","","","","","NITE-CHRIP"
"25377-32-6","トリニトロベンゼン","対象物","","","","","","","","","","","","","","","","","","","NITE-CHRIP"
"25429-29-2","ペンタクロロビフェニル","対象物","該当","","","","?","","","","","要確認","","","第一種特定","","","","","","NITE-CHRIP"
"25430-97-1","ジクロロビス（２－エチルヘキシル）スタンナン","対象物","","","","","","","","","","要確認","","","","","","","","","NITE-CHRIP"
"25481-21-4","［Ｎ，Ｎ’－１，２－エタンジイルビス［Ｎ－［（カルボキシメチル）グリシナト－Ｎ，Ｏ］］（４－）］ニッケル酸二水素","対象物","該当","","","","?","","","","","要確認","","","","","","","","","NITE-CHRIP"
"25495-88-9","メチルヘキサン","対象物","","","","","","","","","","","","","","","","","","","NITE-CHRIP"
"25495-89-0","エチルヘキサン","対象物","","","","","","","","","","","","","","","","","","","NITE-CHRIP"
"25496-01-9","トリデシルベンゼンスルホン酸","対象物","","","","","","","","","","要確認","","","","","","","","","NITE-CHRIP"
"25497-30-7","ジブロモ（テトラフルオロ）エタン","対象物","","","","","","","","","","要確認","","","","","","","","","NITE-CHRIP"
"25498-49-1","［２－（２－メトキシメチルエトキシ）メチルエトキシ］プロパノール","対象物","","","","","","","","","","","","","","","","","","","NITE-CHRIP"
"25510-11-6","炭酸鉛（ＩＩ）（１：？）","対象物","","","","","","","","","","要確認","","","","","","","","","NITE-CHRIP"
"25512-09-8","アンモニウム＝（フタロシアニンスルホナト）クプラート（１－）","対象物","","","","","","","","","","","","","","","","","","","NITE-CHRIP"
"25512-11-2","トリアンモニウム＝（フタロシアニントリスルホナト）クプラート（３－）","対象物","","","","","","","","","","","","","","","","","","","NITE-CHRIP"
"25512-12-3","テトラアンモニウム＝（フタロシアニンテトラスルホナト）クプラート（４－）","対象物","","","","","","","","","","","","","","","","","","","NITE-CHRIP"
"25512-42-9","ジクロロビフェニル","対象物","該当","","","","?","","","","","要確認","","","第一種特定","","","","","","NITE-CHRIP"
"25550-51-0","メチル－８－オキサビシクロ［４．３．０］ノナン－７，９－ジオン","対象物","該当","","","","","","","","","","","","","","","","","","NITE-CHRIP"
"25550-58-7","ジニトロフェノール","対象物","","","","","","","","","","","","","","","","","","","NITE-CHRIP"
"25551-13-7","トリメチルベンゼン","対象物","","","該当","該当","","","","","","要確認","","","","","","","","","NITE-CHRIP"
"25569-80-6","２，３’－ジクロロビフェニル","対象物","該当","","","","?","","","","","要確認","","","第一種特定","","","","","","NITE-CHRIP"
"25584-83-2","アクリル酸とプロパン－１，２－ジオールのモノエステル","対象物","該当","","","","","","","","","","","","","","","","","","NITE-CHRIP"
"25637-27-8","ヘキサペンチルジスタンノキサン","対象物","","","","","","","","","","要確認","","","","","","","","","NITE-CHRIP"
"25637-99-4","ヘキサブロモシクロドデカン","対象物","","","","","","","","","","","","","第一種特定","","","","","","NITE-CHRIP"
"25646-71-3","Ｎ－｛２－［（４－アミノ－３－メチルフェニル）（エチル）アミノ］エチル｝メタンスルホンアミド＝スルファート（２：３）","対象物","","","","","","","","","","","","","","","","","","","NITE-CHRIP"
"25646-77-9","２－［（４－アミノ－３－メチルフェニル）（エチル）アミノ］エタノール＝モノスルファート","対象物","","","","","","","","","","","","","","","","","","","NITE-CHRIP"
"25659-29-4","ヨウ素酸マンガン（ＩＩ）","対象物","該当","","","","?","","","","","要確認","","","","","","","","","NITE-CHRIP"
"25659-31-8","ヨウ素酸鉛（ＩＩ）","対象物","","","","","","","","","","要確認","","","","","","","","","NITE-CHRIP"
"25666-92-6","亜硫酸鉛","対象物","","","","","","","","","","要確認","","","","","","","","","NITE-CHRIP"
"25711-26-6","［（２－メチリデンスクシノイル）ジオキシ］ビス（トリブチルスタンナン）","対象物","","","","","","","","","","要確認","","","","","","","","","NITE-CHRIP"
"25725-28-4","ケイ酸鉛","対象物","","","","","","","","","","要確認","","","","","","","","","NITE-CHRIP"
"25791-99-5","テトラクロロスズ酸ジカリウム・一水和物","対象物","","","","","","","","","","","","","","","","","","","NITE-CHRIP"
"25808-74-6","六フッ化ケイ酸鉛（ＩＩ）","対象物","","該当","","","","","","","","要確認","","","","","","","","","NITE-CHRIP"
"25808-75-7","六フッ化ケイ酸マンガン（ＩＩ）","対象物","該当","","","","?","","","","","要確認","","","","","","","","","NITE-CHRIP"
"25852-70-4","２，２’，２’’－［（ブチルスタニリジン）トリス（チオ）］トリス酢酸トリイソオクチル","対象物","","","","","","","","","","要確認","","","","","","","","","NITE-CHRIP"
"25868-86-4","六フッ化ケイ酸マンガン（ＩＩ）・六水和物","対象物","該当","","","","?","","","","","要確認","","","","","","","","","NITE-CHRIP"
"25869-11-8","六フッ化ケイ酸銅（ＩＩ）・四水和物","対象物","","","","","","","","","","要確認","","","","","","","","","NITE-CHRIP"
"25955-19-5","ジブチル［ビス（ノナノイルオキシ）］スタンナン","対象物","","","","","","","","","","要確認","","","","","","","","","NITE-CHRIP"
"25962-77-0","Ｎ－［（｛５－［２－（５－ニトロ－２－フリル）ビニル］－１，３，４－オキサジアゾール－２－イル｝イミノ）メチル］ジメチルアミン","対象物","","","","","","","","","","","","","","","","","","","NITE-CHRIP"
"25973-55-1","２－（２Ｈ－ベンゾトリアゾール－２－イル）－４，６－ジ－ｔｅｒｔ－ペンチルフェノール","対象物","","","","","","","","","","","","","第一種特定","","","","","","NITE-CHRIP"
"26006-71-3","テルル酸二ナトリウム二水和物","対象物","","","","","","","","","","要確認","","","","","","","","","NITE-CHRIP"
"26024-55-5","ニッケルカルボニル","対象物","該当","","","","?","","","","","要確認","","","","","","","","","NITE-CHRIP"
"26042-64-8","ヘキサフルオロアンチモン酸銀","対象物","","","","","","","","","","要確認","","","","","","","","","NITE-CHRIP"
"26043-11-8","六フッ化ケイ酸ニッケル（ＩＩ）","対象物","該当","","","","?","","","","","要確認","","","","","","","","","NITE-CHRIP"
"26087-47-8","チオリン酸Ｓ－ベンジル－Ｏ，Ｏ－ジイソプロピル","対象物","該当","","","","","","","","","要確認","","","","","","","","","NITE-CHRIP"
"26102-02-3","２，４（または６）－ジイソシアナトトルエン","対象物","該当","","","","?","","","","","要確認","","","","","","","","","NITE-CHRIP"
"26140-60-3","ターフェニル","対象物","","","","","","","","","","","","","","","","","","","NITE-CHRIP"
"26239-64-5","トリブタン－１－イルスタンニル＝（１Ｒ，４ａＲ，４ｂＲ，１０ａＲ）－７－イソプロピル－１，４ａ－ジメチル－１，２，３，４，４ａ，４ｂ，５，６，１０，１０ａ－デカヒドロフェナントレン－１－カルボキシラート","対象物","","","","","","","","","","要確認","","","","","","","","","NITE-CHRIP"
"26248-24-8","トリデシルベンゼンスルホン酸ナトリウム","対象物","","","","","","","","","","要確認","","","","","","","","","NITE-CHRIP"
"26261-57-4","２－メチル－４，４’－［（４－イミノ－３－メチルシクロヘキサ－２，５－ジエン－１－イリデン）メチレン］ジアニリン一塩酸塩","対象物","該当","","","","?","","","","","","","","","","","","","","NITE-CHRIP"
"26265-65-6","Thiosulphuric acid, lead salt","対象物","","","","","","","","","","要確認","","","","","","","","","NITE-CHRIP"
"26292-98-8","２，２’，２’’－［ブチルスタンナントリイルトリス（チオ）］三酢酸トリドデシル","対象物","","","","","","","","","","要確認","","","","","","","","","NITE-CHRIP"
"26302-30-7","ジブチル（ビス｛［（Ｚ）－３－｛［２－（２－ヒドロキシプロポキシ）プロポキシ］カルボニル｝アクリロイル］オキシ｝）スタンナン","対象物","","","","","","","","","","要確認","","","","","","","","","NITE-CHRIP"
"26354-18-7","2-Propenoic acid, 2-methyl-, methyl ester, polymer with tributylstannyl 2-methyl-2-propenoate","対象物","","","","","","","","","","要確認","","","","","","","","","NITE-CHRIP"
"26399-02-0","２－エチルヘキシル＝オレアート","対象物","","","","","","","","","","","","","","","","","","","NITE-CHRIP"
"26401-86-5","トリイソオクチル＝［オクチルスタンナントリイルトリス（スルファンジイル）］トリアセタート","対象物","","","","","","","","","","要確認","","","","","","","","","NITE-CHRIP"
"26401-97-8","２，２’－［（ジオクチルスタニレン）ビス（チオ）］二酢酸ジイソオクチル","対象物","","","","","","","","","","要確認","","","","","","","","","NITE-CHRIP"
"26410-42-4","ブチルメルカプトオキソスズ","対象物","","","","","","","","","","要確認","","","","","","","","","NITE-CHRIP"
"26444-49-5","りん酸クレジルジフェニル","対象物","","","","","","","","","","","","","","","","","","","NITE-CHRIP"
"26447-14-3","２－［（トリルオキシ）メチル］オキシラン","対象物","該当","","","","","","","","","要確認","","","","","","","","","NITE-CHRIP"
"26447-40-5","ジフェニルメタンジイソシアネート","対象物","該当","","","","","","","","","","","","","","","","","","NITE-CHRIP"
"26447-41-6","トリメチルヘキサン","対象物","","","","","","","","","","","","","","","","","","","NITE-CHRIP"
"26471-62-5","１，３－ジイソシアナト（メチル）ベンゼン","対象物","該当","","","","?","","","","","要確認","","","","","","","","","NITE-CHRIP"
"26506-47-8","塩素酸と銅の塩","対象物","","","","","","","","","","","","","","","","","","","NITE-CHRIP"
"26522-91-8","臭素酸水銀（ＩＩ）・二水和物","対象物","該当","","","","?","","","","","要確認","","","","","","","","","NITE-CHRIP"
"26523-78-4","トリスノニルフェニルホスフィト","対象物","該当","","","","","","","","","","","","","","","","","","NITE-CHRIP"
"26530-20-1","２－オクチルイソチアゾール－３（２Ｈ）－オン","対象物","該当","","","","","","","","","","","","","","","","","","NITE-CHRIP"
"26562-01-6","テトライソペンチルスタンナン","対象物","","","","","","","","","","要確認","","","","","","","","","NITE-CHRIP"
"26601-64-9","ヘキサクロロビフェニル","対象物","該当","","","","?","","","","","要確認","","","第一種特定","","","","","","NITE-CHRIP"
"26615-21-4","Ｎ－｛２－［（８－クロロジベンゾ［ｂ，ｆ］チエピン－１０－イル）オキシ］エチル｝ジメチルアミン","対象物","","","","","","","","","","","","","","","","","","","NITE-CHRIP"
"26628-22-8","アジ化ナトリウム","対象物","該当","","","該当","","","","","","","","","","","","","","","NITE-CHRIP"
"26635-64-3","イソオクタン","対象物","","","","","","","","","","","","","","","","","","","NITE-CHRIP"
"26636-01-1","２，２’－［（ジメチルスタニレン）ビス（チオ）］二酢酸ジイソオクチル","対象物","","","","","","","","","","要確認","","","","","","","","","NITE-CHRIP"
"26738-80-7","オクチル（オキソ）スタンナン","対象物","","","","","","","","","","要確認","","","","","","","","","NITE-CHRIP"
"26761-40-0","ベンゼン－１，２－ジカルボン酸ジイソデシル","対象物","","","","","","","","","","","","","","","","","","","NITE-CHRIP"
"26761-45-5","オキシラン－２－イルメチル＝ネオデカノアート","対象物","該当","","","","","","","","","","","","","","","","","","NITE-CHRIP"
"26761-46-6","３，３’－［（ジブチルスタニレン）ビス（チオ）］二プロパン酸ジイソオクチル","対象物","","","","","","","","","","要確認","","","","","","","","","NITE-CHRIP"
"26764-44-3","ａｒ－メチルベンゼン－１，３－ジアミン","対象物","","","","","","","","","","要確認","","","","","","","","","NITE-CHRIP"
"26821-65-8","２－エチルヘキシル＝｛［ブチル（スルファニリデン）スタンニル］スルファニル｝アセタート","対象物","","","","","","","","","","要確認","","","","","","","","","NITE-CHRIP"
"26826-30-2","２－｛２－［２－（テトラデシルオキシ）エトキシ］エトキシ｝エタノール","対象物","","","","","","","","","","要確認","","","","","","","","","NITE-CHRIP"
"26864-36-8","（スチビリジントリチオ）三酢酸トリス（２－エチルヘキシル）","対象物","","","","","","","","","","要確認","","","","","","","","","NITE-CHRIP"
"26864-37-9","２，２’，２’’－［（ブチルスタニレン）トリス（チオ）］三酢酸トリス（２－エチルヘキシル）","対象物","","","","","","","","","","要確認","","","","","","","","","NITE-CHRIP"
"26864-39-1","２－エチルヘキシル＝［（トリブチルスタンニル）スルファニル］アセタート","対象物","","","","","","","","","","要確認","","","","","","","","","NITE-CHRIP"
"26872-61-7","［（ブチルチオキソスタニル）チオ］酢酸オキシジ－２，１－エタンジイル","対象物","","","","","","","","","","要確認","","","","","","","","","NITE-CHRIP"
"26896-31-1","イソオクチル＝［（トリブチルスタンニル）スルファニル］アセタート","対象物","","","","","","","","","","要確認","","","","","","","","","NITE-CHRIP"
"26914-33-0","テトラクロロビフェニル","対象物","該当","","","","?","","","","","要確認","","","第一種特定","","","","","","NITE-CHRIP"
"26915-12-8","トルイジン","対象物","","","","","","","","","","要確認","","","","","","","","","NITE-CHRIP"
"26952-21-6","イソオクタノール","対象物","該当","","該当","","","","","","","","","","","","","","","","NITE-CHRIP"
"26962-68-5","２，２－ジブチル－１，３，２－ジオキサスタンノラン－４，５－ジオン","対象物","","","","","","","","","","要確認","","","","","","","","","NITE-CHRIP"
"26970-82-1","亜セレン酸二ナトリウム五水和物","対象物","","","","","","","","","","要確認","","","","","","","","","NITE-CHRIP"
"27016-73-5","ヒ化コバルト","対象物","該当","","","","?","","","","","要確認","","","","","","","","","NITE-CHRIP"
"27016-75-7","ヒ化ニッケル（ＮｉＡｓ）","対象物","該当","","","","?","","","","","要確認","","","","","","","","","NITE-CHRIP"
"27083-27-8","ポリヘキサメチレンビグアナイド","対象物","該当","","","","","","","","","","","","","","","","","","NITE-CHRIP"
"27107-88-6","ビス｛［（ブトキシカルボニル）メチル］スルファニル｝（ジオクチル）スタンナン","対象物","","","","","","","","","","要確認","","","","","","","","","NITE-CHRIP"
"27107-89-7","トリス（２－エチルヘキシル）＝［（オクチルスタンナントリイル）トリス（スルファンジイル）］トリアセタート","対象物","","","","","","","","","","要確認","","","","","","","","","NITE-CHRIP"
"27115-36-2","ギ酸クロム（ＩＩＩ）","対象物","","","","","","","","","","要確認","","","","","","","","","NITE-CHRIP"
"27147-18-8","トリブチル［（１－オキソ－３－フェニル－２－プロペニル）オキシ］スズ","対象物","","","","","","","","","","要確認","","","","","","","","","NITE-CHRIP"
"27152-57-4","亜ヒ酸カルシウム","対象物","該当","","","","?","","","","","要確認","","","","","","","","","NITE-CHRIP"
"27176-87-0","ドデシルベンゼンスルホン酸","対象物","該当","","","","","","","","","要確認","","","","","","","","","NITE-CHRIP"
"27189-59-9","トリブチル（ニコチノイルオキシ）スタンナン","対象物","","","","","","","","","","要確認","","","","","","","","","NITE-CHRIP"
"27193-86-8","ドデシルフェノール","対象物","","","","","","","","","","","","","","","","","","","NITE-CHRIP"
"27194-44-1","ジオクチルスズ＝ビス（水素＝マレアート）とプロパン－１，２－ジオールのジエステル","対象物","","","","","","","","","","要確認","","","","","","","","","NITE-CHRIP"
"27228-67-7","四ヨウ化水銀酸銅（ＩＩ）","対象物","該当","","","","?","","","","","要確認","","","","","","","","","NITE-CHRIP"
"27247-96-7","２－エチルヘキシル＝ニトラート","対象物","","","","","","","","","","","","","","","","","","","NITE-CHRIP"
"27253-22-1","トリス［（イソオクチルチオ）アセタト］アンチモン","対象物","","","","","","","","","","要確認","","","","","","","","","NITE-CHRIP"
"27253-31-2","コバルト（ＩＩ）＝７，７－ジメチルオクタノアート","対象物","","","","","","","","","","要確認","","","","","","","","","NITE-CHRIP"
"27306-79-2","ポリ（オキシエチレン）＝テトラデシル＝エーテル","対象物","","","","","","","","","","要確認","","","","","","","","","NITE-CHRIP"
"27323-18-8","クロロビフェニル","対象物","該当","","","","?","","","","","要確認","","","第一種特定","","","","","","NITE-CHRIP"
"27336-23-8","１，１－ジブロモ－１，２，２，２－テトラフルオロエタン","対象物","","","","","","","","","","要確認","","","","","","","","","NITE-CHRIP"
"27342-75-2","２，２’－ジクロロ－ａｒ，ａｒ’－メチレンジアニリン","対象物","","","","","","","","","","要確認","","","","","","","","","NITE-CHRIP"
"27360-85-6","四ナトリウム＝（フタロシアニンテトラスルホナト）クプラート（４－）","対象物","","","","","","","","","","","","","","","","","","","NITE-CHRIP"
"27371-95-5","２，２－ジブチル－１，３，２－オキサチアスタンノラン","対象物","","","","","","","","","","要確認","","","","","","","","","NITE-CHRIP"
"27459-10-5","４－イソドデシルフェノール","対象物","該当","","","","","","","","","","","","","","","","","","NITE-CHRIP"
"27476-27-3","メチル安息香酸カドミウム（ＩＩ）","対象物","該当","","","","?","","","","","要確認","","","","","","","","","NITE-CHRIP"
"27479-65-8","Ａｒ，Ａｒ’－ジブロモビフェニル","対象物","","","","","","","","","","","","","","","","","","","NITE-CHRIP"
"27517-48-2","ジブチルスズオキサイド重合物","対象物","","","","","","","","","","要確認","","","","","","","","","NITE-CHRIP"
"27519-39-7","四フッ化ホウ酸クロム（ＩＩＩ）","対象物","","","","","","","","","","要確認","","","","","","","","","NITE-CHRIP"
"27526-45-0","ヒ酸マンガン","対象物","該当","","","","?","","","","","要確認","","","","","","","","","NITE-CHRIP"
"27550-52-3","ジオクチル［ビス（オレオイルオキシ）］スタンナン","対象物","","","","","","","","","","要確認","","","","","","","","","NITE-CHRIP"
"27554-26-3","ジイソオクチル＝フタラート","対象物","","","","","","","","","","","","","","","","","","","NITE-CHRIP"
"27574-34-1","［［２，２’－（チオ－Ｓ）ビス［４－（１，１，３，３－テトラメチルブチル）フェノラト－Ｏ］］（２－）］ニッケル","対象物","該当","","","","?","","","","","要確認","","","","","","","","","NITE-CHRIP"
"27605-35-2","トリブチル（１Ｈ－イミダゾール－１－イル）スタンナン","対象物","","","","","","","","","","要確認","","","","","","","","","NITE-CHRIP"
"27605-76-1","３－アリルオキシ－１，２－ベンゾイソチアゾール＝１，１－ジオキシド","対象物","","","","","","","","","","要確認","","","","","","","","","NITE-CHRIP"
"27614-71-7","（テトラクロロフタロシアニナト）銅","対象物","","","","","","","","","","","","","","","","","","","NITE-CHRIP"
"27615-98-1","トリブチルスズフルオリド（ポリマー）","対象物","","","","","","","","","","要確認","","","","","","","","","NITE-CHRIP"
"27636-75-5","ウンデシルベンゼンスルホン酸ナトリウム","対象物","","","","","","","","","","要確認","","","","","","","","","NITE-CHRIP"
"27685-51-4","水銀（２＋）＝（Ｔ－４）－テトラキス（チオシアナト－κＮ）コバルタート（２－）","対象物","該当","","","","?","","","","","要確認","","","","","","","","","NITE-CHRIP"
"27736-00-1","トリ（シュウ酸）コバルト酸三カリウム・水和物","対象物","","","","","","","","","","要確認","","","","","","","","","NITE-CHRIP"
"27765-48-6","四フッ化ホウ酸インジウム（ＩＩＩ）","対象物","","","","","","","","","","要確認","","","","","","","","","NITE-CHRIP"
"27813-02-1","メタクリル酸とプロパン－１，２－ジオールのモノエステル","対象物","該当","","","","","","","","","","","","","","","","","","NITE-CHRIP"
"27858-07-7","ａｒ，ａｒ，ａｒ，ａｒ，ａｒ’，ａｒ’，ａｒ’，ａｒ’－オクタブロモビフェニル","対象物","","該当","","","","","","","","","","","","","","","","","NITE-CHRIP"
"27871-49-4","乳酸メチル","対象物","","","","","","","","","","","","","","","","","","","NITE-CHRIP"
"27949-52-6","ブチル－Ｓ－ベンジル－Ｓ－エチルジチオホスフェイト","対象物","","","","","","","","","","","","","","","","","","","NITE-CHRIP"
"28038-18-8","硫酸ナトリウムカドミウム","対象物","該当","","","","?","","","","","要確認","","","","","","","","","NITE-CHRIP"
"28038-25-7","硫酸カリウムカドミウム","対象物","該当","","","","?","","","","","要確認","","","","","","","","","NITE-CHRIP"
"28038-27-9","ビス（硫酸）ニッケル（ＩＩ）二タリウム（Ｉ）","対象物","該当","","","","?","","","","","要確認","","","","","","","","","NITE-CHRIP"
"28038-29-1","硫酸タリウム（Ｉ）銅（ＩＩ）","対象物","","","","","","","","","","要確認","","","","","","","","","NITE-CHRIP"
"28038-30-4","硫酸亜鉛タリウム（Ｉ）","対象物","","","","","","","","","","要確認","","","","","","","","","NITE-CHRIP"
"28038-39-3","硫酸ルビジウムコバルト（ＩＩ）","対象物","該当","","","","?","","","","","要確認","","","","","","","","","NITE-CHRIP"
"28041-68-1","硫酸ルビジウムマンガン（ＩＩ）","対象物","該当","","","","?","","","","","要確認","","","","","","","","","NITE-CHRIP"
"28041-77-2","硫酸セシウムカドミウム","対象物","該当","","","","?","","","","","要確認","","","","","","","","","NITE-CHRIP"
"28089-34-1","トリブチルスズリン酸塩","対象物","","","","","","","","","","要確認","","","","","","","","","NITE-CHRIP"
"28249-77-6","Ｎ，Ｎ－ジエチルチオカルバミン酸Ｓ－４－クロロベンジル","対象物","","","","","","","","","","要確認","","","","","","","","","NITE-CHRIP"
"28300-74-5","ビス｛μ－［（２Ｒ，３Ｒ）－２，３－ジ（オキシド－κＯ）ブタンジオアト－κＯ（１）：κＯ（４）］｝ジアンチモン酸（２－）二カリウム三水和物立体異性体","対象物","","該当","","","","","","","","要確認","","","","","","","","","NITE-CHRIP"
"28302-36-5","三ナトリウム＝（ＳＰ－４－２）－［（７Ｓ，８Ｓ）－３－カルボキシラト－７－（２－カルボキシラトエチル）－５－（カルボキシラトメチル）－１８－エチル－１７－ホルミル－２，８，１２－トリメチル－１３－ビニル－７Ｈ，８Ｈ－ポルフィリナト］クプラート（３－）","対象物","","","","","","","","","","","","","","","","","","","NITE-CHRIP"
"28302-54-7","三塩化カドミウムカリウム・一水和物","対象物","該当","","","","?","","","","","要確認","","","","","","","","","NITE-CHRIP"
"28304-66-7","５－エチリデン－２－ノルボルネン","対象物","","","","","","","","","","要確認","","","","","","","","","NITE-CHRIP"
"28304-67-8","５－エチリデン－２－ノルボルネン","対象物","","","","","","","","","","要確認","","","","","","","","","NITE-CHRIP"
"28308-70-5","モノメチルスズ酸ポリマー","対象物","","","","","","","","","","要確認","","","","","","","","","NITE-CHRIP"
"28348-61-0","テトラデシルベンゼンスルホン酸ナトリウム","対象物","","","","","","","","","","要確認","","","","","","","","","NITE-CHRIP"
"28356-46-9","銅（２＋）＝ジオキサラート","対象物","","","","","","","","","","","","","","","","","","","NITE-CHRIP"
"28375-10-2","トリブチル（｛（Ｚ）－３－［（２－ヒドロキシプロポキシ）カルボニル］アクリロイル｝オキシ）スタンナン","対象物","","","","","","","","","","要確認","","","","","","","","","NITE-CHRIP"
"28407-37-6","四ナトリウム＝μ－｛５，５’－ジアミノ－４，４’－ジオキシド－１κＯ，２κＯ’－３，３’－［（３，３’－ジオキシド－１κＯ，２κＯ’－ビフェニル－４，４’－ジイル）ビス（ジアゼンジイル）－１κＮ（１），２κＮ（１’）］ビス（ナフタレン－２，７－ジスルホナト）｝ジクプラート（４－）","対象物","","該当","","","","","","","","","","","","","","","","","NITE-CHRIP"
"28434-01-7","（５－ベンジル－３－フリル）メチル＝（１Ｒ，３Ｒ）－２，２－ジメチル－３－（２－メチルプロパ－１－エン－１－イル）シクロプロパンカルボキシラート","対象物","","","","","","","","","","","","","","","","","","","NITE-CHRIP"
"28434-86-8","４，４’－オキシビス（２－クロロアニリン）","対象物","","","","","","","","","","","","","","","","","","","NITE-CHRIP"
"28553-12-0","フタル酸ジノニル","対象物","","","","","","","","","","","","","","","","","","","NITE-CHRIP"
"28570-24-3","ジブチル（ビス｛［２－（ドデカノイルオキシ）エチル］スルファニル｝）スタンナン","対象物","","","","","","","","","","要確認","","","","","","","","","NITE-CHRIP"
"28570-25-4","ビス｛［２－（ドデカノイルオキシ）エチル］スルファニル｝（ジオクチル）スタンナン","対象物","","","","","","","","","","要確認","","","","","","","","","NITE-CHRIP"
"28655-71-2","ヘプタクロロビフェニル","対象物","該当","","","","?","","","","","要確認","","","第一種特定","","","","","","NITE-CHRIP"
"28660-63-1","ジブチル［ビス（ブチリルオキシ）］スタンナン","対象物","","","","","","","","","","要確認","","","","","","","","","NITE-CHRIP"
"28660-67-5","ジブチル［ビス（テトラデカノイルオキシ）］スタンナン","対象物","","","","","","","","","","要確認","","","","","","","","","NITE-CHRIP"
"28675-83-4","ジベンジル［ビス（｛［（イソオクチルオキシ）カルボニル］メチル｝スルファニル）］スタンナン","対象物","","","","","","","","","","要確認","","","","","","","","","NITE-CHRIP"
"28777-67-5","ジメチルヘキサン","対象物","","","","","","","","","","","","","","","","","","","NITE-CHRIP"
"28801-69-6","トリブチル（ネオデカノイルオキシ）スタンナン","対象物","","","","","","","","","","要確認","","","","","","","","","NITE-CHRIP"
"28901-96-4","水素＝（フタロシアニンスルホナト）クプラート（１－）","対象物","","","","","","","","","","","","","","","","","","","NITE-CHRIP"
"28914-29-6","テルル酸ナトリウム","対象物","","","","","","","","","","要確認","","","","","","","","","NITE-CHRIP"
"28953-04-0","水酸化フッ化水銀（ＩＩ）","対象物","該当","","","","?","","","","","要確認","","","","","","","","","NITE-CHRIP"
"28980-49-6","アンチモン化スズ","対象物","","","","","","","","","","要確認","","","","","","","","","NITE-CHRIP"
"29082-74-4","オクタクロロスチレン","対象物","","","","","","","","","","","","","","","","","","","NITE-CHRIP"
"29095-38-3","Antimony, compound with thallium (1:1)","対象物","","","","","","","","","","要確認","","","","","","","","","NITE-CHRIP"
"29134-69-8","ドデシル（ヒドロキシ）（オキソ）スタンナン","対象物","","","","","","","","","","要確認","","","","","","","","","NITE-CHRIP"
"29171-20-8","３，７－ジメチル－６－オクテン－１－イン－３－オール　（別名：デヒドロ－β－リナロール）","対象物","","","","","","","","","","","","","","","","","","","NITE-CHRIP"
"29188-28-1","二水素＝（フタロシアニンジスルホナト）クプラート（２－）","対象物","","","","","","","","","","","","","","","","","","","NITE-CHRIP"
"29222-48-8","トリメチルペンタン","対象物","","","","","","","","","","","","","","","","","","","NITE-CHRIP"
"29232-93-7","Ｏ－２－（ジエチルアミノ）－６－メチルピリミジン－４－イル＝Ｏ，Ｏ－ジメチル＝ホスホロチオアート","対象物","","","","","","","","","","要確認","","","","","","","","","NITE-CHRIP"
"29383-29-7","フタロシアニンジスルホナト（４－）コバルト酸二水素","対象物","","","","","","","","","","要確認","","","","","","","","","NITE-CHRIP"
"29411-74-3","２－アミノ－９－β－Ｄ－リボフラノシル－１，９－ジヒドロ－６Ｈ－プリン－６－セロン","対象物","","","","","","","","","","要確認","","","","","","","","","NITE-CHRIP"
"29457-48-5","トリブチル（ウンデカ－１０－エノイルオキシ）スタンナン","対象物","","","","","","","","","","要確認","","","","","","","","","NITE-CHRIP"
"29492-49-7","１１，１１－ジブチル－３－メチル－７－オキソ－２，６－ジオキサ－１０，１２－ジチア－１１－スタンナペンタデカン－１５－酸３－メトキシブチル","対象物","","","","","","","","","","要確認","","","","","","","","","NITE-CHRIP"
"29575-02-8","ビス｛［（Ｚ）－（３－ブトキシカルボニル）アクリロイル］オキシ｝（ジオクチル）スタンナン","対象物","","","","","","","","","","要確認","","","","","","","","","NITE-CHRIP"
"29590-42-9","イソオクチル＝アクリラート","対象物","","","","","","","","","","","","","","","","","","","NITE-CHRIP"
"29617-66-1","（２Ｓ）－２－クロロプロピオン酸","対象物","","","","","","","","","","","","","","","","","","","NITE-CHRIP"
"29729-00-8","（ＯＣ－６－１１）－ヘキサシアニド鉄酸（４－）二鉛（２＋）二水和物","対象物","","","","","","","","","","要確認","","","","","","","","","NITE-CHRIP"
"29736-89-8","水酸化カドミウム・水和物","対象物","該当","","","","?","","","","","要確認","","","","","","","","","NITE-CHRIP"
"29767-20-2","（５Ｓ，５ａＲ，８ａＲ，９Ｒ）－９－（４－ヒドロキシ－３，５－ジメトキシフェニル）－８－オキソ－５，５ａ，６，８，８ａ，９－ヘキサヒドロフロ［３’，４’：６，７］ナフト［２，３－ｄ］［１，３］ジオキソール－５－イル＝４，６－Ｏ－［（Ｒ）－２－チエニルメチリデン］－β－Ｄ－グルコピラノシド","対象物","","該当","","","","","","","","","","","","","","","","","NITE-CHRIP"
"29792-03-8","ピロール","対象物","","","","","","","","","","","","","","","","","","","NITE-CHRIP"
"29809-42-5","Thallium hydrogen carbonate","対象物","","","","","","","","","","要確認","","","","","","","","","NITE-CHRIP"
"29853-65-4","Telluric acid (H2TeO3), aluminum salt (3:2)","対象物","","","","","","","","","","要確認","","","","","","","","","NITE-CHRIP"
"29859-88-9","テトライソオクチル＝［（１，３－ジブチルジスタンノキサン－１，１，３，３－テトライル）テトラキス（スルファンジイル）］テトラアセタート","対象物","","","","","","","","","","要確認","","","","","","","","","NITE-CHRIP"
"29870-72-2","Cadmium mercury telluride","対象物","","","","","","","","","","要確認","","","","","","","","","NITE-CHRIP"
"29871-10-1","ヒ酸コバルト","対象物","該当","","","","?","","","","","要確認","","","","","","","","","NITE-CHRIP"
"29871-13-4","ヒ酸銅（ＩＩ）（１：？）","対象物","該当","","","","?","","","","","要確認","","","","","","","","","NITE-CHRIP"
"29881-72-9","（Ｚ，Ｚ，Ｚ）－４，４’－［（ジブチルスタニレン）ビス（オキシ）］ビス（４－オキソ－２－ブテン酸）ジ－９－オクタデセニル","対象物","","","","","","","","","","要確認","","","","","","","","","NITE-CHRIP"
"29904-98-1","２（３Ｈ）－ベンゾチアゾールチオンコバルト（ＩＩ）","対象物","","","","","","","","","","要確認","","","","","","","","","NITE-CHRIP"
"29910-14-3","（Ｚ）－ヒドロキシ（ジメチル）［（１－オキソ－９－オクタデセニル）オキシ］スズ","対象物","","","","","","","","","","要確認","","","","","","","","","NITE-CHRIP"
"29911-28-2","１－（２－ブトキシ－１－メチルエトキシ）プロパン－２－オール","対象物","","","","","","","","","","","","","","","","","","","NITE-CHRIP"
"29935-35-1","六フッ化ヒ酸リチウム","対象物","該当","","","","?","","","","","要確認","","","","","","","","","NITE-CHRIP"
"29973-13-5","２－エチルチオメチルフェニル－Ｎ－メチルカルバメート","対象物","","","","","","","","","","","","","","","","","","","NITE-CHRIP"
"29988-00-9","ａｒ，ａｒ’－ジクロロ－ａｒ，ａｒ’－メチレンジアニリン","対象物","","","","","","","","","","要確認","","","","","","","","","NITE-CHRIP"
"30031-44-8","ホウ酸マンガン","対象物","該当","","","","?","","","","","要確認","","","","","","","","","NITE-CHRIP"
"30099-72-0","［（デカンジオイル）ジオキシ］ビス（トリブチルスタンナン）","対象物","","","","","","","","","","要確認","","","","","","","","","NITE-CHRIP"
"30304-32-6","イソオクタン酸カドミウム（ＩＩ）","対象物","該当","","","","?","","","","","要確認","","","","","","","","","NITE-CHRIP"
"30363-28-1","二ナトリウム＝（ＯＣ－６－２１）－［（エチレンジニトリロ－κ（２）Ｎ，Ｎ’）テトラキス（アセタト－κＯ）］カドマート（２－）","対象物","該当","","","","?","","","","","要確認","","","","","","","","","NITE-CHRIP"
"30498-66-9","ジメチルヘプタン","対象物","","","","","","","","","","","","","","","","","","","NITE-CHRIP"
"30516-87-1","３’－アジド－３’－デオキシチミジン","対象物","","","","","","","","","","","","","","","","","","","NITE-CHRIP"
"30525-89-4","ポリ（オキシメチレン）","対象物","","","","","","","","","","要確認","","","","","","","","","NITE-CHRIP"
"30560-19-1","Ｏ，Ｓ－ジメチル＝アセチルホスホルアミドチオアート","対象物","","","","","","","","","","要確認","","","","","","","","","NITE-CHRIP"
"30605-61-9","ａｒ，ａｒ，ａｒ－トリクロロビフェニル","対象物","該当","","","","?","","","","","要確認","","","第一種特定","","","","","","NITE-CHRIP"
"30623-04-2","硫酸カリウムカドミウム・六水和物","対象物","該当","","","","?","","","","","要確認","","","","","","","","","NITE-CHRIP"
"30638-08-5","フタロシアニンスルホナト（３－）コバルト酸水素","対象物","","","","","","","","","","要確認","","","","","","","","","NITE-CHRIP"
"30638-09-6","三水素＝（フタロシアニントリスルホナト）クプラート（３－）","対象物","","","","","","","","","","","","","","","","","","","NITE-CHRIP"
"30638-10-9","四カリウム＝（フタロシアニンテトラスルホナト）クプラート（４－）","対象物","","","","","","","","","","","","","","","","","","","NITE-CHRIP"
"30674-80-7","２－イソシアナトエチル＝メタクリラート","対象物","","","","","","","","","","","","","","","","","","","NITE-CHRIP"
"30718-75-3","アンチモン酸ナトリウム・一水和物","対象物","","","","","","","","","","要確認","","","","","","","","","NITE-CHRIP"
"30719-10-9","ケイ酸鉛","対象物","","","","","","","","","","要確認","","","","","","","","","NITE-CHRIP"
"30734-38-4","硫酸インジウム（ＩＩＩ）アンモニウム","対象物","","","","","","","","","","要確認","","","","","","","","","NITE-CHRIP"
"30737-19-0","二クロム（３＋）＝トリオキサラート","対象物","","","","","","","","","","要確認","","","","","","","","","NITE-CHRIP"
"30744-82-2","四フッ化ホウ酸マンガン（ＩＩ）","対象物","該当","","","","?","","","","","要確認","","","","","","","","","NITE-CHRIP"
"30776-59-1","テトラデシルベンゼンスルホン酸","対象物","","","","","","","","","","要確認","","","","","","","","","NITE-CHRIP"
"30860-66-3","トリブチル［（１－オキシドピリジン－２－イル）スルファニル］スタンナン","対象物","","","","","","","","","","要確認","","","","","","","","","NITE-CHRIP"
"30947-30-9","Ｏ－エチル－３，５－ジ－ｔ－ブチルヒドロキシベンジルフォスフォネートニッケル塩","対象物","該当","","","","?","","","","","要確認","","","","","","","","","NITE-CHRIP"
"31017-44-4","ドデシルベンゼンスルホン酸カドミウム（ＩＩ）","対象物","該当","","","","?","","","","","要確認","","","","","","","","","NITE-CHRIP"
"31045-95-1","ジブチルビス｛［（イソオクチルスルファニル）アセチル］オキシ｝スタンナン","対象物","","","","","","","","","","要確認","","","","","","","","","NITE-CHRIP"
"31065-88-0","オキシシアン化水銀（ＩＩ）","対象物","該当","","","","?","","","","","要確認","","","","","","","","","NITE-CHRIP"
"31093-47-7","デシルベンゼンスルホン酸","対象物","","","","","","","","","","要確認","","","","","","","","","NITE-CHRIP"
"31119-53-6","硫酸のカドミウム塩（１：１）","対象物","該当","","","","?","","","","","要確認","","","","","","","","","NITE-CHRIP"
"31215-94-8","（１，１－ジメチルエチル）安息香酸カドミウム（ＩＩ）","対象物","該当","","","","?","","","","","要確認","","","","","","","","","NITE-CHRIP"
"31218-83-4","Ｎ－エチル－Ｏ－（２－イソプロポキシカルボニル－１－メチルビニル）－Ｏ－メチルチオホスホルアミド","対象物","","","","","","","","","","","","","","","","","","","NITE-CHRIP"
"31242-93-0","六塩素化ジフェニルオキシド","対象物","該当","","","","","","","","","","","","","","","","","","NITE-CHRIP"
"31278-57-6","［ビス（クロロメチル）フタロシアニナト］銅","対象物","","","","","","","","","","","","","","","","","","","NITE-CHRIP"
"31330-63-9","４－（２Ｈ－テトラゾール－５－イル）テトラアザ－３－エン－２－カルボキシミドアミド一水和物","対象物","","","","","","","","","","","","","","","","","","","NITE-CHRIP"
"31394-54-4","２－メチルヘキサン","対象物","","","","","","","","","","","","","","","","","","","NITE-CHRIP"
"31430-86-1","［（３，４，５，６－テトラクロロフタロイル）ジオキシ］ビス（トリブチルスタンナン）","対象物","","","","","","","","","","要確認","","","","","","","","","NITE-CHRIP"
"31472-83-0","オクタクロロビフェニル","対象物","該当","","","","?","","","","","要確認","","","第一種特定","","","","","","NITE-CHRIP"
"31508-00-6","２，３’，４，４’，５－ペンタクロロビフェニル","対象物","該当","","","","?","","","","","要確認","","","第一種特定","","","","","","NITE-CHRIP"
"31709-32-7","イソチオシアナト（トリプロピル）スタンナン","対象物","","","","","","","","","","要確認","","","","","","","","","NITE-CHRIP"
"31710-35-7","ジドデシル＝（２Ｚ，１１Ｚ）－６，６，８，８－テトラブチル－４，１０－ジオキソ－５，７，９－トリオキサ－６，８－ジスタンナトリデカ－２，１１－ジエンジオアート","対象物","","","","","","","","","","要確認","","","","","","","","","NITE-CHRIP"
"31732-71-5","ｒｅｌ－（２Ｒ，３Ｓ）－ビス（トリブタン－１－イルスタンニル）＝２，３－ジブロモスクシナート","対象物","","","","","","","","","","要確認","","","","","","","","","NITE-CHRIP"
"31754-55-9","硫酸マンガン","対象物","該当","","","","?","","","","","要確認","","","","","","","","","NITE-CHRIP"
"31754-56-0","硫酸マンガン","対象物","該当","","","","?","","","","","要確認","","","","","","","","","NITE-CHRIP"
"31781-13-2","２，２’－［（ジブチルスタニレン）ジチオ］ジプロピオン酸ビス（２－ブトキシエチル）","対象物","","","","","","","","","","要確認","","","","","","","","","NITE-CHRIP"
"31794-56-6","ビス（トリフェニルスズ）－α，α’－ジブロムサクシネート","対象物","","","","","","","","","","要確認","","","","","","","","","NITE-CHRIP"
"31895-21-3","Ｎ，Ｎ－ジメチル－１，２，３－トリチアン－５－イルアミン","対象物","","","","","","","","","","要確認","","","","","","","","","NITE-CHRIP"
"32011-19-1","ジブチルビス（メチル＝３－メルカプトプロパノアト）スズ","対象物","","","","","","","","","","要確認","","","","","","","","","NITE-CHRIP"
"32055-14-4","アニリン・ホルムアルデヒド・ホスゲン重合物","対象物","該当","","","","","","","","","要確認","","","","","","","","","NITE-CHRIP"
"32210-23-4","４－ｔｅｒｔ－ブチルシクロヘキシル＝アセタート","対象物","該当","","","","","","","","","要確認","","","","","","","","","NITE-CHRIP"
"32241-08-0","ヘプタクロロナフタレン","対象物","","","","","","","","","","","","","第一種特定","","","","","","NITE-CHRIP"
"32294-60-3","Diphenyl ditelluride","対象物","","","","","","","","","","要確認","","","","","","","","","NITE-CHRIP"
"32312-33-7","モノブチルスズ酸ポリマー","対象物","","","","","","","","","","要確認","","","","","","","","","NITE-CHRIP"
"32321-65-6","Zirconium ditelluride","対象物","","","","","","","","","","要確認","","","","","","","","","NITE-CHRIP"
"32388-55-9","１－［（３Ｒ，３ａＲ，７Ｒ，８ａＳ）－３，６，８，８－テトラメチル－２，３，４，７，８，８ａ－ヘキサヒドロ－１Ｈ－３ａ，７－メタノアズレン－５－イル］エタノン","対象物","該当","","","","","","","","","要確認","","","","","","","","","NITE-CHRIP"
"32509-49-2","［（ジブチルスタニレン）ビス（チオ）］二酢酸ビス（２－メトキシエチル）","対象物","","","","","","","","","","要確認","","","","","","","","","NITE-CHRIP"
"32512-08-6","モリブデン酸チタン（ＴｉＭｏＯ５）","対象物","","","","","","","","","","要確認","","","","","","","","","NITE-CHRIP"
"32517-36-5","水素＝（ＯＣ－６－２２’）－ビス｛１－［（４－ニトロ－２－オキシド－κＯ－フェニル）ジアゼニル－κＮ（１）］ナフタレン－２－オラト－κＯ｝クロマート（１－）","対象物","","","","","","","","","","要確認","","","","","","","","","NITE-CHRIP"
"32517-38-7","ビス［１－［（２－ヒドロキシ－４－ニトロフェニル）アゾ］－２－ナフタレノラト（２－）］コバルト酸水素","対象物","","","","","","","","","","要確認","","","","","","","","","NITE-CHRIP"
"32534-81-9","ペンタブロモ（フェノキシベンゼン）","対象物","","","","","","","","","","","","","第一種特定","","","","","","NITE-CHRIP"
"32536-52-0","フェノキシベンゼンのオクタブロモ誘導体","対象物","","","","","","","","","","要確認","","","","","","","","","NITE-CHRIP"
"32593-99-0","三ヨウ化カドミウムアンモニウム","対象物","該当","","","","?","","","","","要確認","","","","","","","","","NITE-CHRIP"
"32598-10-0","２，３’，４，４’－テトラクロロビフェニル","対象物","該当","","","","?","","","","","要確認","","","第一種特定","","","","","","NITE-CHRIP"
"32598-11-1","２，３’，４’，５－テトラクロロビフェニル","対象物","該当","","","","?","","","","","要確認","","","第一種特定","","","","","","NITE-CHRIP"
"32598-12-2","２，４，４’，６－テトラクロロビフェニル","対象物","該当","","","","?","","","","","要確認","","","第一種特定","","","","","","NITE-CHRIP"
"32598-13-3","３，３’，４，４’－テトラクロロビフェニル","対象物","該当","","","","?","","","","","要確認","","","第一種特定","","","","","","NITE-CHRIP"
"32598-14-4","２，３，３’，４，４’－ペンタクロロビフェニル","対象物","該当","","","","?","","","","","要確認","","","第一種特定","","","","","","NITE-CHRIP"
"32673-05-5","ジヒドロ－２，２－ジメチル－６Ｈ－１，３，２－オキサチアスタンニン－６－オン","対象物","","","","","","","","","","要確認","","","","","","","","","NITE-CHRIP"
"32690-93-0","２，４，４’，５－テトラクロロビフェニル","対象物","該当","","","","?","","","","","要確認","","","第一種特定","","","","","","NITE-CHRIP"
"32768-54-0","２，３－ジクロロトルエン","対象物","","","","","","","","","","","","","","","","","","","NITE-CHRIP"
"32774-16-6","３，３’，４，４’，５，５’－ヘキサクロロビフェニル","対象物","該当","","","","?","","","","","要確認","","","第一種特定","","","","","","NITE-CHRIP"
"32809-16-8","Ｎ－（３，５－ジクロロフエニル）－１，２－ジメチルシクロプロパン－１，２－ジカルボキシイミド","対象物","","","","","","","","","","要確認","","","","","","","","","NITE-CHRIP"
"33025-41-1","２，３，４，４’－テトラクロロビフェニル","対象物","該当","","","","?","","","","","要確認","","","第一種特定","","","","","","NITE-CHRIP"
"33039-81-5","ａｒ，ａｒ’－ジクロロビフェニル","対象物","該当","","","","?","","","","","要確認","","","第一種特定","","","","","","NITE-CHRIP"
"33089-61-1","３－メチル－１，５－ジ（２，４－キシリル）－１，３，５－トリアザペンタ－１，４－ジエン","対象物","該当","","","","","","","","","要確認","","","","","","","","","NITE-CHRIP"
"33091-17-7","２，２’，３，３’，４，４’，６，６’－オクタクロロビフェニル","対象物","該当","","","","?","","","","","要確認","","","第一種特定","","","","","","NITE-CHRIP"
"33146-45-1","２，６－ジクロロビフェニル","対象物","該当","","","","?","","","","","要確認","","","第一種特定","","","","","","NITE-CHRIP"
"33220-53-0","トリクロロスズ酸カリウム・一水和物","対象物","","","","","","","","","","","","","","","","","","","NITE-CHRIP"
"33270-70-1","水素＝ビス｛３－メチル－４－［（４－ニトロ－２－オキシド－κＯ－フェニル）ジアゼニル－κＮ（１）］－５－オキソ－κＯ－１－フェニル－４，５－ジヒドロ－１Ｈ－ピラゾール－４－イド｝クロマート（１－）","対象物","","","","","","","","","","要確認","","","","","","","","","NITE-CHRIP"
"33284-50-3","２，４－ジクロロビフェニル","対象物","該当","","","","?","","","","","要確認","","","第一種特定","","","","","","NITE-CHRIP"
"33284-52-5","３，３’，５，５’－テトラクロロビフェニル","対象物","該当","","","","?","","","","","要確認","","","第一種特定","","","","","","NITE-CHRIP"
"33284-53-6","２，３，４，５－テトラクロロビフェニル","対象物","該当","","","","?","","","","","要確認","","","第一種特定","","","","","","NITE-CHRIP"
"33284-54-7","２，３，５，６－テトラクロロビフェニル","対象物","該当","","","","?","","","","","要確認","","","第一種特定","","","","","","NITE-CHRIP"
"33382-64-8","亜ヒ酸三銅（１＋）","対象物","該当","","","","?","","","","","要確認","","","","","","","","","NITE-CHRIP"
"33397-45-4","ジドデシル＝（２Ｚ，１１Ｚ）－６，６，８，８－テトラ－ｔｅｒｔ－ブチル－４，１０－ジオキソ－５，７，９－トリオキサ－６，８－ジスタンナトリデカ－２，１１－ジエンジオアート","対象物","","","","","","","","","","要確認","","","","","","","","","NITE-CHRIP"
"33397-79-4","２，４－ジチオキソ－２，４－スタンナ－３－チアペンタン","対象物","","","","","","","","","","要確認","","","","","","","","","NITE-CHRIP"
"33419-42-0","（５Ｓ，５ａＲ，８ａＲ，９Ｒ）－９－（４－ヒドロキシ－３，５－ジメトキシフェニル）－８－オキソ－５，５ａ，６，８，８ａ，９－ヘキサヒドロフロ［３’，４’：６，７］ナフト［２，３－ｄ］［１，３］ジオキソール－５－イル＝４，６－Ｏ－［（Ｒ）－エチリデン］－β－Ｄ－グルコピラノシド","対象物","","該当","","","","","","","","","","","","","","","","","NITE-CHRIP"
"33439-45-1","Ｎ－（３－クロル－４－クロルジフルオロメチルチオフェニル）－Ｎ’－Ｎ’－ジメチルウレア","対象物","","","","","","","","","","","","","","","","","","","NITE-CHRIP"
"33466-31-8","（Ｚ，Ｚ）－４，４’－［（ジブチルスタニレン）ビス（オキシ）］ビス（４－オキソ－２－ブテン酸）ジドデシル","対象物","","","","","","","","","","要確認","","","","","","","","","NITE-CHRIP"
"33518-89-7","水素＝ビス｛１－アニリノ－２－［（４－ニトロ－２－オキシド－κＯ－フェニル）ジアゼニル－κＮ（１）］－３－オキソ－κＯ－１－オキソブタン－２－イド｝クロマート（１－）","対象物","","","","","","","","","","要確認","","","","","","","","","NITE-CHRIP"
"33550-22-0","トリブチル［（４－クロロブタノイル）オキシ］スタンナン","対象物","","","","","","","","","","要確認","","","","","","","","","NITE-CHRIP"
"33568-99-9","ジイソオクチル＝４，４’－［（ジオクチルスタンニレン）ビス（オキシ）］ビス［（Ｚ）－４－オキソブタ－２－エノアート］","対象物","","","","","","","","","","要確認","","","","","","","","","NITE-CHRIP"
"33637-76-2","ニッケルカルボニル","対象物","該当","","","","?","","","","","要確認","","","","","","","","","NITE-CHRIP"
"33637-77-3","ニッケルカルボニル","対象物","該当","","","","?","","","","","要確認","","","","","","","","","NITE-CHRIP"
"33703-04-7","１，３，３－トリブチル－１，１，３－トリス（｛［（イソオクチルオキシ）カルボニル］メチル｝スルファニル）ジスタンナチアン","対象物","","","","","","","","","","要確認","","","","","","","","","NITE-CHRIP"
"33972-75-7","メチルアルソン酸鉄","対象物","該当","","","","?","","","","","","","","","","","","","","NITE-CHRIP"
"33979-03-2","２，２’，４，４’，６，６’－ヘキサクロロビフェニル","対象物","該当","","","","?","","","","","要確認","","","第一種特定","","","","","","NITE-CHRIP"
"33992-50-6","アンチモン酸ニッケル（Ｎｉ（ＳｂＯ２）２）","対象物","該当","","","","?","","","","","要確認","","","","","","","","","NITE-CHRIP"
"34014-18-1","１－（５－ｔｅｒｔ－ブチル－１，３，４－チアジアゾール－２－イル）－１，３－ジメチルウレア","対象物","","","","","","","","","","要確認","","","","","","","","","NITE-CHRIP"
"34018-28-5","Lead dibromate","対象物","","","","","","","","","","要確認","","","","","","","","","NITE-CHRIP"
"34156-26-8","三タリウム（１＋）＝ヘキサシアニドクロマート（３－）","対象物","","","","","","","","","","要確認","","","","","","","","","NITE-CHRIP"
"34215-66-2","過塩素酸クロム（ＩＩＩ）・十水和物","対象物","","","","該当","","","","","","要確認","","","","","","","","","NITE-CHRIP"
"34240-80-7","塩化コバルト","対象物","該当","","","","?","","","","","要確認","","","","","","","","","NITE-CHRIP"
"34256-82-1","２－クロロ－Ｎ－（エトキシメチル）－２’－エチル－６’－メチルアセトアニリド","対象物","該当","該当","","","","","","","","","","","","","","","","","NITE-CHRIP"
"34275-60-0","テトラクロロスズ酸ジカリウム","対象物","","","","","","","","","","","","","","","","","","","NITE-CHRIP"
"34345-39-6","硫酸セシウムカドミウム・六水和物","対象物","該当","","","","?","","","","","要確認","","","","","","","","","NITE-CHRIP"
"34346-27-5","ビス（アセチルアセトナト－Ｏ，Ｏ’）モリブデン","対象物","","","","","","","","","","要確認","","","","","","","","","NITE-CHRIP"
"34349-21-8","（Ｚ，Ｚ）－１１，１１－ジブチル－６，９，１３－トリオキソ－２，５，１０，１２－テトラオキサ－１１－スナンナヘキサデカ－７，１４－ジエン－１６－酸２－メトキシエチル","対象物","","","","","","","","","","要確認","","","","","","","","","NITE-CHRIP"
"34398-05-5","ポリ（オキシエチレン）＝ペンタデシル＝エーテル","対象物","","","","","","","","","","要確認","","","","","","","","","NITE-CHRIP"
"34445-07-3","フッ化ジアンミン銀（Ｉ）","対象物","","","","","","","","","","要確認","","","","","","","","","NITE-CHRIP"
"34448-20-9","二クロム酸マグネシウム・六水和物","対象物","該当","","","","?","","","","","要確認","","","","","","","","","NITE-CHRIP"
"34464-40-9","イソノナン","対象物","","","","","","","","","","","","","","","","","","","NITE-CHRIP"
"34493-01-1","二クロム酸のナトリウム塩","対象物","該当","","","","?","","","","","要確認","","","","","","","","","NITE-CHRIP"
"34521-09-0","ビス［（Ｒ，Ｒ）－酒石酸］二アンチモン酸二ナトリウム","対象物","","","","","","","","","","要確認","","","","","","","","","NITE-CHRIP"
"34590-94-8","ジプロピレングリコ－ルモノメチルエ－テル","対象物","該当","","該当","","","","","","","","","","","","","","","","NITE-CHRIP"
"34643-46-4","ジチオリン酸Ｏ－２，４－ジクロロフェニル－Ｏ－エチル－Ｓ－プロピル","対象物","該当","","","","","","","","","要確認","","","","","","","","","NITE-CHRIP"
"34729-54-9","Dicesium tellurium tetraoxide","対象物","","","","","","","","","","要確認","","","","","","","","","NITE-CHRIP"
"34837-55-3","ベンゼンセレネニル＝ブロミド","対象物","","","","","","","","","","要確認","","","","","","","","","NITE-CHRIP"
"34871-84-6","２，２’，２’’，２’’’－｛チオビス［（ブチルスタニリジン）ビス（チオ）］｝テトラ酢酸テトライソオクチル","対象物","","","","","","","","","","要確認","","","","","","","","","NITE-CHRIP"
"34883-39-1","２，５－ジクロロビフェニル","対象物","該当","","","","?","","","","","要確認","","","第一種特定","","","","","","NITE-CHRIP"
"34883-41-5","３，５－ジクロロビフェニル","対象物","該当","","","","?","","","","","要確認","","","第一種特定","","","","","","NITE-CHRIP"
"34883-43-7","２，４’－ジクロロビフェニル","対象物","該当","","","","?","","","","","要確認","","","第一種特定","","","","","","NITE-CHRIP"
"35013-90-2","４－［シアノ（ヒドロキシイミノ）メチル］－１－メチルピリジン－１－イウム＝ヨージド","対象物","","","","","","","","","","","","","","","","","","","NITE-CHRIP"
"35065-27-1","２，２’，４，４’，５，５’－ヘキサクロロビフェニル","対象物","該当","","","","?","","","","","要確認","","","第一種特定","","","","","","NITE-CHRIP"
"35065-28-2","２，２’，３，４，４’，５’－ヘキサクロロビフェニル","対象物","該当","","","","?","","","","","要確認","","","第一種特定","","","","","","NITE-CHRIP"
"35065-29-3","２，２’，３，４，４’，５，５’－ヘプタクロロビフェニル","対象物","該当","","","","?","","","","","要確認","","","第一種特定","","","","","","NITE-CHRIP"
"35065-30-6","２，２’，３，３’，４，４’，５－ヘプタクロロビフェニル","対象物","該当","","","","?","","","","","要確認","","","第一種特定","","","","","","NITE-CHRIP"
"35089-00-0","リン酸ベリリウム（１：？）","対象物","該当","","","","?","","","","","要確認","","","","","","","","","NITE-CHRIP"
"35104-88-2","スズ＝ジパルミタート","対象物","","","","","","","","","","","","","","","","","","","NITE-CHRIP"
"35112-70-0","シアナミド鉛","対象物","","","","","","","","","","要確認","","","","","","","","","NITE-CHRIP"
"35229-41-5","酸化鉛（Ｐｂ２Ｏ２）","対象物","","","","","","","","","","要確認","","","","","","","","","NITE-CHRIP"
"35254-77-4","（ジクロロフタロシアニナト）銅","対象物","","","","","","","","","","","","","","","","","","","NITE-CHRIP"
"35367-38-5","１－（４－クロロフェニル）－３－（２，６－ジフルオロベンゾイル）尿素","対象物","","","","","","","","","","要確認","","","","","","","","","NITE-CHRIP"
"35400-43-2","ジチオリン酸Ｏ－エチル－Ｏ－（４－メチルチオフェニル）－Ｓ－ｎ－プロピル","対象物","該当","","該当","","","","","","","","","","","","","","","","NITE-CHRIP"
"35465-61-3","１，２－ジイソシアナトメチルベンゼン","対象物","該当","","","","?","","","","","要確認","","","","","","","","","NITE-CHRIP"
"35498-15-8","ホウ酸鉛","対象物","","","","","","","","","","要確認","","","","","","","","","NITE-CHRIP"
"35515-91-4","Vanadium ditelluride","対象物","","","","","","","","","","要確認","","","","","","","","","NITE-CHRIP"
"35554-44-0","１－［２－（アリルオキシ）－２－（２，４－ジクロロフェニル）エチル］－１Ｈ－イミダゾール（別名イマザリル）","対象物","該当","","","","","","","","","","","","","","","","","","NITE-CHRIP"
"35569-11-0","ジ－ｔｅｒｔ－ブチル（ジメチル）スタンナン","対象物","","","","","","","","","","要確認","","","","","","","","","NITE-CHRIP"
"35597-43-4","（２Ｓ，５Ｓ，８Ｓ）－８－アミノ－１０－［ヒドロキシ（メチル）ホスホリル］－２，５－ジメチル－４，７－ジオキソ－３，６－ジアザデカン酸","対象物","","","","","","","","","","","","","","","","","","","NITE-CHRIP"
"35658-65-2","塩化カドミウム（ＩＩ）・一水和物","対象物","該当","","","","?","","","","","要確認","","","","","","","","","NITE-CHRIP"
"35693-92-6","２，４，６－トリクロロビフェニル","対象物","該当","","","","?","","","","","要確認","","","第一種特定","","","","","","NITE-CHRIP"
"35693-99-3","２，２’，５，５’－テトラクロロビフェニル","対象物","該当","","","","?","","","","","要確認","","","第一種特定","","","","","","NITE-CHRIP"
"35694-04-3","２，２’，３，３’，５，５’－ヘキサクロロビフェニル","対象物","該当","","","","?","","","","","要確認","","","第一種特定","","","","","","NITE-CHRIP"
"35694-06-5","２，２’，３，４，４’，５－ヘキサクロロビフェニル","対象物","該当","","","","?","","","","","要確認","","","第一種特定","","","","","","NITE-CHRIP"
"35694-08-7","２，２’，３，３’，４，４’，５，５’－オクタクロロビフェニル","対象物","該当","","","","?","","","","","要確認","","","第一種特定","","","","","","NITE-CHRIP"
"35822-46-9","１，２，３，４，６，７，８－ヘプタクロロオキサントレン","対象物","","","","","","","","","","","","","","","","","","","NITE-CHRIP"
"36118-60-2","３，３’，３’’－［（ブチルスタニリジン）トリス（チオ）］トリプロパン酸トリイソオクチル","対象物","","","","","","","","","","要確認","","","","","","","","","NITE-CHRIP"
"36153-28-3","硝酸プラセオジム（ＩＩＩ）ニッケル（ＩＩ）・二十四水和物","対象物","該当","","","","?","","","","","要確認","","","","","","","","","NITE-CHRIP"
"36211-44-6","３，５，５－トリメチルヘキサン酸カドミウム（ＩＩ）","対象物","該当","","","","?","","","","","要確認","","","","","","","","","NITE-CHRIP"
"36253-76-6","２－（トリブチルスタンニル）エタノール","対象物","","","","","","","","","","要確認","","","","","","","","","NITE-CHRIP"
"36335-67-8","Ｏ－エチル＝Ｏ－（６－ニトロ－ｍ－トリル）＝ｓｅｃ－ブチルホスホルアミドチオアート","対象物","","","","","","","","","","要確認","","","","","","","","","NITE-CHRIP"
"36355-01-8","ヘキサブロモビフェニル","対象物","","該当","","","","","","","","","","","第一種特定","","","","","","NITE-CHRIP"
"36432-42-5","１，３－ジオクチル－１，３－ビス（スルファニリデン）ジスタンナチアン","対象物","","","","","","","","","","要確認","","","","","","","","","NITE-CHRIP"
"36437-37-3","２－（２Ｈ－ベンゾトリアゾール－２－イル）－６－ｓｅｃ－ブチル－４－ｔｅｒｔ－ブチルフェノール","対象物","","","","","","","","","","","","","","","","","","","NITE-CHRIP"
"36483-57-5","３－ブロモ－２，２－ビス（ブロモメチル）プロパン－１－オール","対象物","該当","該当","","","","","","","","","","","","","","","","","NITE-CHRIP"
"36499-65-7","コバルト（２＋）＝（ＯＣ－６－２１）－［（エチレンジニトリロ－κ（２）Ｎ，Ｎ’）テトラキス（アセタト－κＯ）］コバルタート（２－）","対象物","","","","","","","","","","要確認","","","","","","","","","NITE-CHRIP"
"36536-46-6","４－メチルオキセタン－２－オン","対象物","","","","","","","","","","","","","","","","","","","NITE-CHRIP"
"36550-56-8","リン酸コバルト（ＩＩ）・四水和物","対象物","該当","","","","?","","","","","要確認","","","","","","","","","NITE-CHRIP"
"36559-22-5","２，２’，３，４’－テトラクロロビフェニル","対象物","該当","","","","?","","","","","要確認","","","第一種特定","","","","","","NITE-CHRIP"
"36563-89-0","クロム酸ランタン（ＩＩＩ）・八水和物","対象物","該当","","","","?","","","","","要確認","","","","","","","","","NITE-CHRIP"
"36614-38-7","ジメチル－（イソプロピルチオエチル）－ジチオホスフェイト","対象物","","","","","","","","","","","","","","","","","","","NITE-CHRIP"
"36678-21-4","窒化マンガン","対象物","該当","","","","?","","","","","要確認","","","","","","","","","NITE-CHRIP"
"36734-19-7","３－（３，５－ジクロロフェニル）－Ｎ－イソプロピル－２，４－ジオキソイミダゾリジン－１－カルボキサミド","対象物","","","","","","","","","","要確認","","","","","","","","","NITE-CHRIP"
"36787-86-7","イミノビスプロピルアミン","対象物","","","","","","","","","","","","","","","","","","","NITE-CHRIP"
"36931-18-7","４－（１－メチルエチル）安息香酸カドミウム","対象物","該当","","","","?","","","","","要確認","","","","","","","","","NITE-CHRIP"
"37020-93-2","シアン化水銀（Ｉ）","対象物","該当","","","","?","","","","","要確認","","","","","","","","","NITE-CHRIP"
"37043-71-3","テルル化金","対象物","","","","","","","","","","要確認","","","","","","","","","NITE-CHRIP"
"37074-33-2","ブチル｛トリス［（｛［３－（２－エチルヘキシル）オキシ］カルボニル｝アクリロイル）オキシ］｝スタンナン","対象物","","","","","","","","","","要確認","","","","","","","","","NITE-CHRIP"
"37194-88-0","Dilead diruthenium hexaoxide","対象物","","","","","","","","","","要確認","","","","","","","","","NITE-CHRIP"
"37199-66-9","硫化カリウム","対象物","","","","","","","","","","","","","","","","","","","NITE-CHRIP"
"37210-27-8","酸化鉄","対象物","","","","","","","","","","","","","","","","","","","NITE-CHRIP"
"37211-05-5","塩化ニッケル","対象物","該当","","","","?","","","","","要確認","","","","","","","","","NITE-CHRIP"
"37223-53-3","フッ化マンガン","対象物","該当","","","","?","","","","","要確認","","","","","","","","","NITE-CHRIP"
"37224-57-0","クロム酸亜鉛カリウム","対象物","該当","","","","?","","","","","要確認","","","","","","","","","NITE-CHRIP"
"37228-06-1","ホウ酸のバリウム塩","対象物","","","","","","","","","","要確認","","","","","","","","","NITE-CHRIP"
"37230-85-6","酸化ハフニウム","対象物","","","","","","","","","","","","","","","","","","","NITE-CHRIP"
"37235-82-8","二クロム酸ビスマスオキシド","対象物","該当","","","","?","","","","","要確認","","","","","","","","","NITE-CHRIP"
"37240-96-3","Dilead dirhodium heptaoxide","対象物","","","","","","","","","","要確認","","","","","","","","","NITE-CHRIP"
"37293-14-4","三テルル化二ビスマス","対象物","","","","","","","","","","要確認","","","","","","","","","NITE-CHRIP"
"37299-67-5","ジルコン酸カルシウム","対象物","","","","","","","","","","","","","","","","","","","NITE-CHRIP"
"37306-42-6","ジルコン酸ビスマス","対象物","","","","","","","","","","","","","","","","","","","NITE-CHRIP"
"37318-74-4","テルル化銀","対象物","","","","","","","","","","要確認","","","","","","","","","NITE-CHRIP"
"37320-91-5","ヨウ化水銀（１：？）","対象物","該当","","","","?","","","","","要確認","","","","","","","","","NITE-CHRIP"
"37367-87-6","クロム酸セシウム","対象物","該当","","","","?","","","","","要確認","","","","","","","","","NITE-CHRIP"
"37367-90-1","ホウ酸コバルト","対象物","該当","","","","?","","","","","要確認","","","","","","","","","NITE-CHRIP"
"37667-57-5","ビス（硫酸）水素タリウム（ＩＩＩ）四水和物","対象物","","","","","","","","","","要確認","","","","","","","","","NITE-CHRIP"
"37667-58-6","ビス（硫酸）水素タリウム（ＩＩＩ）一水和物","対象物","","","","","","","","","","要確認","","","","","","","","","NITE-CHRIP"
"37680-65-2","２，２’，５－トリクロロビフェニル","対象物","該当","","","","?","","","","","要確認","","","第一種特定","","","","","","NITE-CHRIP"
"37680-66-3","２，２’，４－トリクロロビフェニル","対象物","該当","","","","?","","","","","要確認","","","第一種特定","","","","","","NITE-CHRIP"
"37680-68-5","２，３’，５’－トリクロロビフェニル","対象物","該当","","","","?","","","","","要確認","","","第一種特定","","","","","","NITE-CHRIP"
"37680-69-6","３，３’，４－トリクロロビフェニル","対象物","該当","","","","?","","","","","要確認","","","第一種特定","","","","","","NITE-CHRIP"
"37680-73-2","２，２’，４，５，５’－ペンタクロロビフェニル","対象物","該当","","","","?","","","","","要確認","","","第一種特定","","","","","","NITE-CHRIP"
"38232-63-2","二アジ化二水銀","対象物","該当","","","","?","","","","","要確認","","","","","","","","","NITE-CHRIP"
"38233-75-9","メタホウ酸コバルト（ＩＩ）","対象物","該当","","","","?","","","","","要確認","","","","","","","","","NITE-CHRIP"
"38379-99-6","２，２’，３，５’，６－ペンタクロロビフェニル","対象物","該当","","","","?","","","","","要確認","","","第一種特定","","","","","","NITE-CHRIP"
"38380-01-7","２，２’，４，４’，５－ペンタクロロビフェニル","対象物","該当","","","","?","","","","","要確認","","","第一種特定","","","","","","NITE-CHRIP"
"38380-02-8","２，２’，３，４，５’－ペンタクロロビフェニル","対象物","該当","","","","?","","","","","要確認","","","第一種特定","","","","","","NITE-CHRIP"
"38380-03-9","２，３，３’，４’，６－ペンタクロロビフェニル","対象物","該当","","","","?","","","","","要確認","","","第一種特定","","","","","","NITE-CHRIP"
"38380-04-0","２，２’，３，４’，５’，６－ヘキサクロロビフェニル","対象物","該当","","","","?","","","","","要確認","","","第一種特定","","","","","","NITE-CHRIP"
"38380-05-1","２，２’，３，３’，４，６’－ヘキサクロロビフェニル","対象物","該当","","","","?","","","","","要確認","","","第一種特定","","","","","","NITE-CHRIP"
"38380-07-3","２，２’，３，３’，４，４’－ヘキサクロロビフェニル","対象物","該当","","","","?","","","","","要確認","","","第一種特定","","","","","","NITE-CHRIP"
"38380-08-4","２，３，３’，４，４’，５－ヘキサクロロビフェニル","対象物","該当","","","","?","","","","","要確認","","","第一種特定","","","","","","NITE-CHRIP"
"38386-25-3","硫酸カリウムカドミウム・二水和物","対象物","該当","","","","?","","","","","要確認","","","","","","","","","NITE-CHRIP"
"38411-22-2","２，２’，３，３’，６，６’－ヘキサクロロビフェニル","対象物","該当","","","","?","","","","","要確認","","","第一種特定","","","","","","NITE-CHRIP"
"38411-25-5","２，２’，３，３’，４，５，６’－ヘプタクロロビフェニル","対象物","該当","","","","?","","","","","要確認","","","第一種特定","","","","","","NITE-CHRIP"
"38421-62-4","２，３，４，５，６－ペンタブロモビフェニル","対象物","","","","","","","","","","","","","","","","","","","NITE-CHRIP"
"38444-73-4","２，２’，６－トリクロロビフェニル","対象物","該当","","","","?","","","","","要確認","","","第一種特定","","","","","","NITE-CHRIP"
"38444-76-7","２，３’，６－トリクロロビフェニル","対象物","該当","","","","?","","","","","要確認","","","第一種特定","","","","","","NITE-CHRIP"
"38444-77-8","２，４’，６－トリクロロビフェニル","対象物","該当","","","","?","","","","","要確認","","","第一種特定","","","","","","NITE-CHRIP"
"38444-78-9","２，２’，３－トリクロロビフェニル","対象物","該当","","","","?","","","","","要確認","","","第一種特定","","","","","","NITE-CHRIP"
"38444-81-4","２，３’，５－トリクロロビフェニル","対象物","該当","","","","?","","","","","要確認","","","第一種特定","","","","","","NITE-CHRIP"
"38444-84-7","２，３，３’－トリクロロビフェニル","対象物","該当","","","","?","","","","","要確認","","","第一種特定","","","","","","NITE-CHRIP"
"38444-85-8","２，３，４’－トリクロロビフェニル","対象物","該当","","","","?","","","","","要確認","","","第一種特定","","","","","","NITE-CHRIP"
"38444-86-9","２’，３，４－トリクロロビフェニル","対象物","該当","","","","?","","","","","要確認","","","第一種特定","","","","","","NITE-CHRIP"
"38444-87-0","３，３’，５－トリクロロビフェニル","対象物","該当","","","","?","","","","","要確認","","","第一種特定","","","","","","NITE-CHRIP"
"38444-88-1","３，４’，５－トリクロロビフェニル","対象物","該当","","","","?","","","","","要確認","","","第一種特定","","","","","","NITE-CHRIP"
"38444-90-5","３，４，４’－トリクロロビフェニル","対象物","該当","","","","?","","","","","要確認","","","第一種特定","","","","","","NITE-CHRIP"
"38444-93-8","２，２’，３，３’－テトラクロロビフェニル","対象物","該当","","","","?","","","","","要確認","","","第一種特定","","","","","","NITE-CHRIP"
"38465-60-0","四フッ化ホウ酸銅（ＩＩ）","対象物","","","","","","","","","","要確認","","","","","","","","","NITE-CHRIP"
"38471-49-7","２－（トリデシルオキシ）エタノール","対象物","","","","","","","","","","要確認","","","","","","","","","NITE-CHRIP"
"38517-19-0","カドミウム＝ビス［（Ｒ）－１２－ヒドロキシオクタデカノアート］","対象物","該当","","","","?","","","","","要確認","","","","","","","","","NITE-CHRIP"
"38640-62-9","ジイソプロピルナフタレン","対象物","","","","","","","","","","要確認","","","","","","","","","NITE-CHRIP"
"38719-68-5","２，２（ｏｒ＝２，３）－ジメチルブタン","対象物","","","","","","","","","","","","","","","","","","","NITE-CHRIP"
"38732-53-5","７，７，９，９，２３，２３，２５，２５－オクタドデシル－２，８，１４，１８，２４，３０－ヘキサオキサ－６，１０，２２，２６－テトラチア－７，９，２３，２５－テトラスタンナスピロ［１５．１５］ヘントリアコンタン－３，１３，１９，２９－テトラオン","対象物","","","","","","","","","","要確認","","","","","","","","","NITE-CHRIP"
"38802-82-3","ジクロロ（ジイソプロピル）スタンナン","対象物","","","","","","","","","","要確認","","","","","","","","","NITE-CHRIP"
"38815-29-1","ジメチルペンタン","対象物","","","","","","","","","","","","","","","","","","","NITE-CHRIP"
"38884-10-5","［テトラキス（クロロメチル）フタロシアニナト］銅","対象物","","","","","","","","","","","","","","","","","","","NITE-CHRIP"
"38886-67-8","［（クロロメチル）フタロシアニナト］銅","対象物","","","","","","","","","","","","","","","","","","","NITE-CHRIP"
"39001-02-0","オクタクロロジベンゾ［ｂ，ｄ］フラン","対象物","","","","","","","","","","","","","","","","","","","NITE-CHRIP"
"39049-81-5","二カリウム＝トリシアニドニッケラート（２－）","対象物","該当","","","","?","","","","","要確認","","","","","","","","","NITE-CHRIP"
"39056-18-3","ｒｅｌ－（３Ｒ，５Ｓ）－３，５－ジメチルヘプタン","対象物","","","","","","","","","","","","","","","","","","","NITE-CHRIP"
"39056-19-4","ｒｅｌ－（３Ｒ，５Ｒ）－３，５－ジメチルヘプタン","対象物","","","","","","","","","","","","","","","","","","","NITE-CHRIP"
"39082-23-0","Hafnium ditelluride","対象物","","","","","","","","","","要確認","","","","","","","","","NITE-CHRIP"
"39148-24-8","Aluminium triethyl triphosphonate","対象物","該当","","","","","","","","","要確認","","","","","","","","","NITE-CHRIP"
"39156-41-7","４－メトキシベンゼン－１，３－ジアミン＝モノスルファート","対象物","","該当","","","","","","","","","","","","","","","","","NITE-CHRIP"
"39227-28-6","１，２，３，４，７，８－ヘキサクロロオキサントレン","対象物","","","","","","","","","","","","","","","","","","","NITE-CHRIP"
"39300-45-3","ジニトロメチルヘプチルフェニルクロトナート","対象物","該当","","","該当","","","","","","","","","","","","","","","NITE-CHRIP"
"39310-41-3","ヒ化鉄","対象物","該当","","","","?","","","","","要確認","","","","","","","","","NITE-CHRIP"
"39318-32-6","ジルコン酸マグネシウム","対象物","","","","","","","","","","","","","","","","","","","NITE-CHRIP"
"39345-91-0","水酸化鉛","対象物","","","","","","","","","","要確認","","","","","","","","","NITE-CHRIP"
"39377-56-5","硫化鉛","対象物","","","","","","","","","","要確認","","","","","","","","","NITE-CHRIP"
"39386-06-6","塩基性亜硫酸鉛","対象物","","","","","","","","","","要確認","","","","","","","","","NITE-CHRIP"
"39390-00-6","Lead chloride silicate","対象物","","","","","","","","","","要確認","","","","","","","","","NITE-CHRIP"
"39399-60-5","セレン化ヒ素","対象物","該当","","","","?","","","","","要確認","","","","","","","","","NITE-CHRIP"
"39400-35-6","クロム酸ウランオキシドナトリウム・六水和物","対象物","該当","","","","?","","","","","要確認","","","","","","","","","NITE-CHRIP"
"39427-02-6","三テルル化二アンチモン","対象物","","","","","","","","","","要確認","","","","","","","","","NITE-CHRIP"
"39430-27-8","塩基性炭酸ニッケル（ＩＩ）・四水和物","対象物","該当","","","","?","","","","","要確認","","","","","","","","","NITE-CHRIP"
"39473-96-6","テルル酸","対象物","","","","","","","","","","要確認","","","","","","","","","NITE-CHRIP"
"39485-83-1","２，２’，４，４’，６－ペンタクロロビフェニル","対象物","該当","","","","?","","","","","要確認","","","第一種特定","","","","","","NITE-CHRIP"
"39515-40-7","シアノ（３－フェノキシフェニル）メチル＝２，２－ジメチル－３－（２－メチルプロパ－１－エン－１－イル）シクロプロパンカルボキシラート","対象物","","","","","","","","","","","","","","","","","","","NITE-CHRIP"
"39515-41-8","シアノ（３－フェノキシフェニル）メチル＝２，２，３，３－テトラメチルシクロプロパン－１－カルボキシラート","対象物","","","","","","","","","","要確認","","","","","","","","","NITE-CHRIP"
"39603-48-0","ビスチオセミ","対象物","","","","","","","","","","","","","","","","","","","NITE-CHRIP"
"39635-31-9","２，３，３’，４，４’，５，５’－ヘプタクロロビフェニル","対象物","該当","","","","?","","","","","要確認","","","第一種特定","","","","","","NITE-CHRIP"
"39635-32-0","２，３，３’，５，５’－ペンタクロロビフェニル","対象物","該当","","","","?","","","","","要確認","","","第一種特定","","","","","","NITE-CHRIP"
"39635-33-1","３，３’，４，５，５’－ペンタクロロビフェニル","対象物","該当","","","","?","","","","","要確認","","","第一種特定","","","","","","NITE-CHRIP"
"39635-34-2","２，３，３’，４’，５，５’－ヘキサクロロビフェニル","対象物","該当","","","","?","","","","","要確認","","","第一種特定","","","","","","NITE-CHRIP"
"39635-35-3","２，３，３’，４，５，５’－ヘキサクロロビフェニル","対象物","該当","","","","?","","","","","要確認","","","第一種特定","","","","","","NITE-CHRIP"
"39637-16-6","トリブチル（２，４－ジクロロフェノキシ）スタンナン","対象物","","","","","","","","","","要確認","","","","","","","","","NITE-CHRIP"
"39680-90-5","アンモニウム＝メチルカルバモジチオアート","対象物","該当","","","","","","","","","","","","","","","","","","NITE-CHRIP"
"39807-15-3","５－ｔｅｒｔ－ブチル－３－［２，４－ジクロロ－５－（プロパ－２－イン－１－イルオキシ）フェニル］－１，３，４－オキサジアゾール－２（３Ｈ）－オン","対象物","該当","","","","","","","","","要確認","","","","","","","","","NITE-CHRIP"
"39933-52-3","ビス（アセトフェノニル）テルルジクロライド","対象物","","","","","","","","","","要確認","","","","","","","","","NITE-CHRIP"
"40088-45-7","テトラブロモビフェニル","対象物","","","","","","","","","","","","","","","","","","","NITE-CHRIP"
"40088-47-9","テトラブロモ（フェノキシベンゼン）","対象物","","","","","","","","","","","","","第一種特定","","","","","","NITE-CHRIP"
"40093-99-0","９－（β－Ｄ－リボフラノシル）－３，９－ジヒドロ－６Ｈ－プリン－６－セロン","対象物","","","","","","","","","","要確認","","","","","","","","","NITE-CHRIP"
"40105-04-2","メタホウ酸マンガン（ＩＩ）","対象物","該当","","","","?","","","","","要確認","","","","","","","","","NITE-CHRIP"
"40186-70-7","２，２’，３，３’，４，５’，６－ヘプタクロロビフェニル","対象物","該当","","","","?","","","","","要確認","","","第一種特定","","","","","","NITE-CHRIP"
"40186-71-8","２，２’，３，３’，４，５’，６，６’－オクタクロロビフェニル","対象物","該当","","","","?","","","","","要確認","","","第一種特定","","","","","","NITE-CHRIP"
"40186-72-9","２，２’，３，３’，４，４’，５，５’，６－ノナクロロビフェニル","対象物","該当","","","","?","","","","","要確認","","","第一種特定","","","","","","NITE-CHRIP"
"40220-08-4","（２，４，６－トリオキソ－１，３，５－トリアジナン－１，３，５－トリイル）トリエチレン＝トリアクリラート","対象物","該当","","","","","","","","","","","","","","","","","","NITE-CHRIP"
"40321-76-4","１，２，３，７，８－ペンタクロロオキサントレン","対象物","","","","","","","","","","","","","","","","","","","NITE-CHRIP"
"40399-07-3","硫酸インジウム（ＩＩＩ）アンモニウム・十二水和物","対象物","","","","","","","","","","要確認","","","","","","","","","NITE-CHRIP"
"40487-42-1","Ｎ－（１－エチルプロピル）－２，６－ジニトロ－３，４－キシリジン","対象物","","","","","","","","","","要確認","","","","","","","","","NITE-CHRIP"
"40752-90-7","三臭化ヘキサアンミンクロム","対象物","","","","","","","","","","要確認","","","","","","","","","NITE-CHRIP"
"41083-11-8","（１Ｈ－１，２，４－トリアゾール－１－イル）（トリシクロヘキシル）スタンナン","対象物","","","","","","","","","","要確認","","","","","","","","","NITE-CHRIP"
"41189-36-0","クロム酸亜鉛カリウム","対象物","該当","","","","?","","","","","要確認","","","","","","","","","NITE-CHRIP"
"41198-08-7","チオリン酸Ｏ－４－ブロモ－２－クロロフェニル－Ｏ－エチル－Ｓ－プロピル","対象物","該当","","","","","","","","","要確認","","","","","","","","","NITE-CHRIP"
"41205-21-4","Ｎ－（４’－フルオロフエニル）－２，３－ジクロロマレイミド","対象物","該当","","","","","","","","","要確認","","","","","","","","","NITE-CHRIP"
"41292-06-2","亜セレン酸カリウム・四水和物","対象物","","","","","","","","","","要確認","","","","","","","","","NITE-CHRIP"
"41394-05-2","４－アミノ－３－メチル－６－フェニル－１，２，４－トリアジン－５（４Ｈ）－オン","対象物","","","","","","","","","","要確認","","","","","","","","","NITE-CHRIP"
"41411-61-4","２，２’，３，４，５，６－ヘキサクロロビフェニル","対象物","該当","","","","?","","","","","要確認","","","第一種特定","","","","","","NITE-CHRIP"
"41411-62-5","２，３，３’，４，５，６－ヘキサクロロビフェニル","対象物","該当","","","","?","","","","","要確認","","","第一種特定","","","","","","NITE-CHRIP"
"41411-63-6","２，３，４，４’，５，６－ヘキサクロロビフェニル","対象物","該当","","","","?","","","","","要確認","","","第一種特定","","","","","","NITE-CHRIP"
"41411-64-7","２，３，３’，４，４’，５，６－ヘプタクロロビフェニル","対象物","該当","","","","?","","","","","要確認","","","第一種特定","","","","","","NITE-CHRIP"
"41464-39-5","２，２’，３，５’－テトラクロロビフェニル","対象物","該当","","","","?","","","","","要確認","","","第一種特定","","","","","","NITE-CHRIP"
"41464-40-8","２，２’，４，５’－テトラクロロビフェニル","対象物","該当","","","","?","","","","","要確認","","","第一種特定","","","","","","NITE-CHRIP"
"41464-41-9","２，２’，５，６’－テトラクロロビフェニル","対象物","該当","","","","?","","","","","要確認","","","第一種特定","","","","","","NITE-CHRIP"
"41464-42-0","２，３’，５，５’－テトラクロロビフェニル","対象物","該当","","","","?","","","","","要確認","","","第一種特定","","","","","","NITE-CHRIP"
"41464-43-1","２，３，３’，４’－テトラクロロビフェニル","対象物","該当","","","","?","","","","","要確認","","","第一種特定","","","","","","NITE-CHRIP"
"41464-46-4","２，３’，４’，６－テトラクロロビフェニル","対象物","該当","","","","?","","","","","要確認","","","第一種特定","","","","","","NITE-CHRIP"
"41464-47-5","２，２’，３，６’－テトラクロロビフェニル","対象物","該当","","","","?","","","","","要確認","","","第一種特定","","","","","","NITE-CHRIP"
"41464-48-6","３，３’，４，５’－テトラクロロビフェニル","対象物","該当","","","","?","","","","","要確認","","","第一種特定","","","","","","NITE-CHRIP"
"41464-49-7","２，３，３’，５’－テトラクロロビフェニル","対象物","該当","","","","?","","","","","要確認","","","第一種特定","","","","","","NITE-CHRIP"
"41464-51-1","２，２’，３，４’，５’－ペンタクロロビフェニル","対象物","該当","","","","?","","","","","要確認","","","第一種特定","","","","","","NITE-CHRIP"
"41547-50-6","フッ化鉛","対象物","","","","","","","","","","要確認","","","","","","","","","NITE-CHRIP"
"41635-48-7","（Ｔ－４）－テトラヒドロキシドジルコニウム水和物（１：？）","対象物","","","","","","","","","","","","","","","","","","","NITE-CHRIP"
"41741-86-0","ビス（２－｛［３－メチル－５－（オキソ－κＯ）－１－フェニル－４，５－ジヒドロ－１Ｈ－ピラゾール－４－イル］ジアゼニル－κＮ１｝ベンゾアート－κＯ）クロム酸（１－）ナトリウム","対象物","","","","","","","","","","要確認","","","","","","","","","NITE-CHRIP"
"41814-78-2","５－メチル－１，２，４－トリアゾロ［３，４－ｂ］ベンゾチアゾール","対象物","","","","","","","","","","","","","","","","","","","NITE-CHRIP"
"41935-39-1","ビス（２－フェノキシエチル）＝ペルオキシジカルボナート","対象物","","","","該当","","","","","","","","","","","","","","","NITE-CHRIP"
"42081-47-0","ペンタフルオロ（イミノ）テルル酸セシウム","対象物","","","","","","","","","","要確認","","","","","","","","","NITE-CHRIP"
"42152-47-6","７－メチル－１，６－オクタジエン","対象物","","","","","","","","","","","","","","","","","","","NITE-CHRIP"
"42183-35-7","ヨウ素酸コバルト（ＩＩ）・二水和物","対象物","該当","","","","?","","","","","要確認","","","","","","","","","NITE-CHRIP"
"42183-36-8","ヨウ素酸コバルト（ＩＩ）・四水和物","対象物","該当","","","","?","","","","","要確認","","","","","","","","","NITE-CHRIP"
"42378-34-7","ビス（｛２－［（イソオクチルオキシ）カルボニル］エチル｝スルファニル）（ジメチル）スタンナン","対象物","","","","","","","","","","要確認","","","","","","","","","NITE-CHRIP"
"42397-64-8","１，６－ジニトロピレン","対象物","","該当","","","","","","","","","","","","","","","","","NITE-CHRIP"
"42397-65-9","１，８－ジニトロピレン","対象物","","","","","","","","","","","","","","","","","","","NITE-CHRIP"
"42579-89-5","Sulphuric acid, barium lead salt","対象物","","","","","","","","","","要確認","","","","","","","","","NITE-CHRIP"
"42740-50-1","２，２’，３，３’，４，４’，５，６’－オクタクロロビフェニル","対象物","該当","","","","?","","","","","要確認","","","第一種特定","","","","","","NITE-CHRIP"
"42844-93-9","（ＳＰ－４－２）－［１，１’－｛（２－オキソ－２，３－ジヒドロ－１Ｈ－ベンゾイミダゾール－５，６－ジイル）ビス［アザニリリデン－κＮ－メチリリデン］｝ビス（ナフタレン－２－オラト－κＯ）］ニッケル","対象物","該当","","","","?","","","","","要確認","","","","","","","","","NITE-CHRIP"
"42978-66-5","２－｛２－［２－（アクリロイルオキシ）（メチル）エトキシ］（メチル）エトキシ｝（メチル）エチル＝アクリラート","対象物","該当","","","","","","","","","","","","","","","","","","NITE-CHRIP"
"43061-87-6","｛ビス［（ジエチルアミノ）メチル］フタロシアニナト｝銅","対象物","","","","","","","","","","","","","","","","","","","NITE-CHRIP"
"43133-95-5","メチルペンタン","対象物","","","","","","","","","","","","","","","","","","","NITE-CHRIP"
"43136-18-1","１，１，３，３－テトラメチル－１，３－ビス（オレオイルオキシ）ジスタンノキサン","対象物","","","","","","","","","","要確認","","","","","","","","","NITE-CHRIP"
"44121-71-3","二硫酸水素ニッケル（２＋）","対象物","該当","","","","?","","","","","要確認","","","","","","","","","NITE-CHRIP"
"44122-15-8","硫酸亜鉛","対象物","","","","","","","","","","","","","","","","","","","NITE-CHRIP"
"44433-52-5","テトラアンミンジクロロコバルト","対象物","該当","","","","?","","","","","要確認","","","","","","","","","NITE-CHRIP"
"45234-42-2","１，１，３，３－テトラブチルジスタンノキサン","対象物","","","","","","","","","","要確認","","","","","","","","","NITE-CHRIP"
"47672-31-1","トリフェニルスタンニル＝デカノアート","対象物","","","","","","","","","","要確認","","","","","","","","","NITE-CHRIP"
"47823-32-5","（ＳＰ－４－１）－［２９Ｈ，３１Ｈ－フタロシアニナト（２－）－Ｎ２９，Ｎ３０，Ｎ３１，Ｎ３２］スズ（ＩＩ）","対象物","","","","","","","","","","","","","","","","","","","NITE-CHRIP"
"49538-98-9","トリシクロヘキシル｛［（ジイソプロポキシ）ホスホロチオイル］スルファニル｝スタンナン","対象物","","","","","","","","","","要確認","","","","","","","","","NITE-CHRIP"
"49561-89-9","１，２，５－トリチエピン－３，４，６，７－テトラカルボニトリル","対象物","","","","","","","","","","","","","","","","","","","NITE-CHRIP"
"49602-90-6","２，３’－ジブロモビフェニル","対象物","","","","","","","","","","","","","","","","","","","NITE-CHRIP"
"49602-91-7","２，４’－ジブロモビフェニル","対象物","","","","","","","","","","","","","","","","","","","NITE-CHRIP"
"49651-10-7","（Ｔ－４）－ジブロミドビス［トリ－ｍ－トリルホスファン－κＰ］コバルト","対象物","","","","","","","","","","要確認","","","","","","","","","NITE-CHRIP"
"49663-84-5","クロム酸八水酸化五亜鉛","対象物","該当","","","","?","","","","","要確認","","","","","","","","","NITE-CHRIP"
"49676-83-7","コバルト（２＋）＝ビス（３，５，５－トリメチルヘキサノアート）","対象物","","","","","","","","","","要確認","","","","","","","","","NITE-CHRIP"
"50315-14-5","ネオデカン酸の銅塩","対象物","","","","","","","","","","","","","","","","","","","NITE-CHRIP"
"50316-88-6","クロム酸ネオジム（ＩＩＩ）・二水和物","対象物","該当","","","","?","","","","","要確認","","","","","","","","","NITE-CHRIP"
"50378-14-8","１，３－ジブチル－１，３－ジオキソジスタンノキサン","対象物","","","","","","","","","","要確認","","","","","","","","","NITE-CHRIP"
"50471-44-8","３－（３，５－ジクロロフェニル）－５－メチル－５－ビニル－１，３－オキサゾリジン－２，４－ジオン","対象物","該当","","","","","","","","","","","","","","","","","","NITE-CHRIP"
"50512-35-1","１，３－ジチオラン－２－イリデンマロン酸ジイソプロピル","対象物","","","","","","","","","","要確認","","","","","","","","","NITE-CHRIP"
"50646-06-5","塩化マンガン","対象物","該当","","","","?","","","","","要確認","","","","","","","","","NITE-CHRIP"
"50788-67-5","ビス（｛２－［（イソオクチルオキシ）カルボニル］エチル｝スルファニル）（ジオクチル）スタンナン","対象物","","","","","","","","","","要確認","","","","","","","","","NITE-CHRIP"
"50851-45-1","トリス（２－ヒドロキシエチル）（トリブチルスタンニル）アンモニウム","対象物","","","","","","","","","","要確認","","","","","","","","","NITE-CHRIP"
"50854-94-9","ウンデシルベンゼンスルホン酸","対象物","","","","","","","","","","要確認","","","","","","","","","NITE-CHRIP"
"50864-67-0","硫化バリウム","対象物","","","","","","","","","","","","","","","","","","","NITE-CHRIP"
"50864-71-6","硫化水素（Ｈ２（Ｓｘ））","対象物","該当","","","","?","","","","","","","","","","","","","","NITE-CHRIP"
"50897-08-0","ビス［２－（ヒドロキシ－Ｏ）ベンズアルデヒドオキシマト－Ｎ］ニッケル","対象物","該当","","","","?","","","","","要確認","","","","","","","","","NITE-CHRIP"
"50922-29-7","酸化亜鉛クロム","対象物","該当","","","","?","","","","","要確認","","","","","","","","","NITE-CHRIP"
"50926-11-9","酸化スズインジウム","対象物","該当","","","","?","","","","","要確認","","","","","","","","","NITE-CHRIP"
"50972-73-1","［（エチレンジニトリロ－κ（２）Ｎ，Ｎ’）テトラキス（アセタト－κＯ）］スズ酸二水素","対象物","","","","","","","","","","","","","","","","","","","NITE-CHRIP"
"50985-84-7","メチルヘプタン","対象物","","","","","","","","","","","","","","","","","","","NITE-CHRIP"
"51112-72-2","Propane, 2,2'-tellurobis-","対象物","","","","","","","","","","要確認","","","","","","","","","NITE-CHRIP"
"51202-79-0","トリブロモビフェニル","対象物","","","","","","","","","","","","","","","","","","","NITE-CHRIP"
"51207-31-9","２，３，７，８－テトラクロロジベンゾ［ｂ，ｄ］フラン","対象物","","","","","","","","","","","","","","","","","","","NITE-CHRIP"
"51218-45-2","２－クロロ－２’－エチル－Ｎ－（２－メトキシ－１－メチルエチル）－６’－メチルアセトアニリド","対象物","該当","","","","","","","","","要確認","","","","","","","","","NITE-CHRIP"
"51218-49-6","２－クロロ－２’，６’－ジエチル－Ｎ－（２－プロポキシエチル）アセトアニリド","対象物","該当","","","","","","","","","要確認","","","","","","","","","NITE-CHRIP"
"51222-60-7","ホウ酸カドミウム","対象物","該当","","","","?","","","","","要確認","","","","","","","","","NITE-CHRIP"
"51235-04-2","３－シクロヘキシル－６－（ジメチルアミノ）－１－メチル－１，３，５－トリアジン－２，４（１Ｈ，３Ｈ）－ジオン","対象物","該当","","","","","","","","","","","","","","","","","","NITE-CHRIP"
"51274-00-1","Ｃ．Ｉ．ピグメントイエロー４２","対象物","","","","","","","","","","","","","","","","","","","NITE-CHRIP"
"51276-47-2","２－アミノ－４－［ヒドロキシ（メチル）ホスフィノイル］酪酸","対象物","","","","","","","","","","","","","","","","","","","NITE-CHRIP"
"51287-83-3","ジドデシル＝３，３’－［（ジブチルスタンナンジイル）ビス（スルファンジイル）］ジプロピオナート","対象物","","","","","","","","","","要確認","","","","","","","","","NITE-CHRIP"
"51287-84-4","ビス（ドデシルチオ）ジメチルスズ","対象物","","","","","","","","","","要確認","","","","","","","","","NITE-CHRIP"
"51312-24-4","塩化水銀（１：？）","対象物","該当","","","","?","","","","","要確認","","","","","","","","","NITE-CHRIP"
"51349-94-1","リン酸マンガン","対象物","該当","","","","?","","","","","要確認","","","","","","","","","NITE-CHRIP"
"51375-45-2","トリクロロ（ドデシル）スタンナン","対象物","","","","","","","","","","要確認","","","","","","","","","NITE-CHRIP"
"51404-69-4","酢酸と鉛の塩（塩基性）","対象物","","","","","","","","","","要確認","","","","","","","","","NITE-CHRIP"
"51429-74-4","三水素＝ドデカオキソ－１κＯ，２κＯ，３κＯ，４κＯ，５κＯ，６κＯ，７κＯ，８κＯ，９κＯ，１０κＯ，１１κＯ，１２κＯ－テトラコサ－μ－オキシド－１：２κ（２）Ｏ，１：３κ（２）Ｏ，１：４κ（２）Ｏ，１：５κ（２）Ｏ，２：３κ（２）Ｏ，２：６κ（２）Ｏ，２：７κ（２）Ｏ，３：８κ（２）Ｏ，３：９κ（２）Ｏ，４：５κ（２）Ｏ，４：８κ（２）Ｏ，４：１０κ（２）Ｏ，５：６κ（２）Ｏ，５：１１κ（２）Ｏ，６：７κ（２）Ｏ，６：１１κ（２）Ｏ，７：９κ（２）Ｏ，７：１２κ（２）Ｏ，８：９κ（２）Ｏ，８：１０κ（２）Ｏ，９：１２κ（２）Ｏ，１０：１１κ（２）Ｏ，１０：１２κ（２）Ｏ，１１：１２κ（２）Ｏ－μ１２－ホスファト－１：４：５κ（３）Ｏ；２：６：７κ（３）Ｏ’；３：８：９κ（３）Ｏ’’；１０：１１：１２κ（３）Ｏ’’’－ドデカモリブダート（３－），水和物（１：？）","対象物","","","","","","","","","","要確認","","","","","","","","","NITE-CHRIP"
"51541-60-7","ビス［［４－（１，１－ジメチルエチル）ベンゾイル］オキシ］ジオクチルスズ","対象物","","","","","","","","","","要確認","","","","","","","","","NITE-CHRIP"
"51554-05-3","水素＝（クロロフタロシアニンスルホナト）クプラート（１－）","対象物","","","","","","","","","","","","","","","","","","","NITE-CHRIP"
"51590-67-1","ブチル（オキソ）スタンナン","対象物","","","","","","","","","","要確認","","","","","","","","","NITE-CHRIP"
"51594-55-9","（Ｒ）－２－（クロロメチル）オキシラン","対象物","該当","","","該当","","","","","","要確認","","","","","","","","","NITE-CHRIP"
"51595-71-2","硫化二水銀（Ｉ）","対象物","","","","","","","","","","要確認","","","","","","","","","NITE-CHRIP"
"51621-86-4","硫化水素（Ｈ４Ｓ）","対象物","該当","","","","?","","","","","","","","","","","","","","NITE-CHRIP"
"51630-58-1","α－シアノ－３－フェノキシベンジル＝２－（４－クロロフェニル）－３－メチルブチラート","対象物","該当","","","","","","","","","","","","","","","","","","NITE-CHRIP"
"51694-22-5","１－ニトロ－２－セレノシアナトベンゼン","対象物","","","","","","","","","","要確認","","","","","","","","","NITE-CHRIP"
"51715-67-4","（ＯＣ－６－１１）－λ（６）－スルファン","対象物","該当","","","","?","","","","","","","","","","","","","","NITE-CHRIP"
"51815-14-6","ブチル［トリス（｛（Ｚ）－３－［（オクチルオキシ）カルボニル］アクリロイル｝オキシ）］スタンナン","対象物","","","","","","","","","","要確認","","","","","","","","","NITE-CHRIP"
"51899-02-6","Lead chromate sulfate (Pb9(CrO4)5(SO4)4)","対象物","","","","","","","","","","要確認","","","","","","","","","NITE-CHRIP"
"51900-05-1","アンチモン酸ナトリウム（Ｎａ２Ｓｂ４Ｏ７）","対象物","","","","","","","","","","要確認","","","","","","","","","NITE-CHRIP"
"51908-16-8","２，２’，３，４’，５，５’－ヘキサクロロビフェニル","対象物","該当","","","","?","","","","","要確認","","","第一種特定","","","","","","NITE-CHRIP"
"51931-46-5","ビス｛３－［（４－クロロフェニル）ジアゼニル－κＮ（２）］－４－オキソ－κＯ－２－オキソ－１，２，３，４－テトラヒドロキノリン－３－イド｝ニッケル","対象物","該当","","","","?","","","","","要確認","","","","","","","","","NITE-CHRIP"
"51952-23-9","１－ブチル－２，８，９－トリオキサ－５－アザ－１－スタンナビシクロ［３．３．３］ウンデカン","対象物","","","","","","","","","","要確認","","","","","","","","","NITE-CHRIP"
"52022-10-3","（２Ｒ，３Ｒ）－酒石酸のニッケル塩","対象物","該当","","","","?","","","","","要確認","","","","","","","","","NITE-CHRIP"
"52033-74-6","ビス（フェニルヒドラジン）＝スルファート","対象物","","","","","","","","","","","","","","","","","","","NITE-CHRIP"
"52057-73-5","ビス［Ｏ－（１－メチルエチル）カルボノジチオアト－Ｓ，Ｓ’］ニッケル","対象物","該当","","","","?","","","","","要確認","","","","","","","","","NITE-CHRIP"
"52110-72-2","クロム酸アンモニウム","対象物","該当","","","","?","","","","","要確認","","","","","","","","","NITE-CHRIP"
"52112-09-1","ジブチル｛ビス［（トリフルオロアセチル）オキシ］｝スタンナン","対象物","","","","","","","","","","要確認","","","","","","","","","NITE-CHRIP"
"52120-23-7","２－ヒドロキシ安息香酸メチルエステルのスズ（ＩＩ）塩","対象物","","","","","","","","","","","","","","","","","","","NITE-CHRIP"
"52120-32-8","１－オクタデカノールスズ（ＩＩ）塩","対象物","","","","","","","","","","","","","","","","","","","NITE-CHRIP"
"52125-53-8","１（または２）－エトキシプロパノール","対象物","","","","","","","","","","","","","","","","","","","NITE-CHRIP"
"52126-83-7","セレン化ヒ素","対象物","該当","","","","?","","","","","要確認","","","","","","","","","NITE-CHRIP"
"52132-44-2","トリメチルスズ　シンナメート","対象物","","","","","","","","","","要確認","","","","","","","","","NITE-CHRIP"
"52165-03-4","トリス（ドデシルスルファニル）（メチル）スタンナン","対象物","","","","","","","","","","要確認","","","","","","","","","NITE-CHRIP"
"52231-92-2","塩基性亜硫酸鉛","対象物","","","","","","","","","","要確認","","","","","","","","","NITE-CHRIP"
"52232-67-4","Ｌ－セリル－Ｌ－バリル－Ｌ－セリル－Ｌ－α－グルタミル－Ｌ－イソロイシル－Ｌ－グルタミニル－Ｌ－ロイシル－Ｌ－メチオニル－Ｌ－ヒスチジル－Ｌ－アスパラギニル－Ｌ－ロイシルグリシル－Ｌ－リシル－Ｌ－ヒスチジル－Ｌ－ロイシル－Ｌ－アスパラギニル－Ｌ－セリル－Ｌ－メチオニル－Ｌ－α－グルタミル－Ｌ－アルギニル－Ｌ－バリル－Ｌ－α－グルタミル－Ｌ－トリプトフィル－Ｌ－ロイシル－Ｌ－アルギニル－Ｌ－リシル－Ｌ－リシル－Ｌ－ロイシル－Ｌ－グルタミニル－Ｌ－α－アスパルチル－Ｌ－バリル－Ｌ－ヒスチジル－Ｌ－アスパラギニル－Ｌ－フェニルアラニン","対象物","","該当","","","","","","","","","","","","","","","","","NITE-CHRIP"
"52256-37-8","水素＝ビス｛３－メチル－４－［（５－ニトロ－２－オキシド－κＯ－フェニル）ジアゼニル－κＮ（１）］－５－オキソ－κＯ－１－フェニル－４，５－ジヒドロ－１Ｈ－ピラゾール－４－イド｝クロマート（１－）","対象物","","","","","","","","","","要確認","","","","","","","","","NITE-CHRIP"
"52270-44-7","ネオデカン酸コバルト（ＩＩ）","対象物","","","","","","","","","","要確認","","","","","","","","","NITE-CHRIP"
"52315-07-8","α－シアノ－３－フェノキシベンジル＝３－（２，２－ジクロロビニル）－２，２－ジメチルシクロプロパンカルボキシラート","対象物","該当","","","","","","","","","要確認","","","","","","","","","NITE-CHRIP"
"52337-78-7","カドミウム＝ビス（２－メチルベンゾアート）","対象物","該当","","","","?","","","","","要確認","","","","","","","","","NITE-CHRIP"
"52556-42-0","ナトリウム＝３－（アリルオキシ）－２－ヒドロキシプロパン－１－スルホナート","対象物","該当","","","","","","","","","","","","","","","","","","NITE-CHRIP"
"52610-81-8","ビス（ジエチルジチオカルバマト－κ（２）Ｓ，Ｓ’）ニッケル","対象物","該当","","","","?","","","","","要確認","","","","","","","","","NITE-CHRIP"
"52623-77-5","テルル酸ナトリウム","対象物","","","","","","","","","","要確認","","","","","","","","","NITE-CHRIP"
"52628-34-9","ジイソオクチル＝［（１，１，３，３－テトラブチルジスタンナチアン－１，３－ジイル）ビス（スルファンジイル）］ジアセタート","対象物","","","","","","","","","","要確認","","","","","","","","","NITE-CHRIP"
"52645-53-1","３－フェノキシベンジル＝３－（２，２－ジクロロビニル）－２，２－ジメチルシクロプロパンカルボキシラート","対象物","","","","","","","","","","要確認","","","","","","","","","NITE-CHRIP"
"52663-58-8","２，３，４’，６－テトラクロロビフェニル","対象物","該当","","","","?","","","","","要確認","","","第一種特定","","","","","","NITE-CHRIP"
"52663-59-9","２，２’，３，４－テトラクロロビフェニル","対象物","該当","","","","?","","","","","要確認","","","第一種特定","","","","","","NITE-CHRIP"
"52663-60-2","２，２’，３，３’，６－ペンタクロロビフェニル","対象物","該当","","","","?","","","","","要確認","","","第一種特定","","","","","","NITE-CHRIP"
"52663-61-3","２，２’，３，５，５’－ペンタクロロビフェニル","対象物","該当","","","","?","","","","","要確認","","","第一種特定","","","","","","NITE-CHRIP"
"52663-62-4","２，２’，３，３’，４－ペンタクロロビフェニル","対象物","該当","","","","?","","","","","要確認","","","第一種特定","","","","","","NITE-CHRIP"
"52663-63-5","２，２’，３，５，５’，６－ヘキサクロロビフェニル","対象物","該当","","","","?","","","","","要確認","","","第一種特定","","","","","","NITE-CHRIP"
"52663-64-6","２，２’，３，３’，５，６，６’－ヘプタクロロビフェニル","対象物","該当","","","","?","","","","","要確認","","","第一種特定","","","","","","NITE-CHRIP"
"52663-65-7","２，２’，３，３’，４，６，６’－ヘプタクロロビフェニル","対象物","該当","","","","?","","","","","要確認","","","第一種特定","","","","","","NITE-CHRIP"
"52663-66-8","２，２’，３，３’，４，５’－ヘキサクロロビフェニル","対象物","該当","","","","?","","","","","要確認","","","第一種特定","","","","","","NITE-CHRIP"
"52663-67-9","２，２’，３，３’，５，５’，６－ヘプタクロロビフェニル","対象物","該当","","","","?","","","","","要確認","","","第一種特定","","","","","","NITE-CHRIP"
"52663-68-0","２，２’，３，４’，５，５’，６－ヘプタクロロビフェニル","対象物","該当","","","","?","","","","","要確認","","","第一種特定","","","","","","NITE-CHRIP"
"52663-69-1","２，２’，３，４，４’，５’，６－ヘプタクロロビフェニル","対象物","該当","","","","?","","","","","要確認","","","第一種特定","","","","","","NITE-CHRIP"
"52663-70-4","２，２’，３，３’，４，５’，６’－ヘプタクロロビフェニル","対象物","該当","","","","?","","","","","要確認","","","第一種特定","","","","","","NITE-CHRIP"
"52663-71-5","２，２’，３，３’，４，４’，６－ヘプタクロロビフェニル","対象物","該当","","","","?","","","","","要確認","","","第一種特定","","","","","","NITE-CHRIP"
"52663-72-6","２，３’，４，４’，５，５’－ヘキサクロロビフェニル","対象物","該当","","","","?","","","","","要確認","","","第一種特定","","","","","","NITE-CHRIP"
"52663-73-7","２，２’，３，３’，４，５，６，６’－オクタクロロビフェニル","対象物","該当","","","","?","","","","","要確認","","","第一種特定","","","","","","NITE-CHRIP"
"52663-74-8","２，２’，３，３’，４，５，５’－ヘプタクロロビフェニル","対象物","該当","","","","?","","","","","要確認","","","第一種特定","","","","","","NITE-CHRIP"
"52663-75-9","２，２’，３，３’，４，５，５’，６’－オクタクロロビフェニル","対象物","該当","","","","?","","","","","要確認","","","第一種特定","","","","","","NITE-CHRIP"
"52663-76-0","２，２’，３，４，４’，５，５’，６－オクタクロロビフェニル","対象物","該当","","","","?","","","","","要確認","","","第一種特定","","","","","","NITE-CHRIP"
"52663-77-1","２，２’，３，３’，４，５，５’，６，６’－ノナクロロビフェニル","対象物","該当","","","","?","","","","","要確認","","","第一種特定","","","","","","NITE-CHRIP"
"52663-78-2","２，２’，３，３’，４，４’，５，６－オクタクロロビフェニル","対象物","該当","","","","?","","","","","要確認","","","第一種特定","","","","","","NITE-CHRIP"
"52663-79-3","２，２’，３，３’，４，４’，５，６，６’－ノナクロロビフェニル","対象物","該当","","","","?","","","","","要確認","","","第一種特定","","","","","","NITE-CHRIP"
"52671-35-9","ジ－ｎ－オクチルスズビス（マレイン酸モノエチルエステル）塩","対象物","","","","","","","","","","要確認","","","","","","","","","NITE-CHRIP"
"52671-36-0","トリス｛［（Ｚ）－３－（エトキシカルボニル）アクリロイル］オキシ｝（オクチル）スタンナン","対象物","","","","","","","","","","要確認","","","","","","","","","NITE-CHRIP"
"52677-44-8","ナトリウム＝（４－｛［３－メチル－５－オキソ－κＯ－１－（３－スルホナトフェニル）－４，５－ジヒドロ－１Ｈ－ピラゾール－４－イド－４－イル］ジアゼニル－κＮ（１）｝－３－オキシド－κＯ－ナフタレン－１－スルホナト）クロマート（１－）","対象物","","","","","","","","","","要確認","","","","","","","","","NITE-CHRIP"
"52704-70-8","２，２’，３，３’，５，６－ヘキサクロロビフェニル","対象物","該当","","","","?","","","","","要確認","","","第一種特定","","","","","","NITE-CHRIP"
"52712-04-6","２，２’，３，４，５，５’－ヘキサクロロビフェニル","対象物","該当","","","","?","","","","","要確認","","","第一種特定","","","","","","NITE-CHRIP"
"52712-05-7","２，２’，３，４，５，５’，６－ヘプタクロロビフェニル","対象物","該当","","","","?","","","","","要確認","","","第一種特定","","","","","","NITE-CHRIP"
"52722-81-3","ビス（ビフェニル－２－イルオキシ）（ジブチル）スタンナン","対象物","","","","","","","","","","要確認","","","","","","","","","NITE-CHRIP"
"52729-67-6","ナトリウム＝（フタロシアニンスルホナト）コバルタート（１－）","対象物","","","","","","","","","","要確認","","","","","","","","","NITE-CHRIP"
"52732-72-6","塩基性硫酸鉛","対象物","","","","","","","","","","要確認","","","","","","","","","NITE-CHRIP"
"52744-13-5","２，２’，３，３’，５，６’－ヘキサクロロビフェニル","対象物","該当","","","","?","","","","","要確認","","","第一種特定","","","","","","NITE-CHRIP"
"52829-07-9","ビス（２，２，６，６－テトラメチルピペリジン－４－イル）＝デカンジオアート","対象物","該当","","","","","","","","","要確認","","","","","","","","","NITE-CHRIP"
"52888-80-9","Ｓ－ベンジル＝ジプロピルカルバモチオアート","対象物","該当","","","","","","","","","要確認","","","","","","","","","NITE-CHRIP"
"52896-82-9","ｒｅｌ－（３Ｒ，４Ｒ）－３，４－ジメチルヘプタン","対象物","","","","","","","","","","","","","","","","","","","NITE-CHRIP"
"52919-17-2","ｒｅｌ－（３Ｒ，４Ｒ）－３，４－ジメチルヘキサン","対象物","","","","","","","","","","","","","","","","","","","NITE-CHRIP"
"52933-45-6","テトラコサホウ化銅","対象物","","","","","","","","","","要確認","","","","","","","","","NITE-CHRIP"
"52949-33-4","ｒｅｌ－（３Ｒ，４Ｓ）－３，４－ジメチルヘキサン","対象物","","","","","","","","","","","","","","","","","","","NITE-CHRIP"
"52973-43-0","炭化ケイ素","対象物","","","","","","","","","","要確認","","","","","","","","","NITE-CHRIP"
"52973-46-3","炭化ケイ素","対象物","","","","","","","","","","要確認","","","","","","","","","NITE-CHRIP"
"53003-10-4","サリノマイシン","対象物","","","","","","","","","","","","","","","","","","","NITE-CHRIP"
"53040-42-9","トリス（｛２－［（イソオクチルオキシ）カルボニル］エチル｝スルファニル）（メチル）スタンナン","対象物","","","","","","","","","","要確認","","","","","","","","","NITE-CHRIP"
"53050-36-5","オクチル［トリス（ステアロイルオキシ）］スタンナン","対象物","","","","","","","","","","要確認","","","","","","","","","NITE-CHRIP"
"53096-04-1","フッ化鉛","対象物","","","","","","","","","","要確認","","","","","","","","","NITE-CHRIP"
"53100-69-9","ブチル［トリス（｛（Ｚ）－３－［（イソオクチルオキシ）カルボニル］アクリロイル｝オキシ）］スタンナン","対象物","","","","","","","","","","要確認","","","","","","","","","NITE-CHRIP"
"53108-49-9","ナトリウム＝（Ｔ－４）－［（ニトリロ－κＮ）トリス（アセタト－κＯ）］コバルタート（１－）","対象物","","","","","","","","","","要確認","","","","","","","","","NITE-CHRIP"
"53120-23-3","リン化アンチモン","対象物","","","","","","","","","","要確認","","","","","","","","","NITE-CHRIP"
"53149-60-3","テトラクロロスズ（ＩＩ）酸アンモニウム","対象物","","","","","","","","","","","","","","","","","","","NITE-CHRIP"
"53202-61-2","ジブチル｛ビス［（２－｛［（２－エチルヘキシル）オキシ］カルボニル｝エチル）スルファニル］｝スタンナン","対象物","","","","","","","","","","要確認","","","","","","","","","NITE-CHRIP"
"53206-40-9","クロム酸プラセオジム（ＩＩＩ）","対象物","該当","","","","?","","","","","要確認","","","","","","","","","NITE-CHRIP"
"53206-41-0","クロム酸プラセオジム（ＩＩＩ）・七水和物","対象物","該当","","","","?","","","","","要確認","","","","","","","","","NITE-CHRIP"
"53209-19-1","４－ニトロベンゼン－１，２－ジアミン一塩酸塩","対象物","該当","","","","","","","","","","","","","","","","","","NITE-CHRIP"
"53236-83-2","ブチル（トリス｛［３－（イソオクチルスルファニル）プロパノイル］オキシ｝）スタンナン","対象物","","","","","","","","","","要確認","","","","","","","","","NITE-CHRIP"
"53404-12-9","四ヒ酸三鉛（４＋）","対象物","該当","","","","?","","","","","要確認","","","","","","","","","NITE-CHRIP"
"53404-82-3","トリブチル（｛３－［（イソプロポキシ）カルボニル］プロパノイル｝オキシ）スタンナン","対象物","","","","","","","","","","要確認","","","","","","","","","NITE-CHRIP"
"53408-94-9","スズ（２＋）＝ジメタンスルホナート","対象物","","","","","","","","","","","","","","","","","","","NITE-CHRIP"
"53421-36-6","二銅（１＋）＝オキサラート","対象物","","","","","","","","","","","","","","","","","","","NITE-CHRIP"
"53469-21-9","ＰＣＢ　１２４２","対象物","該当","該当","","","?","","","","","要確認","","","第一種特定","","","","","","NITE-CHRIP"
"53478-57-2","ジブチル｛ビス［（１２－ヒドロキシオクタデカノイル）オキシ］｝スタンナン","対象物","","","","","","","","","","要確認","","","","","","","","","NITE-CHRIP"
"53478-61-8","トリブチル｛［（Ｒ，Ｚ）－１２－ヒドロキシオクタデカ－９－エノイル］オキシ｝スタンナン","対象物","","","","","","","","","","要確認","","","","","","","","","NITE-CHRIP"
"53496-15-4","ｓｅｃ－ペンチル＝アセタート","対象物","","","","","","","","","","","","","","","","","","","NITE-CHRIP"
"53514-39-9","四フッ化ベリリウム酸カルシウム","対象物","該当","","","","?","","","","","要確認","","","","","","","","","NITE-CHRIP"
"53555-66-1","３，４，５－トリクロロビフェニル","対象物","該当","","","","?","","","","","要確認","","","第一種特定","","","","","","NITE-CHRIP"
"53558-25-1","１－（４－ニトロフェニル）－３－（３－ピリジルメチル）ウレア","対象物","","","","","","","","","","","","","","","","","","","NITE-CHRIP"
"53572-17-1","ヨウ化カリウム","対象物","","","","","","","","","","","","","","","","","","","NITE-CHRIP"
"53584-15-9","１，１，３，３－テトラブチル｛１，３－ビス［（ブチリデンアミノ）オキシ］｝ジスタンノキサン","対象物","","","","","","","","","","要確認","","","","","","","","","NITE-CHRIP"
"53592-10-2","２，４－ジブロモビフェニル","対象物","","","","","","","","","","","","","","","","","","","NITE-CHRIP"
"53742-07-7","ノナクロロビフェニル","対象物","該当","","","","?","","","","","要確認","","","第一種特定","","","","","","NITE-CHRIP"
"53800-83-2","セレン化ヒ素","対象物","該当","","","","?","","","","","要確認","","","","","","","","","NITE-CHRIP"
"53801-45-9","酸化ジルコニウム（ＺｒＯ２）","対象物","","","","","","","","","","","","","","","","","","","NITE-CHRIP"
"53807-64-0","Phosphonic acid, lead salt, basic","対象物","","","","","","","","","","要確認","","","","","","","","","NITE-CHRIP"
"53927-86-9","ナトリウム＝（Ｔ－４）－［（ニトリロ－κＮ）トリス（アセタト－κＯ）］コバルタート（１－）一水和物","対象物","","","","","","","","","","要確認","","","","","","","","","NITE-CHRIP"
"54075-76-2","ヘキサクロロアンチモン酸トリメチルオキソニウム","対象物","","","","","","","","","","要確認","","","","","","","","","NITE-CHRIP"
"54129-03-2","［ベンゼンスルホニル（ｏ－トリル）アザニド］（フェニル）水銀","対象物","","","","","","","","","","要確認","","","","","","","","","NITE-CHRIP"
"54230-22-7","２，３，４，６－テトラクロロビフェニル","対象物","該当","","","","?","","","","","要確認","","","第一種特定","","","","","","NITE-CHRIP"
"54381-26-9","Ｏ－［２－クロロ－４－（メチルスルファニル）フェニル］＝Ｏ－メチル＝Ｎ－エチルホスホルアミドチオアート","対象物","","","","","","","","","","","","","","","","","","","NITE-CHRIP"
"54464-57-2","１－（２，３，８，８－テトラメチル－１，２，３，４，５，６，７，８－オクタヒドロナフタレン－２－イル）エタン－１－オン","対象物","該当","","","","","","","","","要確認","","","","","","","","","NITE-CHRIP"
"54665-47-3","（Ｒ）－２，２，３－トリメチルペンタン","対象物","","","","","","","","","","","","","","","","","","","NITE-CHRIP"
"54749-90-5","２－［３－（２－クロロエチル）－３－ニトロソウレイド］－２－デオキシ－Ｄ－グルコース","対象物","","該当","","","","","","","","","","","","","","","","","NITE-CHRIP"
"54839-24-6","１－エトキシ－２－プロピルアセタート","対象物","","","該当","該当","","","","","","","","","","","","","","","NITE-CHRIP"
"54849-38-6","トリス（｛［（イソオクチルオキシ）カルボニル］メチル｝スルファニル）（メチル）スタンナン","対象物","","","","","","","","","","要確認","","","","","","","","","NITE-CHRIP"
"55134-13-9","ナラシン","対象物","","","","","","","","","","","","","","","","","","","NITE-CHRIP"
"55147-94-9","過塩素酸クロム（ＩＩＩ）・六水和物","対象物","","","","","","","","","","要確認","","","","","","","","","NITE-CHRIP"
"55179-31-2","１－（４－ビフェニリルオキシ）－３，３－ジメチル－１－（１Ｈ－１，２，４－トリアゾール－１－イル）－２－ブタノール","対象物","","","","","","","","","","","","","","","","","","","NITE-CHRIP"
"55215-17-3","（±）－２，２’，３，４，６－ペンタクロロビフェニル","対象物","該当","","","","?","","","","","要確認","","","第一種特定","","","","","","NITE-CHRIP"
"55215-18-4","２，２’，３，３’，４，５－ヘキサクロロビフェニル","対象物","該当","","","","?","","","","","要確認","","","第一種特定","","","","","","NITE-CHRIP"
"55216-04-1","ビス［（４－クロロフェニル）スルファニル］（ジメチル）スタンナン","対象物","","","","","","","","","","要確認","","","","","","","","","NITE-CHRIP"
"55230-73-4","テトライソオクチル＝［（２，５－ジスタンナ－３，４－ジチアヘキサン－２，２，５，５－テトライル）テトラキス（スルファンジイル）］テトラアセタート","対象物","","","","","","","","","","要確認","","","","","","","","","NITE-CHRIP"
"55230-77-8","テトライソオクチル＝３，３’，３’’，３’’’－［（２，５－ジスタンナ－３，４－ジチアヘキサン－２，２，５，５－テトライル）テトラキス（スルファンジイル）］テトラプロパノアート","対象物","","","","","","","","","","要確認","","","","","","","","","NITE-CHRIP"
"55259-49-9","４，４’，５，５’－テトラメチル－２，２’－ビ（１，３－ジセレノリリデン）","対象物","","","","","","","","","","要確認","","","","","","","","","NITE-CHRIP"
"55285-14-8","Ｎ－ジブチルアミノチオ－Ｎ－メチルカルバミン酸２，３－ジヒドロ－２，２－ジメチル－７－ベンゾ［ｂ］フラニル","対象物","該当","","","","","","","","","要確認","","","","","","","","","NITE-CHRIP"
"55312-69-1","２，２’，３，４，５－ペンタクロロビフェニル","対象物","該当","","","","?","","","","","要確認","","","第一種特定","","","","","","NITE-CHRIP"
"55335-06-3","（３，５，６－トリクロロ－２－ピリジル）オキシ酢酸","対象物","","","","","","","","","","要確認","","","","","","","","","NITE-CHRIP"
"55348-64-6","３，３’－［（１，１，３，３－テトラブチル－１，３－ジスタノキサンジイル）ビス（チオ）］ジプロパン酸ジイソオクチル","対象物","","","","","","","","","","要確認","","","","","","","","","NITE-CHRIP"
"55406-53-6","３－ヨードプロパ－２－イン－１－イル＝ブチルカルバマート","対象物","該当","","","","","","","","","要確認","","","","","","","","","NITE-CHRIP"
"55425-74-6","三塩化カドミウムナトリウム","対象物","該当","","","","?","","","","","要確認","","","","","","","","","NITE-CHRIP"
"55467-74-8","アンチモン酸ニッケル","対象物","該当","","","","?","","","","","要確認","","","","","","","","","NITE-CHRIP"
"55494-92-3","リン酸ヘキサアンミンコバルト","対象物","該当","","","","?","","","","","要確認","","","","","","","","","NITE-CHRIP"
"55494-93-4","リン酸ヘキサアンミンコバルト・四水和物","対象物","該当","","","","?","","","","","要確認","","","","","","","","","NITE-CHRIP"
"55512-33-9","Ｏ－６－クロロ－３－フェニル－４－ピリダジニル＝Ｓ－ｎ－オクチル＝チオカルボナート","対象物","該当","","","","","","","","","","","","","","","","","","NITE-CHRIP"
"55568-37-1","２，２’－［（ジブチルスタニレン）ビス（オキシカルボニル）］ジ安息香酸ジドデシル","対象物","","","","","","","","","","要確認","","","","","","","","","NITE-CHRIP"
"55673-89-7","１，２，３，４，７，８，９－ヘプタクロロジベンゾ［ｂ，ｄ］フラン","対象物","","","","","","","","","","","","","","","","","","","NITE-CHRIP"
"55700-14-6","カドミウム＝ビス（４－シクロヘキシルブタノアート）","対象物","該当","","","","?","","","","","要確認","","","","","","","","","NITE-CHRIP"
"55702-45-9","２，３，６－トリクロロビフェニル","対象物","該当","","","","?","","","","","要確認","","","第一種特定","","","","","","NITE-CHRIP"
"55702-46-0","２，３，４－トリクロロビフェニル","対象物","該当","","","","?","","","","","要確認","","","第一種特定","","","","","","NITE-CHRIP"
"55712-37-3","２，３’，４－トリクロロビフェニル","対象物","該当","","","","?","","","","","要確認","","","第一種特定","","","","","","NITE-CHRIP"
"55720-44-0","２，３，５－トリクロロビフェニル","対象物","該当","","","","?","","","","","要確認","","","第一種特定","","","","","","NITE-CHRIP"
"55720-99-5","塩素化ジフェニルオキシド","対象物","","","","","","","","","","","","","","","","","","","NITE-CHRIP"
"55721-31-8","ナトリウム＝（Ｒ）－２－｛（２Ｒ，５Ｓ，６Ｒ）－６－［（２Ｓ，３Ｓ，４Ｓ，６Ｒ）－６－｛（２Ｓ，５Ｓ，７Ｒ，９Ｓ，１０Ｓ，１２Ｒ，１５Ｒ）－２－［（２Ｒ，５Ｒ，６Ｓ）－５－エチル－５－ヒドロキシ－６－メチルオキサン－２－イル］－１５－ヒドロキシ－２，１０，１２－トリメチル－１，６，８－トリオキサジスピロ［４．１．５（７）．３（５）］ペンタデカ－１３－エン－９－イル｝－３－ヒドロキシ－４－メチル－５－オキソオクタン－２－イル］－５－メチルオキサン－２－イル｝ブタノアート","対象物","","","","","","","","","","","","","","","","","","","NITE-CHRIP"
"55722-26-4","オクタクロロビフェニル","対象物","該当","","","","?","","","","","要確認","","","第一種特定","","","","","","NITE-CHRIP"
"55861-78-4","１，１－ジメチル－３－（５－ｔｅｒｔ－ブチル－イソオキサゾリル）尿素","対象物","","","","","","","","","","要確認","","","","","","","","","NITE-CHRIP"
"55917-86-7","トリス［２－（ヒドロキシ－κＯ）ベンゾアト－κＯ］クロム","対象物","","","","","","","","","","要確認","","","","","","","","","NITE-CHRIP"
"56030-56-9","（±）－２，２’，３，４，４’，６－ヘキサクロロビフェニル","対象物","該当","","","","?","","","","","要確認","","","第一種特定","","","","","","NITE-CHRIP"
"56046-99-2","トリス（ドデカノイルオキシ）（オクチル）錫","対象物","","","","","","","","","","要確認","","","","","","","","","NITE-CHRIP"
"56149-55-4","ジブチルスズビス（イミダゾール）塩","対象物","","","","","","","","","","要確認","","","","","","","","","NITE-CHRIP"
"56189-09-4","ジオキソ（ジステアラト）二鉛","対象物","","該当","","","","","","","","要確認","","","","","","","","","NITE-CHRIP"
"56253-60-2","トリメチル［（フェニルセラニル）メチル］シラン","対象物","","","","","","","","","","要確認","","","","","","","","","NITE-CHRIP"
"56269-88-6","過塩素酸クロム（ＩＩＩ）・二水和物","対象物","","","","該当","","","","","","要確認","","","","","","","","","NITE-CHRIP"
"56307-79-0","ペンタブロモビフェニル","対象物","","","","","","","","","","","","","","","","","","","NITE-CHRIP"
"56320-22-0","二硫化ヒ素","対象物","該当","","","","?","","","","","要確認","","","","","","","","","NITE-CHRIP"
"56320-90-2","クロム酸四セシウム","対象物","該当","","","","?","","","","","要確認","","","","","","","","","NITE-CHRIP"
"56323-17-2","ビス（トリブタン－１－イルスタンニル）＝２，３－ジブロモスクシナート","対象物","","","","","","","","","","要確認","","","","","","","","","NITE-CHRIP"
"56323-19-4","４，５－ジブロモ－３，６－ジオキソ－１，１，１，８，８，８－ヘキサフェニル－２，７－ジオキサ－１，８－ジスタンナオクタン","対象物","","","","","","","","","","要確認","","","","","","","","","NITE-CHRIP"
"56408-24-3","（ＯＣ－６－２１）－［（エチレンジニトリロ－κ（２）Ｎ，Ｎ’）テトラキス（アセタト－κＯ）］ニッケラート（１－）","対象物","該当","","","","?","","","","","要確認","","","","","","","","","NITE-CHRIP"
"56425-91-3","２－メチル－１－（ピリミジン－５－イル）－１－［４－（トリフルオロメトキシ）フェニル］プロパン－１－オール","対象物","","","","","","","","","","","","","","","","","","","NITE-CHRIP"
"56450-43-2","ヒ化亜鉛","対象物","該当","","","","?","","","","","要確認","","","","","","","","","NITE-CHRIP"
"56533-00-7","１，１，３，３－テトラブチル－１，３－ビス（オクタノイルオキシ）ジスタンノキサン","対象物","","","","","","","","","","要確認","","","","","","","","","NITE-CHRIP"
"56539-66-3","３－メトキシ－３－メチル－１－ブタノール","対象物","","","","","","","","","","","","","","","","","","","NITE-CHRIP"
"56549-24-7","二クロム酸とキノリンの化合物（１：２）","対象物","該当","","","","?","","","","","要確認","","","","","","","","","NITE-CHRIP"
"56558-16-8","２，２’，４，６，６’－ペンタクロロビフェニル","対象物","該当","","","","?","","","","","要確認","","","第一種特定","","","","","","NITE-CHRIP"
"56558-17-9","２，３’，４，４’，６－ペンタクロロビフェニル","対象物","該当","","","","?","","","","","要確認","","","第一種特定","","","","","","NITE-CHRIP"
"56558-18-0","２，３’，４，５’，６－ペンタクロロビフェニル","対象物","該当","","","","?","","","","","要確認","","","第一種特定","","","","","","NITE-CHRIP"
"56572-83-9","酸化鉛ニオブチタンジルコニウム","対象物","","","","","","","","","","要確認","","","","","","","","","NITE-CHRIP"
"56660-19-6","ビス（テトラブチルアンモニウム）＝ジクロマート","対象物","該当","","","","?","","","","","要確認","","","","","","","","","NITE-CHRIP"
"56808-12-9","ジオクチル＝２，２’－［（ジブチルスタンナンジイル）ビス（オキシカルボニル）］ジベンゾアート","対象物","","","","","","","","","","要確認","","","","","","","","","NITE-CHRIP"
"56827-79-3","ペルクロロブタ－１，２－ジエン","対象物","","","","","","","","","","","","","","","","","","","NITE-CHRIP"
"56875-68-4","５，５－ジオクチル－１，９－ジオキサ－４，６－ジチア－５－スタンナシクロウンデカン－２，８－ジオン","対象物","","","","","","","","","","要確認","","","","","","","","","NITE-CHRIP"
"57018-04-9","O-(2,6-dichloro-p-tolyl) O,O-dimethyl thiophosphate","対象物","該当","","","","","","","","","要確認","","","","","","","","","NITE-CHRIP"
"57018-52-7","１－ｔｅｒｔ－ブトキシプロパン－２－オール","対象物","","","","","","","","","","","","","","","","","","","NITE-CHRIP"
"57031-63-7","ｒｅｌ－（３Ｒ，４Ｒ）－３，４－ジメチルヘプタン","対象物","","","","","","","","","","","","","","","","","","","NITE-CHRIP"
"57031-64-8","ｒｅｌ－（３Ｒ，４Ｓ）－３，４－ジメチルヘプタン","対象物","","","","","","","","","","","","","","","","","","","NITE-CHRIP"
"57044-25-4","（Ｒ）－オキシラン－２－イルメタノール","対象物","","該当","","","","","","","","要確認","","","","","","","","","NITE-CHRIP"
"57057-50-8","ビス［（２－｛［（２－エチルヘキシル）オキシ］カルボニル｝エチル）スルファニル］（ジメチル）スタンナン","対象物","","","","","","","","","","要確認","","","","","","","","","NITE-CHRIP"
"57105-89-2","トリス［（２－｛［（２－エチルヘキシル）オキシ］カルボニル｝エチル）スルファニル］（メチル）スタンナン","対象物","","","","","","","","","","要確認","","","","","","","","","NITE-CHRIP"
"57117-31-4","２，３，４，７，８－ペンタクロロジベンゾ［ｂ，ｄ］フラン","対象物","","","","","","","","","","","","","","","","","","","NITE-CHRIP"
"57117-41-6","１，２，３，７，８－ペンタクロロジベンゾ［ｂ，ｄ］フラン","対象物","","","","","","","","","","","","","","","","","","","NITE-CHRIP"
"57117-44-9","１，２，３，６，７，８－ヘキサクロロジベンゾ［ｂ，ｄ］フラン","対象物","","","","","","","","","","","","","","","","","","","NITE-CHRIP"
"57142-78-6","オキソ（フタラト）鉛","対象物","","該当","","","","","","","","要確認","","","","","","","","","NITE-CHRIP"
"57186-90-0","３，４’－ジブロモビフェニル","対象物","","","","","","","","","","","","","","","","","","","NITE-CHRIP"
"57364-75-7","コバルト（ＩＩ）＝イソノナノアート","対象物","","","","","","","","","","要確認","","","","","","","","","NITE-CHRIP"
"57422-77-2","２，５－ジブロモビフェニル","対象物","","","","","","","","","","","","","","","","","","","NITE-CHRIP"
"57427-55-1","ドデシルフェノール","対象物","該当","","","","","","","","","","","","","","","","","","NITE-CHRIP"
"57465-28-8","３，３’，４，４’，５－ペンタクロロビフェニル","対象物","該当","","","","?","","","","","要確認","","","第一種特定","","","","","","NITE-CHRIP"
"57478-60-1","２－メチル－５－フェニル－１，３－ベンゾセレナゾール","対象物","","","","","","","","","","要確認","","","","","","","","","NITE-CHRIP"
"57520-17-9","１，１’－（アンモニウムジイルジオクタン－８，１－ジイル）ジグアニジニウム＝トリアセタート","対象物","","","","","","","","","","要確認","","","","","","","","","NITE-CHRIP"
"57583-34-3","モノメチルチン　トリ（イソオクチルチオグリコラート）","対象物","","","","","","","","","","要確認","","","","","","","","","NITE-CHRIP"
"57583-35-4","ビス（２－エチルヘキシル）＝［（ジメチルスタンナンジイル）ビス（スルファンジイル）］ジアセタート","対象物","該当","","","","","","","","","要確認","","","","","","","","","NITE-CHRIP"
"57653-85-7","１，２，３，６，７，８－ヘキサクロロオキサントレン","対象物","","","","","","","","","","","","","","","","","","","NITE-CHRIP"
"57808-37-4","（ドデカノイルオキシ）（トリプロピル）スタンナン","対象物","","","","","","","","","","要確認","","","","","","","","","NITE-CHRIP"
"57813-60-2","ジメチル（ビス｛［２－（オクタノイルオキシ）エチル］スルファニル｝）スタンナン","対象物","","","","","","","","","","要確認","","","","","","","","","NITE-CHRIP"
"57813-62-4","メチル（トリス｛［２－（オクタノイルオキシ）エチル］スルファニル｝）スタンナン","対象物","","","","","","","","","","要確認","","","","","","","","","NITE-CHRIP"
"57835-92-4","４－ニトロピレン","対象物","","該当","","","","","","","","","","","","","","","","","NITE-CHRIP"
"57875-67-9","トリエチル（スルホオキシ）スタンナン","対象物","","","","","","","","","","要確認","","","","","","","","","NITE-CHRIP"
"57900-42-2","トリフェニルスルホニウム＝ヘキサフルオロアルセナート（１－）","対象物","該当","","","","?","","","","","","","","","","","","","","NITE-CHRIP"
"57966-95-7","１－［シアノ（メトキシイミノ）アセチル］－３－エチル尿素","対象物","該当","","","","","","","","","要確認","","","","","","","","","NITE-CHRIP"
"58098-20-7","２－ブタン－１－イル－６－オキソ－１，３，２－オキサチアスタンニナン－２－イル＝３－［（２－ブタン－１－イル－６－オキソ－１，３，２－オキサチアスタンニナン－２－イル）スルファニル］プロパノアート","対象物","","","","","","","","","","要確認","","","","","","","","","NITE-CHRIP"
"58164-88-8","アンチモン（３＋）＝トリラクタート","対象物","","","","","","","","","","要確認","","","","","","","","","NITE-CHRIP"
"58180-75-9","ポリ｛２－ブタン－１－イル－６－オキソ－１，３，２－オキサチアスタンニナン－２－イル＝３－［（２－ブタン－１－イル－６－オキソ－１，３，２－オキサチアスタンニナン－２－イル）スルファニル］プロパノアート｝","対象物","","","","","","","","","","要確認","","","","","","","","","NITE-CHRIP"
"58339-34-7","Ｃ．Ｉ．ピグメント　レッド１０８","対象物","該当","","","","?","","","","","要確認","","","","","","","","","NITE-CHRIP"
"58636-10-5","ブチル［トリス（ドコサノイルオキシ）］錫","対象物","","","","","","","","","","要確認","","","","","","","","","NITE-CHRIP"
"58823-95-3","Ｄ－グルコース－６－リン酸バリウム","対象物","","","","","","","","","","","","","","","","","","","NITE-CHRIP"
"59080-32-9","２，６－ジブロモビフェニル","対象物","","","","","","","","","","","","","","","","","","","NITE-CHRIP"
"59080-33-0","２，４，６－トリブロモビフェニル","対象物","","","","","","","","","","","","","","","","","","","NITE-CHRIP"
"59080-34-1","２，２’，５－トリブロモビフェニル","対象物","","","","","","","","","","","","","","","","","","","NITE-CHRIP"
"59080-35-2","２，３’，５－トリブロモビフェニル","対象物","","","","","","","","","","","","","","","","","","","NITE-CHRIP"
"59080-36-3","２，４’，５－トリブロモビフェニル","対象物","","","","","","","","","","","","","","","","","","","NITE-CHRIP"
"59080-37-4","２，２’，５，５’－テトラブロモビフェニル","対象物","","","","","","","","","","","","","","","","","","","NITE-CHRIP"
"59080-38-5","２，３’，４’，５－テトラブロモビフェニル","対象物","","","","","","","","","","","","","","","","","","","NITE-CHRIP"
"59080-39-6","２，２’，４，５’，６－ペンタブロモビフェニル","対象物","","","","","","","","","","","","","","","","","","","NITE-CHRIP"
"59114-56-6","テルル化金","対象物","","","","","","","","","","要確認","","","","","","","","","NITE-CHRIP"
"59118-76-2","メチル（トリス｛［２－（ステアロイルオキシ）エチル］スルファニル｝）スタンナン","対象物","","","","","","","","","","要確認","","","","","","","","","NITE-CHRIP"
"59118-77-3","トリス｛［２－（アセチルオキシ）エチル］スルファニル｝（メチル）スタンナン","対象物","","","","","","","","","","要確認","","","","","","","","","NITE-CHRIP"
"59118-79-5","トリス（２－オレオイルオキシエチルスルファニル）（メチル）スタンナン","対象物","","","","","","","","","","要確認","","","","","","","","","NITE-CHRIP"
"59118-80-8","ブチル（トリス｛［２－（オクタノイルオキシ）エチル］スルファニル｝）スタンナン","対象物","","","","","","","","","","要確認","","","","","","","","","NITE-CHRIP"
"59118-81-9","ビス｛［２－（オクタノイルオキシ）エチル］スルファニル｝（ジオクチル）スタンナン","対象物","","","","","","","","","","要確認","","","","","","","","","NITE-CHRIP"
"59118-93-3","メチル（トリス｛［２－（ノナノイルオキシ）エチル］スルファニル｝）スタンナン","対象物","","","","","","","","","","要確認","","","","","","","","","NITE-CHRIP"
"59118-99-9","［（１，３－ジメチルジスタンナチアン－１，１，３，３－テトライル）テトラキス（スルファンジイルエチレン）］＝テトラオレアート","対象物","","","","","","","","","","要確認","","","","","","","","","NITE-CHRIP"
"59119-04-9","（１，１，３，３－テトラメチルジスタンナチアン－１，３－ジイル）ビス（スルファンジイルエチレン）＝ジオレアート","対象物","","","","","","","","","","要確認","","","","","","","","","NITE-CHRIP"
"59125-35-8","硫化水素（Ｈ３Ｓ）","対象物","該当","","","","?","","","","","","","","","","","","","","NITE-CHRIP"
"59125-91-6","ジルコン酸カルシウム","対象物","","","","","","","","","","","","","","","","","","","NITE-CHRIP"
"59138-44-2","ジメチル（ビス｛［２－（ステアロイルオキシ）エチル］スルファニル｝）スタンナン","対象物","","","","","","","","","","要確認","","","","","","","","","NITE-CHRIP"
"59157-52-7","トリス（２－エチルヘキシル）＝３，３’，３’’－［（オクチルスタンナントリイル）トリス（スルファンジイル）］トリプロピオナート","対象物","","","","","","","","","","要確認","","","","","","","","","NITE-CHRIP"
"59185-95-4","ビス（２－エチルヘキシル）＝３，３’－［（ジオクチルスタンナンジイル）ビス（スルファンジイル）］ジプロピオナート","対象物","","","","","","","","","","要確認","","","","","","","","","NITE-CHRIP"
"59291-64-4","２，２’，３，４，４’，６’－ヘキサクロロビフェニル","対象物","該当","","","","?","","","","","要確認","","","第一種特定","","","","","","NITE-CHRIP"
"59291-65-5","２，３’，４，４’，５’，６－ヘキサクロロビフェニル","対象物","該当","","","","?","","","","","要確認","","","第一種特定","","","","","","NITE-CHRIP"
"59317-24-7","ジルコン酸ビスマス","対象物","","","","","","","","","","","","","","","","","","","NITE-CHRIP"
"59536-65-1","ＦｉｒｅＭａｓｔｅｒ　ＢＰ６","対象物","","該当","","","","","","","","","","","","","","","","","NITE-CHRIP"
"59571-08-3","ジイソブチル＝（Ｚ，Ｚ）－６，６－ジブチル－４，８－ジオキソ－５，７－ジオキサ－６－スタンナウンデカ－２，９－ジエンジオアート","対象物","","","","","","","","","","要確認","","","","","","","","","NITE-CHRIP"
"59589-92-3","３，４，４’，５－テトラブロモビフェニル","対象物","","","","","","","","","","","","","","","","","","","NITE-CHRIP"
"59669-26-0","３，７，９，１３－テトラメチル－５，１１－ジオキサ－２，８，１４－トリチア－４，７，９，１２－テトラアザペンタデカ－３，１２－ジエン－６，１０－ジオン","対象物","","","","","","","","","","要確認","","","","","","","","","NITE-CHRIP"
"59849-87-5","（Ｚ，Ｚ）－４，４’－［（ジオクチルスタニレン）ビス（オキシ）］ビス（４－オキソ－２－ブテン酸）ジシクロヘキシル","対象物","","","","","","","","","","要確認","","","","","","","","","NITE-CHRIP"
"59849-88-6","ビス（｛（Ｚ）－３－［（ベンジルオキシ）カルボニル］アクリロイル｝オキシ）（ジオクチル）スタンナン","対象物","","","","","","","","","","要確認","","","","","","","","","NITE-CHRIP"
"59963-28-9","ジブチルビス（イソオクタデカノイルオキシ）スタンナン","対象物","","","","","","","","","","要確認","","","","","","","","","NITE-CHRIP"
"60044-24-8","２，２’，４，５’－テトラブロモビフェニル","対象物","","","","","","","","","","","","","","","","","","","NITE-CHRIP"
"60044-25-9","２，２’，５，６’－テトラブロモビフェニル","対象物","","","","","","","","","","","","","","","","","","","NITE-CHRIP"
"60108-72-7","３，４－ジブロモビフェニル","対象物","","","","","","","","","","","","","","","","","","","NITE-CHRIP"
"60109-88-8","（Ｔ－４）－ビス［（１Ｈ－ベンゾイミダゾール－２－イル－κＮ（３））（シアノ）（１－オキソ－１Ｈ－イソインドール－３－イル－κＮ）メタニド］コバルト","対象物","","","","","","","","","","要確認","","","","","","","","","NITE-CHRIP"
"60120-57-2","ニッケルカルボニル","対象物","該当","","","","?","","","","","要確認","","","","","","","","","NITE-CHRIP"
"60145-20-2","２，２’，３，３’，５－ペンタクロロビフェニル","対象物","該当","","","","?","","","","","要確認","","","第一種特定","","","","","","NITE-CHRIP"
"60145-21-3","２，２’，４，５’，６－ペンタクロロビフェニル","対象物","該当","","","","?","","","","","要確認","","","第一種特定","","","","","","NITE-CHRIP"
"60145-22-4","２，２’，４，４’，５，６’－ヘキサクロロビフェニル","対象物","該当","","","","?","","","","","要確認","","","第一種特定","","","","","","NITE-CHRIP"
"60145-23-5","２，２’，３，４，４’，５，６’－ヘプタクロロビフェニル","対象物","該当","","","","?","","","","","要確認","","","第一種特定","","","","","","NITE-CHRIP"
"60153-49-3","Ｎ－（２－シアノエチル）－Ｎ－メチル亜硝酸アミド","対象物","","","","","","","","","","","","","","","","","","","NITE-CHRIP"
"60168-88-9","２，４’－ジクロロ－α－（５－ピリミジニル）ベンズヒドリル＝アルコール","対象物","","","","","","","","","","","","","","","","","","","NITE-CHRIP"
"60207-90-1","１－｛［２－（２，４－ジクロロフェニル）－４－プロパン－１－イル－１，３－ジオキソラン－２－イル］メチル｝－１Ｈ－１，２，４－トリアゾール","対象物","該当","","","","","","","","","要確認","","","","","","","","","NITE-CHRIP"
"60233-24-1","２，３’，４，６－テトラクロロビフェニル","対象物","該当","","","","?","","","","","要確認","","","第一種特定","","","","","","NITE-CHRIP"
"60233-25-2","２，２’，３，４’，６’－ペンタクロロビフェニル","対象物","該当","","","","?","","","","","要確認","","","第一種特定","","","","","","NITE-CHRIP"
"60265-51-2","テトラメチルペンタン","対象物","","","","","","","","","","","","","","","","","","","NITE-CHRIP"
"60268-12-4","ビス（２－メチル－２－フェニルプロピル）（オキソ）スタンナン","対象物","","","","","","","","","","要確認","","","","","","","","","NITE-CHRIP"
"60388-47-8","６，６－ジメチル－４，８，１１－トリオキソ－５，７，１２－トリオキサ－６－スタンナエイコサ－２，９－ジエン酸オクチル","対象物","","","","","","","","","","要確認","","","","","","","","","NITE-CHRIP"
"60428-79-7","ビス（ジブチルカルバモジチオアト－Ｓ，Ｓ’）ジオキソジ－μ－チオキソ二モリブデン、立体異性体","対象物","","","","","","","","","","要確認","","","","","","","","","NITE-CHRIP"
"60456-23-7","（Ｓ）－オキシラン－２－イルメタノール","対象物","","","","","","","","","","要確認","","","","","","","","","NITE-CHRIP"
"60459-08-7","硫酸コバルト（２＋）　水和物（１：１：１）","対象物","該当","","","","?","","","","","要確認","","","","","","","","","NITE-CHRIP"
"60494-17-9","トリドデシル＝３，３’，３’’－［（オクチルスタンナントリイル）トリス（スルファンジイル）］トリプロピオナート","対象物","","","","","","","","","","要確認","","","","","","","","","NITE-CHRIP"
"60494-18-0","ビス（｛［２－（ドデシルオキシ）カルボニル］エチル｝スルファニル）（ジオクチル）スタンナン","対象物","","","","","","","","","","要確認","","","","","","","","","NITE-CHRIP"
"60494-19-1","ビス｛［（Ｚ）－３－（メトキシカルボニル）アクリロイル］オキシ｝（ジオクチル）スタンナン","対象物","","","","","","","","","","要確認","","","","","","","","","NITE-CHRIP"
"60585-20-8","トリイソオクチル＝３，３’，３’’－［（オクチルスタンナントリイル）トリス（スルファンジイル）］トリプロパノアート","対象物","","","","","","","","","","要確認","","","","","","","","","NITE-CHRIP"
"60636-37-5","ポリ（オキシエチレン）＝２－ブチルオクチル＝エーテル","対象物","","","","","","","","","","要確認","","","","","","","","","NITE-CHRIP"
"60646-36-8","ヒ酸トリクロリド","対象物","該当","","","","?","","","","","要確認","","","","","","","","","NITE-CHRIP"
"60659-60-1","ジブチル［ビス（｛（Ｚ）－３－［（テトラデシルオキシ）カルボニル］アクリロイル｝オキシ）］スタンナン","対象物","","","","","","","","","","要確認","","","","","","","","","NITE-CHRIP"
"60659-61-2","ジブチル［ビス（｛（Ｚ）－３－［（トリデシルオキシ）カルボニル］アクリロイル｝オキシ）］スタンナン","対象物","","","","","","","","","","要確認","","","","","","","","","NITE-CHRIP"
"60765-13-1","フッ化ニッケル","対象物","該当","","","","?","","","","","要確認","","","","","","","","","NITE-CHRIP"
"60789-16-4","八硫化二水素","対象物","該当","","","","?","","","","","","","","","","","","","","NITE-CHRIP"
"60851-34-5","２，３，４，６，７，８－ヘキサクロロジベンゾ［ｂ，ｄ］フラン","対象物","","","","","","","","","","","","","","","","","","","NITE-CHRIP"
"60953-19-7","ガリウムヒ素リン","対象物","該当","","","","?","","","","","要確認","","","","","","","","","NITE-CHRIP"
"60969-08-6","ジルコン酸マグネシウム","対象物","","","","","","","","","","","","","","","","","","","NITE-CHRIP"
"60969-19-9","タリウム（１＋）＝ヘキサフルオロ－λ（５）－ホスファヌイド","対象物","","","","","","","","","","要確認","","","","","","","","","NITE-CHRIP"
"61045-13-4","二ナトリウム＝（フタロシアニンジスルホナト）コバルタート（２－）","対象物","","","","","","","","","","要確認","","","","","","","","","NITE-CHRIP"
"61057-41-8","トリフェニルスズ　ニトロ安息香酸塩","対象物","","","","","","","","","","要確認","","","","","","","","","NITE-CHRIP"
"61133-55-9","ジメチルビス（１－オキソプロポキシ）スズ","対象物","","","","","","","","","","要確認","","","","","","","","","NITE-CHRIP"
"61193-19-9","メチルオクタン","対象物","","","","","","","","","","","","","","","","","","","NITE-CHRIP"
"61241-05-2","トリス（２－エチルヘキシル）＝３，３’，３’’－［（ブチルスタンナントリイル）トリス（スルファンジイル）］トリプロピオナート","対象物","","","","","","","","","","要確認","","","","","","","","","NITE-CHRIP"
"61432-55-1","Ｓ－１－メチル－１－フェニルエチル＝ピペリジン－１－カルボチオアート","対象物","","","","","","","","","","","","","","","","","","","NITE-CHRIP"
"61461-40-3","酸化鉛ストロンチウムチタンジルコニウム","対象物","","","","","","","","","","要確認","","","","","","","","","NITE-CHRIP"
"61462-16-6","三ヒ化ストロンチウム","対象物","該当","","","","?","","","","","要確認","","","","","","","","","NITE-CHRIP"
"61467-81-0","ジ－ｎ－オクチルスズジリシノール酸塩","対象物","","","","","","","","","","要確認","","","","","","","","","NITE-CHRIP"
"61470-33-5","ビス［２－（ブトキシカルボニル）エチル］（ジクロロ）スタンナン","対象物","","","","","","","","","","要確認","","","","","","","","","NITE-CHRIP"
"61470-34-6","［２－（ブトキシカルボニル）エチル］（トリクロロ）スタンナン","対象物","","","","","","","","","","要確認","","","","","","","","","NITE-CHRIP"
"61583-60-6","モリブデン酸亜鉛","対象物","","","","","","","","","","要確認","","","","","","","","","NITE-CHRIP"
"61599-28-8","ビス（｛（Ｚ）－３－［（イソオクチルオキシ）カルボニル］アクリロイル｝オキシ）（ジメチル）スタンナン","対象物","","","","","","","","","","要確認","","","","","","","","","NITE-CHRIP"
"61746-04-1","テトラキス｛［（アセチルオキシ）ジブチルスタンニル］オキシ｝シラン","対象物","","","","","","","","","","要確認","","","","","","","","","NITE-CHRIP"
"61788-32-7","水素化テルフェニル","対象物","","","","","","","","","","要確認","","","","","","","","","NITE-CHRIP"
"61788-33-8","塩素化テルフェニル","対象物","","","","","","","","","","","","","","","","","","","NITE-CHRIP"
"61788-46-3","ココ－アルキルアミン","対象物","該当","","","","","","","","","要確認","","","","","","","","","NITE-CHRIP"
"61788-71-4","ナフテン酸のニッケル塩","対象物","該当","","","","?","","","","","要確認","","","","","","","","","NITE-CHRIP"
"61788-90-7","ココ－アルキル（ジメチル）アミン＝オキシド","対象物","","","","","","","","","","要確認","","","","","","","","","NITE-CHRIP"
"61789-28-4","クレオソート油","対象物","","該当","","","","","","","","","","","","","","","","","NITE-CHRIP"
"61789-34-2","ナフテン酸カドミウム","対象物","該当","","","","?","","","","","要確認","","","","","","","","","NITE-CHRIP"
"61789-40-0","（３－アミノプロピル）（カルボキシメチル）（ジメチル）アンモニウムのＮ－ココ－アシル誘導体（分子内塩）","対象物","該当","","","","","","","","","要確認","","","","","","","","","NITE-CHRIP"
"61789-50-2","ナフテン酸コバルト、鉛、マンガン塩","対象物","該当","","","","?","","","","","要確認","","","","","","","","","NITE-CHRIP"
"61789-51-3","ナフテン酸コバルト","対象物","","","","","","","","","","要確認","","","","","","","","","NITE-CHRIP"
"61789-52-4","脂肪酸、トール油コバルト塩","対象物","","","","","","","","","","要確認","","","","","","","","","NITE-CHRIP"
"61789-80-8","ビス（水素化牛脂）ジメチルアンモニウムクロリド","対象物","該当","","","","","","","","","要確認","","","","","","","","","NITE-CHRIP"
"61790-53-2","珪藻土","対象物","","該当","","","","","","","","","","","","","","","","","NITE-CHRIP"
"61791-13-7","エトキシ化ココ－アルコール","対象物","","","","","","","","","","要確認","","","","","","","","","NITE-CHRIP"
"61791-21-7","エトキシ化鯨油アルコール","対象物","","","","","","","","","","要確認","","","","","","","","","NITE-CHRIP"
"61791-26-2","獣脂アルキルアミンのエトキシ化物","対象物","該当","","","","","","","","","要確認","","","","","","","","","NITE-CHRIP"
"61791-28-4","エトキシ化牛脂アルコール","対象物","","","","","","","","","","要確認","","","","","","","","","NITE-CHRIP"
"61798-70-7","２，２’，３，３’，４，６－ヘキサクロロビフェニル","対象物","該当","","","","?","","","","","要確認","","","第一種特定","","","","","","NITE-CHRIP"
"61813-52-3","ジオクタデシル＝（Ｚ，Ｚ）－６，６－ジブチル－４，８－ジオキソ－５，７－ジオキサ－６－スタンナウンデカ－２，９－ジエンジオアート","対象物","","","","","","","","","","要確認","","","","","","","","","NITE-CHRIP"
"61912-55-8","２－エチルヘキシル＝［（トリオクチルスタンニル）スルファニル］アセタート","対象物","","","","","","","","","","要確認","","","","","","","","","NITE-CHRIP"
"61931-75-7","アンモニウム＝ウンデシルベンゼンスルホナート","対象物","","","","","","","","","","要確認","","","","","","","","","NITE-CHRIP"
"61931-84-8","｛５－ニトロ－２－オキシド－κＯ－３－［（２－オキシド－κＯ－ベンジリデン）アミノ－κＮ］ベンゼンスルホナト｝クロム","対象物","","","","","","","","","","要確認","","","","","","","","","NITE-CHRIP"
"61947-30-6","ビス（２－メチルプロピル）オキソスズ","対象物","","","","","","","","","","要確認","","","","","","","","","NITE-CHRIP"
"61951-96-0","二ネオデカン酸カドミウム","対象物","該当","","","","?","","","","","要確認","","","","","","","","","NITE-CHRIP"
"62037-24-5","クロム（３＋）＝トリス（アビエタ－７，１３－ジエン－１８－オアート）","対象物","","","","","","","","","","要確認","","","","","","","","","NITE-CHRIP"
"62044-47-7","ビス［（イソプロピルフェニル）メチル］＝（Ｚ，Ｚ）－６，６－ジブチル－４，８－ジオキソ－５，７－ジオキサ－６－スタンナウンデカ－２，９－ジエンジオアート","対象物","","","","","","","","","","要確認","","","","","","","","","NITE-CHRIP"
"62138-52-7","２－クロロプロピオン酸","対象物","","","","","","","","","","","","","","","","","","","NITE-CHRIP"
"62149-82-0","ブチル［トリス（｛（Ｚ）－３－［（ドデシルオキシ）カルボニル］アクリロイル｝オキシ）］スタンナン","対象物","","","","","","","","","","要確認","","","","","","","","","NITE-CHRIP"
"62229-08-7","亜硫酸と鉛の塩（二塩基性）","対象物","","","","","","","","","","要確認","","","","","","","","","NITE-CHRIP"
"62312-12-3","トリス［（２－エチルヘキサノイル）オキシ］（メチル）スタンナン","対象物","","","","","","","","","","要確認","","","","","","","","","NITE-CHRIP"
"62461-62-5","２，４，４’（又は３，４，４’）－トリクロロビフェニル","対象物","該当","","","","?","","","","","要確認","","","第一種特定","","","","","","NITE-CHRIP"
"62476-59-9","ナトリウム＝５－［２－クロロ－４－（トリフルオロメチル）フェノキシ］－２－ニトロベンゾアート","対象物","","","","","","","","","","","","","","","","","","","NITE-CHRIP"
"62480-03-9","ジオクタデシル＝（２Ｚ，９Ｚ）－６，６－ジオクチル－４，８－ジオキソ－５，７－ジオキサ－６－スタンナウンデカ－２，９，－ジエンジオアート","対象物","","","","","","","","","","要確認","","","","","","","","","NITE-CHRIP"
"62702-52-7","ヒ酸カリウム・３／２水和物","対象物","該当","","","","?","","","","","要確認","","","","","","","","","NITE-CHRIP"
"62782-24-5","コバルト（２＋）＝オキサラート水和物","対象物","","","","","","","","","","要確認","","","","","","","","","NITE-CHRIP"
"62796-65-0","２，２’，４，６－テトラクロロビフェニル","対象物","該当","","","","?","","","","","要確認","","","第一種特定","","","","","","NITE-CHRIP"
"62850-32-2","Ｎ，Ｎ－ジメチルチオカルバミン酸Ｓ－４－フェノキシブチル","対象物","","","","","","","","","","","","","","","","","","","NITE-CHRIP"
"63020-43-9","ビス（クロム酸）亜鉛二カリウム","対象物","該当","","","","?","","","","","要確認","","","","","","","","","NITE-CHRIP"
"63287-28-5","（Ｔ－４）－ビス［（１Ｈ－ベンゾイミダゾール－２－イル－κＮ（３））（１－オキソ－１Ｈ－イソインドール－３－イル－κＮ）アザニド］コバルト","対象物","","","","","","","","","","要確認","","","","","","","","","NITE-CHRIP"
"63344-86-5","硫化水素（Ｈ２Ｓ２）","対象物","該当","","","","?","","","","","","","","","","","","","","NITE-CHRIP"
"63397-60-4","ビス［２－（ブトキシカルボニル）エチル］［ビス（｛［（イソオクチルオキシ）カルボニル］メチル｝スルファニル）］スタンナン","対象物","","","","","","","","","","要確認","","","","","","","","","NITE-CHRIP"
"63400-09-9","カドミウム＝ジペンタデカノアート","対象物","該当","","","","?","","","","","要確認","","","","","","","","","NITE-CHRIP"
"63438-80-2","［２－（ブトキシカルボニル）エチル］［トリス（｛［（イソオクチルオキシ）カルボニル］メチル｝スルファニル）］スタンナン","対象物","","","","","","","","","","要確認","","","","","","","","","NITE-CHRIP"
"63653-42-9","塩基性硫酸鉛","対象物","","","","","","","","","","要確認","","","","","","","","","NITE-CHRIP"
"63869-87-4","トリメチル（スルホオキシ）スタンナン","対象物","","","","","","","","","","要確認","","","","","","","","","NITE-CHRIP"
"63906-56-9","ビス（硫酸）タリウム（Ｉ）タリウム（ＩＩＩ）","対象物","","","","","","","","","","要確認","","","","","","","","","NITE-CHRIP"
"63935-38-6","α－シアノ－３－フェノキシベンジル＝２，２－ジクロロ－１－（４－エトキシフェニル）－１－シクロプロパンカルボキシラート","対象物","該当","","","","","","","","","","","","","","","","","","NITE-CHRIP"
"63979-62-4","ジイソペンチル（オキソ）スタンナン","対象物","","","","","","","","","","要確認","","","","","","","","","NITE-CHRIP"
"63989-69-5","亜ヒ酸鉄オキシド・五水和物","対象物","該当","","","","?","","","","","要確認","","","","","","","","","NITE-CHRIP"
"64011-39-8","ジクロロ（ジイソノニル）スタンナン","対象物","","","","","","","","","","要確認","","","","","","","","","NITE-CHRIP"
"64036-46-0","（アセチルオキシ）（ジエチル）（フェニル）スタンナン","対象物","","","","","","","","","","要確認","","","","","","","","","NITE-CHRIP"
"64047-88-7","ナトリウム＝２，４－ジクロロ－６－ニトロフェノラート","対象物","","","","","","","","","","","","","","","","","","","NITE-CHRIP"
"64070-10-6","二カリウム＝ビス［μ－（２，３－ジオキシド－１κＯ（２），２κＯ（３）－スクシナト－１κＯ（１），２κＯ（４））］ジアンチモナート（２－）（立体異性体）","対象物","","","","","","","","","","要確認","","","","","","","","","NITE-CHRIP"
"64070-11-7","二カリウム＝ビス｛μ－［（２Ｓ，３Ｓ）－２，３－ジオキシド－１κＯ（２），２κＯ（３）－スクシナト－１κＯ（１）：２κＯ（４）］｝ジアンチモナート（２－）","対象物","","","","","","","","","","要確認","","","","","","","","","NITE-CHRIP"
"64070-12-8","二カリウム＝ビス［μ－（２，３－ジオキシド－１κＯ（２），２κＯ（３）－スクシナト－１κＯ（１），２κＯ（４））］ジアンチモナート（２－）（立体異性体）","対象物","","","","","","","","","","要確認","","","","","","","","","NITE-CHRIP"
"64093-53-4","テルル化アンチモン","対象物","","","","","","","","","","要確認","","","","","","","","","NITE-CHRIP"
"64258-02-2","２，４，４’，６－テトラブロモビフェニル","対象物","","","","","","","","","","","","","","","","","","","NITE-CHRIP"
"64258-03-3","２，４’，６－トリブロモビフェニル","対象物","","","","","","","","","","","","","","","","","","","NITE-CHRIP"
"64272-70-4","ジイソチオシアナトビス（４－メトキシフェニル）－λ（４）－テラン","対象物","","","","","","","","","","要確認","","","","","","","","","NITE-CHRIP"
"64359-81-5","４，５－ジクロロ－２－ｎ－オクチルイソチアゾル－３－オン","対象物","該当","","","","","","","","","要確認","","","","","","","","","NITE-CHRIP"
"64440-88-6","μ－（Ｎ，Ｎ’－エチレンジカルバモジチオアト－１κ（２）Ｓ：２κ（２）Ｓ）ビス［（Ｎ，Ｎ－ジメチルカルバモジチオアト－κ（２）Ｓ）亜鉛（ＩＩ）］","対象物","該当","","","","","","","","","要確認","","","","","","","","","NITE-CHRIP"
"64525-54-8","（ＰＢＰＹ－７－２３－１１２２’２’）－ビス（ジプロピルカルバモジチオアト－κ（２）Ｓ，Ｓ’）（η（２）－ジスルファンジイド）（オキソ）モリブデン","対象物","","","","","","","","","","要確認","","","","","","","","","NITE-CHRIP"
"64611-71-8","ナトリウム＝ビス｛１－［（４－ニトロ－２－オキシド－κＯ－フェニル）ジアゼニル－κＮ（１）］ナフタレン－２－オラト－κＯ｝コバルタート（１－）","対象物","","","","","","","","","","要確認","","","","","","","","","NITE-CHRIP"
"64696-98-6","［２，３－ビス［［（２－ヒドロキシフェニル）メチレン］アミノ－Ｎ］－２－ブテンジニトリラト（２－）］ニッケル","対象物","該当","","","","?","","","","","要確認","","","","","","","","","NITE-CHRIP"
"64741-44-2","直留中間留出物（石油）","対象物","","","","該当","","","","","","","","","","","","","","","NITE-CHRIP"
"64741-77-1","石油留分","対象物","","","","","","","","","","","","","","","","","","","NITE-CHRIP"
"64741-88-4","ニュートラル潤滑油用基油","対象物","","該当","","","","","","","","","","","","","","","","","NITE-CHRIP"
"64741-97-5","ニュートラル潤滑油用基油","対象物","","該当","","","","","","","","","","","","","","","","","NITE-CHRIP"
"64742-47-8","水素化精製軽質留出物（石油）","対象物","","","","","","","?","","","","","","","","","","","","NITE-CHRIP"
"64742-49-0","水素化処理した軽質石油ナフサ","対象物","","","","","","","","","","","","","","","","","","","NITE-CHRIP"
"64742-52-5","水素処理重ナフテン系石油留分","対象物","","該当","","","","","","","","","","","","","","","","","NITE-CHRIP"
"64742-53-6","石油留分","対象物","","","","","","","","","","","","","","","","","","","NITE-CHRIP"
"64742-54-7","水素処理重パラフィン系石油留分","対象物","","","","","","","","","","","","","","","","","","","NITE-CHRIP"
"64742-55-8","水素処理軽パラフィン系石油留分","対象物","","","","","","","","","","","","","","","","","","","NITE-CHRIP"
"64742-65-0","溶剤脱ワックス重パラフィン系石油留分","対象物","","","","","","","","","","","","","","","","","","","NITE-CHRIP"
"64742-94-5","石油留分","対象物","","","","","","","","","","","","","","","","","","","NITE-CHRIP"
"64742-95-6","軽質芳香族系石油ソルベントナフサ","対象物","","","","該当","","","?","","","","","","","","","","","","NITE-CHRIP"
"64926-50-7","ドデシル［トリス（｛２－［（イソオクチルオキシ）カルボニル］エチル｝スルファニル）］スタンナン","対象物","","","","","","","","","","要確認","","","","","","","","","NITE-CHRIP"
"65113-28-2","三硫化二ヒ素","対象物","該当","","","","?","","","","","要確認","","","","","","","","","NITE-CHRIP"
"65229-22-3","Bismuth lead ruthenium oxide","対象物","","","","","","","","","","要確認","","","","","","","","","NITE-CHRIP"
"65264-08-6","ジブロモ（ジドデシル）スタンナン","対象物","","","","","","","","","","要確認","","","","","","","","","NITE-CHRIP"
"65264-09-7","ジブロモ（ジオクタデシル）スタンナン","対象物","","","","","","","","","","要確認","","","","","","","","","NITE-CHRIP"
"65272-92-6","ニッケル（２＋）＝ビス（３，５－ジ－ｔｅｒｔ－ブチル－２－ヒドロキシベンザート）","対象物","該当","","","","?","","","","","要確認","","","","","","","","","NITE-CHRIP"
"65291-39-6","トリス｛［１，２－ビス（ブトキシカルボニル）エチル］スルファニル｝（ブチル）スタンナン","対象物","","","","","","","","","","要確認","","","","","","","","","NITE-CHRIP"
"65301-38-4","ジドデシル［ビス（｛［（ドデシルオキシ）カルボニル］メチル｝スルファニル）］スタンナン","対象物","","","","","","","","","","要確認","","","","","","","","","NITE-CHRIP"
"65308-00-1","エチレンジオキシビス（カルボニルメチレンスルファンジイル）ビス［ジブチル（｛［（イソオクチルオキシ）カルボニル］メチル｝スルファニル）スタンナン］","対象物","","","","","","","","","","要確認","","","","","","","","","NITE-CHRIP"
"65321-67-7","４－メチルベンゼン－１，３－ジアミン＝モノスルファート","対象物","該当","","","","","","","","","","","","","","","","","","NITE-CHRIP"
"65510-44-3","２，３’，４，４’，５’－ペンタクロロビフェニル","対象物","該当","","","","?","","","","","要確認","","","第一種特定","","","","","","NITE-CHRIP"
"65510-45-4","２，２’，３，４，４’－ペンタクロロビフェニル","対象物","該当","","","","?","","","","","要確認","","","第一種特定","","","","","","NITE-CHRIP"
"65540-76-3","ジブチルスズジリシノール酸塩","対象物","","","","","","","","","","要確認","","","","","","","","","NITE-CHRIP"
"65580-79-2","Ｏ－エチル＝Ｏ－（４－ニトロフェニル）＝（Ｒ）－フェニルホスホノチオアート","対象物","","","","","","","","","","要確認","","","","","","","","","NITE-CHRIP"
"65580-80-5","Ｏ－エチル＝Ｏ－（４－ニトロフェニル）＝（Ｓ）－フェニルホスホノチオアート","対象物","","","","","","","","","","要確認","","","","","","","","","NITE-CHRIP"
"65709-65-1","４－［ジクロロ（４－メチルフェニル）－λ（４）－テラニル］－Ｎ，Ｎ－ジメチルアニリン","対象物","","","","","","","","","","要確認","","","","","","","","","NITE-CHRIP"
"65767-17-1","ホウ酸マンガン","対象物","該当","","","","?","","","","","要確認","","","","","","","","","NITE-CHRIP"
"65907-30-4","フラチオカルブ","対象物","該当","","","","","","","","","","","","","","","","","","NITE-CHRIP"
"65980-78-1","五塩化ロジウム酸ジアンモニウム","対象物","","","","","","","","","","","","","","","","","","","NITE-CHRIP"
"65996-79-4","ソルベントナフサ（コール）","対象物","","","","","","","?","","","","","","","","","","","","NITE-CHRIP"
"65996-89-6","コールタール（高温）","対象物","該当","","","","?","","","","","","","","","","","","","","NITE-CHRIP"
"65996-90-9","コールタール","対象物","該当","","","","?","","","","","","","","","","","","","","NITE-CHRIP"
"65996-93-2","高温コールタールピッチ","対象物","該当","","","","?","","","","","","","","","","","","","","NITE-CHRIP"
"65997-15-1","ポルトランドセメント","対象物","該当","","","","","","","","","","","","","","","","","","NITE-CHRIP"
"66027-93-8","スルファミン酸インジウム（ＩＩＩ）","対象物","","","","","","","","","","要確認","","","","","","","","","NITE-CHRIP"
"66115-57-9","２，２’，４，４’－テトラブロモビフェニル","対象物","","","","","","","","","","","","","","","","","","","NITE-CHRIP"
"66161-18-0","ビス（トリフェニルスズ）ドデセニルサクシネート","対象物","","","","","","","","","","要確認","","","","","","","","","NITE-CHRIP"
"66230-04-4","（Ｓ）－シアノ（３－フェノキシフェニル）メチル＝（Ｓ）－２－（４－クロロフェニル）－３－メチルブタノアート","対象物","該当","","","","","","","","","","","","","","","","","","NITE-CHRIP"
"66358-72-3","トリシアニド銅酸（２－）二ナトリウム三水和物","対象物","","","","","","","","","","","","","","","","","","","NITE-CHRIP"
"66375-26-6","亜セレン酸アンモニウム・一水和物","対象物","","","","","","","","","","要確認","","","","","","","","","NITE-CHRIP"
"66455-14-9","アルコール（Ｃ＝１２～１３）エトキシ化物","対象物","","","","","","","","","","要確認","","","","","","","","","NITE-CHRIP"
"66455-15-0","エトキシ化アルコール（Ｃ＝１０～１４）","対象物","","","","","","","","","","要確認","","","","","","","","","NITE-CHRIP"
"66467-44-5","［２，２’－チオビス（４－ｔ－オクチルフェノレート）］２－エチルヘキシルアミンニッケル（ＩＩ）","対象物","該当","","","","?","","","","","要確認","","","","","","","","","NITE-CHRIP"
"66603-07-4","トリブチル［（シクロヘキシル－ＯＮＮ－アゾキシ）オキシ］スタンナン","対象物","","","","","","","","","","要確認","","","","","","","","","NITE-CHRIP"
"66712-78-5","４－［ジブロモ（４－メチルフェニル）－λ（４）－テラニル］－Ｎ，Ｎ－ジメチルアニリン","対象物","","","","","","","","","","要確認","","","","","","","","","NITE-CHRIP"
"66841-25-6","シアノ（３－フェノキシフェニル）メチル＝２，２，－ジメチル－３－（１，２，２，２－テトラブロモエチル）シクロプロパン－１－カルボキシラート","対象物","","","","","","","","","","要確認","","","","","","","","","NITE-CHRIP"
"66899-69-2","トリス｛［（Ｚ）－３－（ブトキシカルボニル）アクリロイル］オキシ｝（ブチル）スタンナン","対象物","","","","","","","","","","要確認","","","","","","","","","NITE-CHRIP"
"66952-49-6","Ｓ－（４－メチルスルホニルオキシフェニル）－Ｎ－メチルチオカルバメート","対象物","","","","","","","","","","","","","","","","","","","NITE-CHRIP"
"67057-32-3","トリブチル［［（ジメチルアミノ）チオキソメチル］チオ］スズ","対象物","","","","","","","","","","要確認","","","","","","","","","NITE-CHRIP"
"67057-34-5","トリブチル［（ジブチルカルバモチオイル）スルファニル］スタンナン","対象物","","","","","","","","","","要確認","","","","","","","","","NITE-CHRIP"
"67361-76-6","ブチル（トリス｛［２－（オレオイルオキシ）エチル］スルファニル｝）スタンナン","対象物","","","","","","","","","","要確認","","","","","","","","","NITE-CHRIP"
"67361-77-7","ビス｛［（ブトキシカルボニル）メチル］スルファニル｝（ジオクチル）スタンナン","対象物","","","","","","","","","","要確認","","","","","","","","","NITE-CHRIP"
"67368-85-8","ビス（ジブチルカルバモジチオアト－Ｓ，Ｓ’）－μ－オキソジオキソ－μ－チオキソ二モリブデン","対象物","","","","","","","","","","要確認","","","","","","","","","NITE-CHRIP"
"67368-86-9","（ジブチルカルバモジチオアト－１κ（２）Ｓ，Ｓ’）（ジブチルカルバモジチオアト－２κ（２）Ｓ，Ｓ’）（オキソ－１κＯ）－ジ－μ－スルファンジイド－（チオキソ－２κＳ）二モリブデン","対象物","","","","","","","","","","要確認","","","","","","","","","NITE-CHRIP"
"67375-30-8","（Ｓ）－α－シアノ－３－フェノキシベンジル＝３－（２，２－ジクロロビニル）－２，２－ジメチル－ｃｉｓ－シクロプロパンカルボキシラート","対象物","該当","","","","","","","","","","","","","","","","","","NITE-CHRIP"
"67445-50-5","（ブチルスルファニル）（トリプロピル）スタンナン","対象物","","","","","","","","","","要確認","","","","","","","","","NITE-CHRIP"
"67485-29-4","テトラヒドロ－５，５－ジメチル－２（１Ｈ）－ピリミジノン［ｐ－（トリフルオロメチル）－α－［ｐ－（トリフルオロメチル）スチリル］シンナミリデン］ヒドラゾン","対象物","","","","","","","","","","","","","","","","","","","NITE-CHRIP"
"67562-39-4","１，２，３，４，６，７，８－ヘプタクロロジベンゾ［ｂ，ｄ］フラン","対象物","","","","","","","","","","","","","","","","","","","NITE-CHRIP"
"67562-43-0","ニッケル（２＋）＝ビス（２－ヒドロキシエタンスルホナート）","対象物","該当","","","","?","","","","","要確認","","","","","","","","","NITE-CHRIP"
"67562-44-1","２－ヒドロキシエタンスルホン酸スズ（ＩＩ）","対象物","","","","","","","","","","","","","","","","","","","NITE-CHRIP"
"67649-65-4","ドデシル［トリス（｛［（イソオクチルオキシ）カルボニル］メチル｝スルファニル）］スタンナン","対象物","","","","","","","","","","要確認","","","","","","","","","NITE-CHRIP"
"67701-37-5","［（２－オクチルスクシノイル）ビス（オキシ）］ビス（トリブチルスタンナン）","対象物","","","","","","","","","","要確認","","","","","","","","","NITE-CHRIP"
"67704-30-7","ジブチル＝（２Ｚ，１１Ｚ）－６，６，８，８－テトラオクチル－４，１０－ジオキソ－５，７，９－トリオキサ－６，８－ジスタンナトリデカ－２，１１－ジエンジオアート","対象物","","","","","","","","","","要確認","","","","","","","","","NITE-CHRIP"
"67708-87-6","（Ｚ，Ｚ）－４，４’－［（１，１，３，３－テトラブチル－１，３－ジスタノキサンジイル）ビス（オキシ）ビス（４－オキソ－２－ブテン酸）ジイソオクチル","対象物","","","","","","","","","","要確認","","","","","","","","","NITE-CHRIP"
"67711-86-8","Dilead silicate sulphate","対象物","","","","","","","","","","要確認","","","","","","","","","NITE-CHRIP"
"67747-09-5","Ｎ－プロピル－Ｎ－［２－（２，４，６－トリクロロフェノキシ）エチル］イミダゾール－１－カルボキサミド","対象物","","","","","","","","","","","","","","","","","","","NITE-CHRIP"
"67762-41-8","アルコール（Ｃ＝１０～１６）","対象物","","","","","","","","","","要確認","","","","","","","","","NITE-CHRIP"
"67772-01-4","ポリ（メチル＝メタクリラート－ｃｏ－オクタン－１－イル＝アクリラート－ｃｏ－トリブタン－１－イルスタンニル＝メタクリラート）","対象物","","","","","","","","","","要確認","","","","","","","","","NITE-CHRIP"
"67774-32-7","ＦｉｒｅＭａｓｔｅｒ　ＦＦ１","対象物","","該当","","","","","","","","","","","","","","","","","NITE-CHRIP"
"67827-58-1","１，３－ビス（ラウロイルオキシ）－１，１，３，３－テトラメチルジスタンノキサン","対象物","","","","","","","","","","要確認","","","","","","","","","NITE-CHRIP"
"67827-59-2","１，１，３，３－テトラブチル－１，３－ビス（オレオイルオキシ）ジスタンノキサン","対象物","","","","","","","","","","要確認","","","","","","","","","NITE-CHRIP"
"67843-74-7","（２Ｓ）－２－（クロロメチル）オキシラン","対象物","","","","","","","","","","要確認","","","","","","","","","NITE-CHRIP"
"67859-55-6","２，２－ジブチル－６－オキソ－１，３，２－オキサチアスタンニナン－４－カルボン酸","対象物","","","","","","","","","","要確認","","","","","","","","","NITE-CHRIP"
"67859-59-0","ジブチル［ビス（｛２－［（３，５，５－トリメチルヘキサノイル）オキシ］エチル｝スルファニル）］スタンナン","対象物","","","","","","","","","","要確認","","","","","","","","","NITE-CHRIP"
"67859-61-4","ジブチル［ビス（｛２－［（９Ｚ，１２Ｚ）－オクタデカ－９，１２－ジエノイルオキシ］エチル｝スルファニル）］スタンナン","対象物","","","","","","","","","","要確認","","","","","","","","","NITE-CHRIP"
"67859-62-5","トリス｛［２－（ドデカノイルオキシ）エチル］スルファニル｝（メチル）スタンナン","対象物","","","","","","","","","","要確認","","","","","","","","","NITE-CHRIP"
"67859-63-6","ジメチル（ビス｛［２－（オレオイルオキシ）エチル］スルファニル｝）スタンナン","対象物","","","","","","","","","","要確認","","","","","","","","","NITE-CHRIP"
"67859-64-7","ジメチル［ビス（｛２－［（９Ｚ，１２Ｚ）－オクタデカ－９，１２－ジエノイルオキシ］エチル｝スルファニル）］スタンナン","対象物","","","","","","","","","","要確認","","","","","","","","","NITE-CHRIP"
"67859-65-8","ジブチル（ビス｛［２－（テトラデカノイルオキシ）エチル］スルファニル｝）スタンナン","対象物","","","","","","","","","","要確認","","","","","","","","","NITE-CHRIP"
"67859-71-6","リン酸ロジウム（ＩＩＩ）","対象物","","","","","","","","","","","","","","","","","","","NITE-CHRIP"
"67874-41-3","ビス｛［２－（デカノイルオキシ）エチル］スルファニル｝（ジメチル）スタンナン","対象物","","","","","","","","","","要確認","","","","","","","","","NITE-CHRIP"
"67874-42-4","ジブチル（ビス｛［２－（オクタノイルオキシ）エチル］スルファニル｝）スタンナン","対象物","","","","","","","","","","要確認","","","","","","","","","NITE-CHRIP"
"67874-45-7","メチル［トリス（｛２－［（３，５，５－トリメチルヘキサノイル）オキシ］エチル｝スルファニル）］スタンナン","対象物","","","","","","","","","","要確認","","","","","","","","","NITE-CHRIP"
"67874-46-8","メチル（トリス｛［２－（プロパノイルオキシ）エチル］スルファニル｝）スタンナン","対象物","","","","","","","","","","要確認","","","","","","","","","NITE-CHRIP"
"67874-47-9","ビス｛［２－（アセチルオキシ）エチル］スルファニル｝（ジブチル）スタンナン","対象物","","","","","","","","","","要確認","","","","","","","","","NITE-CHRIP"
"67874-48-0","ビス｛［２－（アセチルオキシ）エチル］スルファニル｝（ジメチル）スタンナン","対象物","","","","","","","","","","要確認","","","","","","","","","NITE-CHRIP"
"67874-49-1","ジブチル（ビス｛［２－（プロパノイルオキシ）エチル］スルファニル｝）スタンナン","対象物","","","","","","","","","","要確認","","","","","","","","","NITE-CHRIP"
"67874-51-5","ブチル（トリス｛［２－（デカノイルオキシ）エチル］スルファニル｝）スタンナン","対象物","","","","","","","","","","要確認","","","","","","","","","NITE-CHRIP"
"67874-54-8","トリス（｛２－［（２－エチルヘキサノイル）オキシ］エチル｝スルファニル）（メチル）スタンナン","対象物","","","","","","","","","","要確認","","","","","","","","","NITE-CHRIP"
"67888-96-4","２，２’，４，５，５’－ペンタブロモビフェニル","対象物","","","","","","","","","","","","","","","","","","","NITE-CHRIP"
"67888-97-5","２，３’，４，４’，５－ペンタブロモビフェニル","対象物","","","","","","","","","","","","","","","","","","","NITE-CHRIP"
"67905-20-8","ジメチル［ビス（｛２－［（３，５，５－トリメチルヘキサノイル）オキシ］エチル｝スルファニル）］スタンナン","対象物","","","","","","","","","","要確認","","","","","","","","","NITE-CHRIP"
"67905-21-9","ジメチル（ビス｛［２－（プロパノイルオキシ）エチル］スルファニル｝）スタンナン","対象物","","","","","","","","","","要確認","","","","","","","","","NITE-CHRIP"
"67905-22-0","ブチル（トリス｛［２－（プロパノイルオキシ）エチル］スルファニル｝）スタンナン","対象物","","","","","","","","","","要確認","","","","","","","","","NITE-CHRIP"
"67907-14-6","トリス｛［２－（｛２－［（イソオクチルオキシ）カルボニル］ベンゾイル｝オキシ）エチル］スルファニル｝（メチル）スタンナン","対象物","","","","","","","","","","要確認","","","","","","","","","NITE-CHRIP"
"67907-15-7","ビス｛［２－（｛２－［（イソオクチルオキシ）カルボニル］ベンゾイル｝オキシ）エチル］スルファニル｝（ジメチル）スタンナン","対象物","","","","","","","","","","要確認","","","","","","","","","NITE-CHRIP"
"67936-79-2","１，３－ジアジド－１，１，３，３－テトラブチルジスタンノキサン","対象物","","","","","","","","","","要確認","","","","","","","","","NITE-CHRIP"
"67939-23-5","ブチル［トリス（｛２－［（２－エチルヘキサノイル）オキシ］エチル｝スルファニル）］スタンナン","対象物","","","","","","","","","","要確認","","","","","","","","","NITE-CHRIP"
"67939-28-0","ブチル（トリス｛［２－（｛２－［（イソオクチルオキシ）カルボニル］ベンゾイル｝オキシ）エチル］スルファニル｝）スタンナン","対象物","","","","","","","","","","要確認","","","","","","","","","NITE-CHRIP"
"67939-62-2","カドミウム＝ジ［（９Ｚ，１２Ｚ）－オクタデカ－９，１２－ジエノアート］","対象物","該当","","","","?","","","","","要確認","","","","","","","","","NITE-CHRIP"
"67939-64-4","ビス（｛２－［（２－エチルヘキサノイル）オキシ］エチル｝スルファニル）（ジメチル）スタンナン","対象物","","","","","","","","","","要確認","","","","","","","","","NITE-CHRIP"
"67952-41-4","ニッケル（２＋）＝二水素＝ビス［（２Ｒ，３Ｒ）－タルトラート］","対象物","該当","","","","?","","","","","要確認","","","","","","","","","NITE-CHRIP"
"67952-43-6","塩素酸ニッケル（ＩＩ）","対象物","該当","","","該当","?","","","","","要確認","","","","","","","","","NITE-CHRIP"
"68002-97-1","アルコール（Ｃ＝１０～１６）エトキシ化物","対象物","","","","","","","","","","要確認","","","","","","","","","NITE-CHRIP"
"68092-45-5","カドミウム＝ビス（３－メチルベンゾアート）","対象物","該当","","","","?","","","","","要確認","","","","","","","","","NITE-CHRIP"
"68109-85-3","ジブチル［ビス（ドコサノイルオキシ）］スタンナン","対象物","","","","","","","","","","要確認","","","","","","","","","NITE-CHRIP"
"68109-86-4","（マレオイルジオキシ）ビス［ジブチル（｛（Ｚ）－［３－（シクロヘキシルオキシ）カルボニル］アクリロイル｝オキシ）スタンナン］","対象物","","","","","","","","","","要確認","","","","","","","","","NITE-CHRIP"
"68109-87-5","（Ｚ，Ｚ，Ｚ）－６，６，１３，１３－テトラブチル－４，８，１１，１５－テトラオキソ－５，７，１２，１４－テトラオキサ－６，１３－ジスタンナオクタデカ－２，９，１６－トリエン二酸ビス（フェニルメチル）","対象物","","","","","","","","","","要確認","","","","","","","","","NITE-CHRIP"
"68109-88-6","ジエチル＝６，６－ジオクチル－４，８－ジオキソ－５，７－ジオキサ－６－スタンナウンデカ－２，９－ジエンジオアート","対象物","","","","","","","","","","要確認","","","","","","","","","NITE-CHRIP"
"68130-19-8","Silicic acid, lead nickel salt","対象物","","","","","","","","","","要確認","","","","","","","","","NITE-CHRIP"
"68131-39-5","アルコール（Ｃ＝１２～１５）エトキシ化物","対象物","該当","","","","","","","","","要確認","","","","","","","","","NITE-CHRIP"
"68133-04-0","（マレオイルジオキシ）ビス［（｛（Ｚ）－［３－（ベンジルオキシ）カルボニル］アクリロイル｝オキシ）（ジオクチル）スタンナン］","対象物","","","","","","","","","","要確認","","","","","","","","","NITE-CHRIP"
"68154-96-1","エトキシ化アルコール（Ｃ＝１４～１８）","対象物","","","","","","","","","","要確認","","","","","","","","","NITE-CHRIP"
"68157-60-8","１－（２－クロロ－４－ピリジル）－３－フェニル尿素","対象物","","","","","","","","","","","","","","","","","","","NITE-CHRIP"
"68186-87-8","Ｃ．Ｉ．ピグメントブルー７２","対象物","該当","","","","?","","","","","要確認","","","","","","","","","NITE-CHRIP"
"68186-91-4","Ｃ．Ｉ．ピグメントブラック２８","対象物","","","","","","","","","","要確認","","","","","","","","","NITE-CHRIP"
"68186-94-7","Ｃ．Ｉ．ピグメントブラック２６","対象物","該当","","","","?","","","","","要確認","","","","","","","","","NITE-CHRIP"
"68187-05-3","尖晶石（コバルトスズグレー）","対象物","該当","","","","?","","","","","要確認","","","","","","","","","NITE-CHRIP"
"68187-54-2","Tin antimony grey cassiterite","対象物","","","","","","","","","","要確認","","","","","","","","","NITE-CHRIP"
"68194-04-7","２，２’，４，６’－テトラクロロビフェニル","対象物","該当","","","","?","","","","","要確認","","","第一種特定","","","","","","NITE-CHRIP"
"68194-05-8","２，２’，３，４’，６－ペンタクロロビフェニル","対象物","該当","","","","?","","","","","要確認","","","第一種特定","","","","","","NITE-CHRIP"
"68194-06-9","２，２’，４，５，６’－ペンタクロロビフェニル","対象物","該当","","","","?","","","","","要確認","","","第一種特定","","","","","","NITE-CHRIP"
"68194-07-0","２，２’，３，４’，５－ペンタクロロビフェニル","対象物","該当","","","","?","","","","","要確認","","","第一種特定","","","","","","NITE-CHRIP"
"68194-08-1","２，２’，３，４’，６，６’－ヘキサクロロビフェニル","対象物","該当","","","","?","","","","","要確認","","","第一種特定","","","","","","NITE-CHRIP"
"68194-09-2","２，２’，３，５，６，６’－ヘキサクロロビフェニル","対象物","該当","","","","?","","","","","要確認","","","第一種特定","","","","","","NITE-CHRIP"
"68194-10-5","２，３，３’，５’，６－ペンタクロロビフェニル","対象物","該当","","","","?","","","","","要確認","","","第一種特定","","","","","","NITE-CHRIP"
"68194-11-6","２，３，４’，５，６－ペンタクロロビフェニル","対象物","該当","","","","?","","","","","要確認","","","第一種特定","","","","","","NITE-CHRIP"
"68194-12-7","２，３’，４，５，５’－ペンタクロロビフェニル","対象物","該当","","","","?","","","","","要確認","","","第一種特定","","","","","","NITE-CHRIP"
"68194-13-8","２，２’，３，４’，５，６－ヘキサクロロビフェニル","対象物","該当","","","","?","","","","","要確認","","","第一種特定","","","","","","NITE-CHRIP"
"68194-14-9","２，２’，３，４，５’，６－ヘキサクロロビフェニル","対象物","該当","","","","?","","","","","要確認","","","第一種特定","","","","","","NITE-CHRIP"
"68194-15-0","２，２’，３，４，５，６’－ヘキサクロロビフェニル","対象物","該当","","","","?","","","","","要確認","","","第一種特定","","","","","","NITE-CHRIP"
"68194-16-1","２，２’，３，３’，４，５，６－ヘプタクロロビフェニル","対象物","該当","","","","?","","","","","要確認","","","第一種特定","","","","","","NITE-CHRIP"
"68194-17-2","２，２’，３，３’，４，５，５’，６－オクタクロロビフェニル","対象物","該当","","","","?","","","","","要確認","","","第一種特定","","","","","","NITE-CHRIP"
"68201-92-3","Acetic acid, 2-mercapto-, 1,1'-(1,2-ethanediyl) ester, polymer with dibutyloxostannane","対象物","","","","","","","","","","要確認","","","","","","","","","NITE-CHRIP"
"68213-23-0","アルコール（Ｃ＝１２～１８）エトキシ化物","対象物","","","","","","","","","","要確認","","","","","","","","","NITE-CHRIP"
"68239-51-0","六フッ化ケイ酸クロム（ＩＩＩ）","対象物","","","","","","","","","","要確認","","","","","","","","","NITE-CHRIP"
"68259-08-5","アンモニウム＝トリデカフルオロヘキサン－１－スルホナート","対象物","","","","","","","","","","","","","第一種特定","","","","","","NITE-CHRIP"
"68298-36-2","ブチル（トリス｛［２－（ノナノイルオキシ）エチル］スルファニル｝）スタンナン","対象物","","","","","","","","","","要確認","","","","","","","","","NITE-CHRIP"
"68298-37-3","ジブチル［ビス（｛２－［（２－エチルヘキサノイル）オキシ］エチル｝スルファニル）］スタンナン","対象物","","","","","","","","","","要確認","","","","","","","","","NITE-CHRIP"
"68298-38-4","ジブチル｛ビス［（２，３－ジヒドロキシプロピル）スルファニル］｝スタンナン","対象物","","","","","","","","","","要確認","","","","","","","","","NITE-CHRIP"
"68298-39-5","トリス｛［２－（アセチルオキシ）エチル］スルファニル｝（ブチル）スタンナン","対象物","","","","","","","","","","要確認","","","","","","","","","NITE-CHRIP"
"68298-40-8","ジメチル（ビス｛［２－（ノナノイルオキシ）エチル］スルファニル｝）スタンナン","対象物","","","","","","","","","","要確認","","","","","","","","","NITE-CHRIP"
"68298-42-0","ジブチル（ビス｛［２－（ヘキサデカノイルオキシ）エチル］スルファニル｝）スタンナン","対象物","","","","","","","","","","要確認","","","","","","","","","NITE-CHRIP"
"68298-43-1","ブチル［トリス（｛２－［（３，５，５－トリメチルヘキサノイル）オキシ］エチル｝スルファニル）］スタンナン","対象物","","","","","","","","","","要確認","","","","","","","","","NITE-CHRIP"
"68299-15-0","ジオクチルスタンニレン＝ビス（ネオデカノアート）","対象物","","","","","","","","","","要確認","","","","","","","","","NITE-CHRIP"
"68299-23-0","ジブチル［ビス（｛（Ｚ）－３－［（イソペンタデシルオキシ）カルボニル］アクリロイル｝オキシ）］スタンナン","対象物","","","","","","","","","","要確認","","","","","","","","","NITE-CHRIP"
"68308-34-9","けつ岩油","対象物","","該当","","","","","","","","","","","","","","","","","NITE-CHRIP"
"68309-95-5","（Ｔ－４）－ジアンモニウム＝ビス（カルボナト－κＯ）（ジヒドロキシド）ジルコナート（２－）","対象物","","","","","","","","","","","","","","","","","","","NITE-CHRIP"
"68332-81-0","Cadmium sulfide (CdS), solid soln. with zinc sulfide, copper and lead-doped","対象物","","","","","","","","","","要確認","","","","","","","","","NITE-CHRIP"
"68334-36-1","樹脂酸とロジン酸のニッケル塩","対象物","該当","","","","?","","","","","要確認","","","","","","","","","NITE-CHRIP"
"68359-37-5","シアノ（４－フルオロ－３－フェノキシフェニル）メチル＝３－（２，２－ジクロロビニル）－２，２－ジメチルシクロプロパン－１－カルボキシラート","対象物","","","","","","","","","","要確認","","","","","","","","","NITE-CHRIP"
"68406-52-0","トリス（｛（Ｚ）－３－［（ドデシルオキシ）カルボニル］アクリロイル｝オキシ）（オクチル）スタンナン","対象物","","","","","","","","","","要確認","","","","","","","","","NITE-CHRIP"
"68406-65-5","クロム酸銅","対象物","該当","","","","?","","","","","要確認","","","","","","","","","NITE-CHRIP"
"68412-36-2","ジブチル［ビス（ドデカノイルオキシ）］スタンナンとテトラプロポキシシラン加水分解物の反応生成物","対象物","","","","","","","","","","要確認","","","","","","","","","NITE-CHRIP"
"68412-50-0","ジブチル［ビス（｛２－［（イソオクチルオキシ）カルボニル］エチル｝スルファニル）］スタンナンとジブチル（オキソ）スタンナンの反応生成物","対象物","","","","","","","","","","要確認","","","","","","","","","NITE-CHRIP"
"68420-14-4","（Ｚ）－２，２’－［（１，４－ジオキソ－２－ブテン－１，４－ジイル）ビス（オキシ）］ビス（２－オクチル－１，３，２－ジオキサスタンネピン－４，７－ジオン）","対象物","","","","","","","","","","要確認","","","","","","","","","NITE-CHRIP"
"68420-16-6","トリス｛［（Ｚ）－３－（ブトキシカルボニル）アクリロイル］オキシ｝（オクチル）スタンナン","対象物","","","","","","","","","","要確認","","","","","","","","","NITE-CHRIP"
"68424-85-1","アルキル（Ｃ＝１２～１６）（ベンジル）（ジメチル）アンモニウム＝クロリド","対象物","該当","","","","","","","","","要確認","","","","","","","","","NITE-CHRIP"
"68439-45-2","エトキシ化アルコール（Ｃ＝６～１２）","対象物","","","","","","","","","","要確認","","","","","","","","","NITE-CHRIP"
"68439-46-3","エトキシ化アルコール（Ｃ＝９～１１）","対象物","","","","","","","","","","要確認","","","","","","","","","NITE-CHRIP"
"68439-50-9","エトキシ化アルコール（Ｃ＝１２～１４）","対象物","","","","","","","","","","要確認","","","","","","","","","NITE-CHRIP"
"68439-57-6","（ヒドロキシアルカン（Ｃ＝１４～１６）スルホン酸とアルケン（Ｃ＝１４～１６）スルホン酸）のナトリウム塩","対象物","","","","","","","","","","要確認","","","","","","","","","NITE-CHRIP"
"68441-20-3","Acetic acid, mercapto-, isooctyl ester, reaction products with dichlorodimethylstannane, sodium sulfide (Na2S) and trichloromethylstannane","対象物","","","","","","","","","","要確認","","","","","","","","","NITE-CHRIP"
"68442-12-6","ジクロロ（ジメチル）スタンナンと二ナトリウム＝スルフィドと２－スルファニルエチル＝オレアートとトリクロロ（メチル）スタンナンの反応生成物","対象物","","","","","","","","","","要確認","","","","","","","","","NITE-CHRIP"
"68460-05-9","（マレオイルジオキシ）ビス［ジブチル（｛３－［（シクロヘキシルオキシ）カルボニル］アクリロイル｝オキシ）スタンナン］","対象物","","","","","","","","","","要確認","","","","","","","","","NITE-CHRIP"
"68460-06-0","ジベンジル＝（９Ｚ）－６，６，１３，１３－テトラブチル－４，８，１１，１５－テトラオキソ－５，７，１２，１４－テトラオキサ－６，１３－ジスタンナオクタデカ－２，９，１６－トリエンジオアート","対象物","","","","","","","","","","要確認","","","","","","","","","NITE-CHRIP"
"68476-31-3","軽油","対象物","","","","該当","","","","","","","","","","","","","","","NITE-CHRIP"
"68478-76-2","ジクロロ（ジメチル）スタンナンと硫化二ナトリウムと２－スルファニルエチル＝パルミタートと２－スルファニルエチル＝ステアラートとトリクロロ（メチル）スタンナンの反応生成物","対象物","","","","","","","","","","要確認","","","","","","","","","NITE-CHRIP"
"68510-95-2","ケイジルコン酸ナトリウム","対象物","","","","","","","","","","","","","","","","","","","NITE-CHRIP"
"68511-62-6","５，５’－アゾジ（２，４，６－ピリミジントリオール）の１：１型ニッケル（ＩＩ）錯塩","対象物","該当","","","","?","","","","","要確認","","","","","","","","","NITE-CHRIP"
"68512-27-6","Pentadecanoic acid, 1,1'-(dibutylstannylene) ester, branched","対象物","","","","","","","","","","要確認","","","","","","","","","NITE-CHRIP"
"68515-50-4","ジヘキシル（直鎖型及び分枝型）＝フタラート","対象物","","","","","","","","","","","","","","","","","","","NITE-CHRIP"
"68526-94-3","エトキシ化アルコール（Ｃ＝１２～２０）","対象物","","","","","","","","","","要確認","","","","","","","","","NITE-CHRIP"
"68538-86-3","ビス［（Ｚ）－オクタデカ－９－エン－１－イル］＝６，６－ジオクチル－４，８－ジオキソ－５，７－ジオキサ－６－スタンナウンデカ－２，９，－ジエンジオアート","対象物","","","","","","","","","","要確認","","","","","","","","","NITE-CHRIP"
"68551-12-2","アルコール（Ｃ＝１２～１６）エトキシ化物","対象物","","","","","","","","","","要確認","","","","","","","","","NITE-CHRIP"
"68555-05-5","Spinels, boron calcium lead silicon white","対象物","","","","","","","","","","要確認","","","","","","","","","NITE-CHRIP"
"68555-07-7","Spinels, lead silicon tin zinc white","対象物","","","","","","","","","","要確認","","","","","","","","","NITE-CHRIP"
"68584-62-3","ジブチル（オキソ）スタンナンとブチル＝アクリラート重合物の反応生成物","対象物","","","","","","","","","","要確認","","","","","","","","","NITE-CHRIP"
"68584-66-7","2-Propenoic acid, 2-ethylhexyl ester, homopolymer, reaction products with dioctyloxostannane","対象物","","","","","","","","","","要確認","","","","","","","","","NITE-CHRIP"
"68585-90-0","Zinc sulfide (ZnS), copper and lead-doped","対象物","","","","","","","","","","要確認","","","","","","","","","NITE-CHRIP"
"68603-20-3","エトキシ化アルコール（Ｃ＝１２～１９）","対象物","","","","","","","","","","要確認","","","","","","","","","NITE-CHRIP"
"68603-42-9","Ｎ，Ｎ－ビス（ヒドロキシエチル）（ココ－アミド）","対象物","","","","","","","","","","要確認","","","","","","","","","NITE-CHRIP"
"68609-97-2","オキシランの２－（アルキル（Ｃ＝１２～１４）オキシ）メチル誘導体","対象物","該当","","","","","","","","","","","","","","","","","","NITE-CHRIP"
"68694-11-1","（Ｅ）－４－クロロ－Ｎ－［１－（１－イミダゾリル）－２－プロポキシエチリデン］－２－（トリフルオロメチル）アニリン","対象物","該当","","","","","","","","","","","","","","","","","","NITE-CHRIP"
"68725-14-4","トリブチル｛［（トリフルオロメチル）スルホニル］オキシ｝スタンナン","対象物","","","","","","","","","","要確認","","","","","","","","","NITE-CHRIP"
"68725-15-5","トリブチル［（エチルスルホニル）オキシ］スタンナン","対象物","","","","","","","","","","要確認","","","","","","","","","NITE-CHRIP"
"68784-53-2","Tungstate (WO42-), calcium (1:1), (T-4)-, lead-doped","対象物","","","","","","","","","","要確認","","","","","","","","","NITE-CHRIP"
"68784-74-7","Silicic acid (H6Si2O7), barium magnesium strontium salt, lead-doped","対象物","","","","","","","","","","要確認","","","","","","","","","NITE-CHRIP"
"68784-75-8","ケイ酸とバリウムの塩（１：１）（鉛ドープ）","対象物","","","","","","","","","","要確認","","","","","","","","","NITE-CHRIP"
"68784-76-9","Silicic acid (H4SiO4), magnesium manganese(2+) zinc salt, arsenic and lead-doped","対象物","","","","","","","","","","要確認","","","","","","","","","NITE-CHRIP"
"68860-54-8","ｔｅｒｔ－ペンチル＝３，５，５－トリメチルペルオキシヘキサノアート","対象物","該当","","","該当","","","","","","","","","","","","","","","NITE-CHRIP"
"68891-87-2","Cadmium sulfide (CdS), copper and lead-doped","対象物","","","","","","","","","","要確認","","","","","","","","","NITE-CHRIP"
"68912-13-0","トリシクロ［５．２．１．０（２，６）］デカ－３－エニル＝プロピオナート","対象物","","","","","","","","","","要確認","","","","","","","","","NITE-CHRIP"
"68920-66-1","エトキシ化アルコール（Ｃ＝１６～１８及び不飽和Ｃ＝１８）","対象物","","","","","","","","","","要確認","","","","","","","","","NITE-CHRIP"
"68928-34-7","ブチル（トリス｛［２－（テトラデカノイルオキシ）エチル］スルファニル｝）スタンナン","対象物","","","","","","","","","","要確認","","","","","","","","","NITE-CHRIP"
"68928-37-0","ブチル｛トリス［（２－｛［（９Ｚ，１２Ｚ）－オクタデカ－９，１２－ジエノイル］オキシ｝エチル）スルファニル］｝スタンナン","対象物","","","","","","","","","","要確認","","","","","","","","","NITE-CHRIP"
"68928-38-1","メチル（トリス｛［２－（テトラデカノイルオキシ）エチル］スルファニル｝）スタンナン","対象物","","","","","","","","","","要確認","","","","","","","","","NITE-CHRIP"
"68928-39-2","ブチル（トリス｛［２－（パルミトイルオキシ）エチル］スルファニル｝）スタンナン","対象物","","","","","","","","","","要確認","","","","","","","","","NITE-CHRIP"
"68928-40-5","メチル｛トリス［（２－｛［（９Ｚ，１２Ｚ）－オクタデカ－９，１２－ジエノイル］オキシ｝エチル）スルファニル］｝スタンナン","対象物","","","","","","","","","","要確認","","","","","","","","","NITE-CHRIP"
"68928-41-6","メチル（トリス｛［２－（パルミトイルオキシ）エチル］スルファニル｝）スタンナン","対象物","","","","","","","","","","要確認","","","","","","","","","NITE-CHRIP"
"68928-42-7","ビス（｛２－［（ドデカノイル）オキシ］エチル｝スルファニル）（ジメチル）スタンナン","対象物","","","","","","","","","","要確認","","","","","","","","","NITE-CHRIP"
"68928-44-9","１，１’，１’’－Ｏ－３，３’，３’’－［（メチルスタンナントリイル）トリス（スルファンジイル）］トリプロパノイル＝トリ－Ｄ－グルシトール","対象物","","","","","","","","","","要確認","","","","","","","","","NITE-CHRIP"
"68928-47-2","ビス｛［２－（デカノイルオキシ）エチル］スルファニル｝（ジブチル）スタンナン","対象物","","","","","","","","","","要確認","","","","","","","","","NITE-CHRIP"
"68928-48-3","ジメチル（ビス｛［２－（テトラデカノイルオキシ）エチル］スルファニル｝）スタンナン","対象物","","","","","","","","","","要確認","","","","","","","","","NITE-CHRIP"
"68928-49-4","ジメチル（ビス｛［２－（パルミトイルオキシ）エチル］スルファニル｝）スタンナン","対象物","","","","","","","","","","要確認","","","","","","","","","NITE-CHRIP"
"68928-50-7","トリス｛［２－（デカノイルオキシ）エチル］スルファニル｝（メチル）スタンナン","対象物","","","","","","","","","","要確認","","","","","","","","","NITE-CHRIP"
"68928-52-9","ブチル［トリス（｛２－［（ドデカノイル）オキシ］エチル｝スルファニル）］スタンナン","対象物","","","","","","","","","","要確認","","","","","","","","","NITE-CHRIP"
"68928-76-7","ジメチル［ビス（ネオデカノイルオキシ）］スタンナン","対象物","","","","","","","","","","要確認","","","","","","","","","NITE-CHRIP"
"68928-78-9","ジブチル［ビス（｛２－（｛［２－（イソオクチルオキシ）カルボニル］ベンゾイル｝オキシ）エチル｝スルファニル）］スタンナン","対象物","","","","","","","","","","要確認","","","","","","","","","NITE-CHRIP"
"68937-05-3","酢酸と一酸化鉛とシリカと硫酸の反応生成物","対象物","","","","","","","","","","要確認","","","","","","","","","NITE-CHRIP"
"68937-12-2","2-Butenoic acid, 4,4'-[(dibutylstannylene)bis(oxy)]bis[4-oxo-, (2Z,2'Z)-, di-C12-14-alkyl esters","対象物","","","","","","","","","","要確認","","","","","","","","","NITE-CHRIP"
"68937-41-7","イソプロピル化フェノール＝ホスファート（３：１）","対象物","","","","","","","","","","","","","","","","","","","NITE-CHRIP"
"68951-67-7","エトキシ化アルコール（Ｃ＝１４～１５）","対象物","","","","","","","","","","要確認","","","","","","","","","NITE-CHRIP"
"68955-07-7","ジオクチル（オキソ）スタンナンとブチル＝アクリラート重合物の反応生成物","対象物","","","","","","","","","","要確認","","","","","","","","","NITE-CHRIP"
"68955-20-4","ナトリウム＝アルキル（Ｃ＝１６～１８）＝スルファート","対象物","","","","","","","","","","","","","","","","","","","NITE-CHRIP"
"68956-82-1","樹脂酸及びロジン酸のコバルト塩","対象物","","","","","","","","","","要確認","","","","","","","","","NITE-CHRIP"
"68974-77-6","１，１，３，３－テトラブチル－１，３－［ビス（｛３－［（イソオクチルオキシ）カルボニル］アクリロイル｝オキシ）］ジスタンノキサン","対象物","","","","","","","","","","要確認","","","","","","","","","NITE-CHRIP"
"68987-33-7","Barium bismuth lead niobium titanium oxide","対象物","","","","","","","","","","要確認","","","","","","","","","NITE-CHRIP"
"68988-11-4","ジブチル（オキソ）スタンナンとエチレン＝ビス（スルファニルアセタート）とイソオクチル＝スルファニルアセタートの反応生成物","対象物","","","","","","","","","","要確認","","","","","","","","","NITE-CHRIP"
"68988-12-5","ジクロロ（ジオクチル）スタンナンとイソオクチル＝スルファニルアセタートとトリクロロ（オクチル）スタンナンの反応生成物","対象物","","","","","","","","","","要確認","","","","","","","","","NITE-CHRIP"
"68988-58-9","ジブチル（オキソ）スタンナンとテトラプロポキシシランの反応生成物","対象物","","","","","","","","","","要確認","","","","","","","","","NITE-CHRIP"
"68991-48-0","エトキシ化アルコール（Ｃ＝７～２１）","対象物","","","","","","","","","","要確認","","","","","","","","","NITE-CHRIP"
"69011-07-0","クロム酸ケイ酸鉛","対象物","該当","","","","?","","","","","要確認","","","","","","","","","NITE-CHRIP"
"69011-59-2","Lead alloy, base, dross","対象物","","","","","","","","","","要確認","","","","","","","","","NITE-CHRIP"
"69011-60-5","Lead alloy, base, Pb,Sn, dross","対象物","","","","","","","","","","要確認","","","","","","","","","NITE-CHRIP"
"69012-60-8","Flue dust, lead-tin alloy-manufg.","対象物","","","","","","","","","","要確認","","","","","","","","","NITE-CHRIP"
"69013-19-0","エトキシ化アルコール（Ｃ＝８～２２）","対象物","","","","","","","","","","要確認","","","","","","","","","NITE-CHRIP"
"69029-45-4","Lead, dross, antimony-rich","対象物","","","","","","","","","","要確認","","","","","","","","","NITE-CHRIP"
"69029-46-5","Lead, dross, bismuth-rich","対象物","","","","","","","","","","要確認","","","","","","","","","NITE-CHRIP"
"69029-50-1","Lead, antimonial","対象物","","","","","","","","","","要確認","","","","","","","","","NITE-CHRIP"
"69029-51-2","Lead, antimonial, dross","対象物","","","","","","","","","","要確認","","","","","","","","","NITE-CHRIP"
"69029-52-3","Lead, dross","対象物","","","","","","","","","","要確認","","","","","","","","","NITE-CHRIP"
"69029-53-4","Lead oxide (PbO), retort","対象物","","","","","","","","","","要確認","","","","","","","","","NITE-CHRIP"
"69029-67-0","Flue dust, lead-refining","対象物","","","","","","","","","","要確認","","","","","","","","","NITE-CHRIP"
"69029-73-8","Leach residues, tellurium","対象物","","","","","","","","","","要確認","","","","","","","","","NITE-CHRIP"
"69029-74-9","Calcines, lead ore conc.","対象物","","","","","","","","","","要確認","","","","","","","","","NITE-CHRIP"
"69029-86-3","Slags, tellurium","対象物","","","","","","","","","","要確認","","","","","","","","","NITE-CHRIP"
"69029-93-2","Slimes and Sludges, lead refining","対象物","","","","","","","","","","要確認","","","","","","","","","NITE-CHRIP"
"69039-26-5","ジブチル｛ビス［（ブチル）（スルファニル）（メトキシ）プロパノイルオキシ］｝スタンナン","対象物","","","","","","","","","","要確認","","","","","","","","","NITE-CHRIP"
"69121-20-6","カドミウム＝ビス（１２－ヒドロキシオクタデカノアート）","対象物","該当","","","","?","","","","","要確認","","","","","","","","","NITE-CHRIP"
"69198-43-2","ジブロモビス［トリス（３，５－ジメチルフェニル）ホスフィン］コバルト","対象物","","","","","","","","","","要確認","","","","","","","","","NITE-CHRIP"
"69226-43-3","ビス（｛［（ドデカノイルオキシ）カルボニル］メチル｝スルファニル）（ジオクチル）スタンナン","対象物","","","","","","","","","","要確認","","","","","","","","","NITE-CHRIP"
"69226-44-4","８，８－ジオクチル－１，４－ジオキサ－７，９－ジチア－８－スタンナシクロウンデカン－５，１１－ジオン","対象物","","","","","","","","","","要確認","","","","","","","","","NITE-CHRIP"
"69226-45-5","（５Ｚ，１３Ｚ）－９－メチル－２，２－ジオクチル－１，３，８，１１－テトラオキサ－２－スタンナシクロペンタデカ－５，１３－ジエン－４，７，１２，１５－テトラオン","対象物","","","","","","","","","","要確認","","","","","","","","","NITE-CHRIP"
"69226-46-6","５，５－ジオクチル－１，９－ジオキサ－４，６－ジチア－５－スタンナシクロトリデカン－２，８－ジオン","対象物","","","","","","","","","","要確認","","","","","","","","","NITE-CHRIP"
"69226-47-7","トリブチル（ウンデシルオキシ）スタンナン","対象物","","","","","","","","","","要確認","","","","","","","","","NITE-CHRIP"
"69227-11-8","Lead, dross, copper-rich","対象物","","","","","","","","","","要確認","","","","","","","","","NITE-CHRIP"
"69239-37-8","ビス（｛（Ｚ）－３－［（ノニルオキシ）カルボニル］アクリロイル｝オキシ）（ジオクチル）スタンナン","対象物","","","","","","","","","","要確認","","","","","","","","","NITE-CHRIP"
"69292-92-8","ヘキサアンミンコバルト（ＩＩＩ）リン酸錯塩","対象物","該当","","","","?","","","","","要確認","","","","","","","","","NITE-CHRIP"
"69327-76-0","２－ｔｅｒｔ－ブチルイミノ－３－イソプロピル－５－フェニルテトラヒドロ－４Ｈ－１，３，５－チアジアジン－４－オン","対象物","","","","","","","","","","要確認","","","","","","","","","NITE-CHRIP"
"69431-11-4","テルル化ビスマス","対象物","","","","","","","","","","要確認","","","","","","","","","NITE-CHRIP"
"69523-06-4","フェロセリウム","対象物","","","","","","","","","","要確認","","","","","","","","","NITE-CHRIP"
"69537-35-5","ビス（ドデカノイルオキシ）（ジドデシル）スタンナン","対象物","","","","","","","","","","要確認","","","","","","","","","NITE-CHRIP"
"69599-22-0","三硫化四ニッケル","対象物","該当","","","","?","","","","","要確認","","","","","","","","","NITE-CHRIP"
"69782-90-7","２，３，３’，４，４’，５’－ヘキサクロロビフェニル","対象物","該当","","","","?","","","","","要確認","","","第一種特定","","","","","","NITE-CHRIP"
"69782-91-8","２，３，３’，４’，５，５’，６－ヘプタクロロビフェニル","対象物","該当","","","","?","","","","","要確認","","","第一種特定","","","","","","NITE-CHRIP"
"69799-37-7","１，３－ビス（アセチルオキシ）－１，１，３，３－テトラオクチルジスタンノキサン","対象物","","","","","","","","","","要確認","","","","","","","","","NITE-CHRIP"
"69882-12-8","［２－（ブトキシカルボニル）エチル］トリス（｛［２－（オレオイルオキシ）エチル］スルファニル｝）スタンナン","対象物","","","","","","","","","","要確認","","","","","","","","","NITE-CHRIP"
"69898-18-6","ブチル（ヒドロキシ）（オキソ）スタンナンとジブチル（オキソ）スタンナンとイソオクチル＝スルファニルアセタートの反応生成物","対象物","","","","","","","","","","要確認","","","","","","","","","NITE-CHRIP"
"69997-91-7","ビス［ビス（４－｛［４－（エチルスルホニル）－２－オラト－κＯ－フェニル］ジアゼニル－κＮ１｝－３－メチル－１－フェニルピラゾール－５（４Ｈ）－オナト－κＯ）クロム酸（１－）］＝ヘキサン－１，６－ジアンモニウム塩","対象物","","","","","","","","","","要確認","","","","","","","","","NITE-CHRIP"
"70024-86-1","ブチル（トリクロロ）スタンナンと水酸化ナトリウムの反応生成物","対象物","","","","","","","","","","要確認","","","","","","","","","NITE-CHRIP"
"70103-43-4","１２，１２，１９，１９－テトラブチル－９，２２－ジエチル－１０，１４，１７，２１－テトラオキソ－１１，１３，１８，２０－テトラオキサ－１２，１９－ジスタンナトリアコンタ－１５－エン","対象物","","","","","","","","","","要確認","","","","","","","","","NITE-CHRIP"
"70303-46-7","（エチルスルファニル）（トリオクチル）スタンナン","対象物","","","","","","","","","","要確認","","","","","","","","","NITE-CHRIP"
"70303-47-8","（ブチルスルファニル）（トリオクチル）スタンナン","対象物","","","","","","","","","","要確認","","","","","","","","","NITE-CHRIP"
"70362-41-3","２，３，３’，４，５’－ペンタクロロビフェニル","対象物","該当","","","","?","","","","","要確認","","","第一種特定","","","","","","NITE-CHRIP"
"70362-45-7","２，２’，３，６－テトラクロロビフェニル","対象物","該当","","","","?","","","","","要確認","","","第一種特定","","","","","","NITE-CHRIP"
"70362-46-8","２，２’，３，５－テトラクロロビフェニル","対象物","該当","","","","?","","","","","要確認","","","第一種特定","","","","","","NITE-CHRIP"
"70362-47-9","２，２’，４，５－テトラクロロビフェニル","対象物","該当","","","","?","","","","","要確認","","","第一種特定","","","","","","NITE-CHRIP"
"70362-48-0","２，３’，４’，５’－テトラクロロビフェニル","対象物","該当","","","","?","","","","","要確認","","","第一種特定","","","","","","NITE-CHRIP"
"70362-49-1","３，３’，４，５－テトラクロロビフェニル","対象物","該当","","","","?","","","","","要確認","","","第一種特定","","","","","","NITE-CHRIP"
"70362-50-4","３，４，４’，５－テトラクロロビフェニル","対象物","該当","","","","?","","","","","要確認","","","第一種特定","","","","","","NITE-CHRIP"
"70424-67-8","２，３，３’，５－テトラクロロビフェニル","対象物","該当","","","","?","","","","","要確認","","","第一種特定","","","","","","NITE-CHRIP"
"70424-68-9","２，３，３’，４’，５－ペンタクロロビフェニル","対象物","該当","","","","?","","","","","要確認","","","第一種特定","","","","","","NITE-CHRIP"
"70424-69-0","２，３，３’，４，５－ペンタクロロビフェニル","対象物","該当","","","","?","","","","","要確認","","","第一種特定","","","","","","NITE-CHRIP"
"70424-70-3","２，３’，４’，５，５’－ペンタクロロビフェニル","対象物","該当","","","","?","","","","","要確認","","","第一種特定","","","","","","NITE-CHRIP"
"70476-82-3","１，４－ジヒドロキシ－５，８－ビス（｛２－［（２－ヒドロキシエチル）アミノ］エチル｝アミノ）－９，１０－アントラキノン二塩酸塩","対象物","","","","","","","","","","","","","","","","","","","NITE-CHRIP"
"70495-35-1","Thorium ditelluride","対象物","","","","","","","","","","要確認","","","","","","","","","NITE-CHRIP"
"70514-05-5","Flue dust, lead blast furnace","対象物","","","","","","","","","","要確認","","","","","","","","","NITE-CHRIP"
"70514-37-3","Slimes and Sludges, lead sinter dust scrubber","対象物","","","","","","","","","","要確認","","","","","","","","","NITE-CHRIP"
"70605-35-5","ジ－ｎ－オクチルスズオキサイド重合物","対象物","","","","","","","","","","要確認","","","","","","","","","NITE-CHRIP"
"70627-65-5","ジクロロ（３，４－ジメトキシフェニル）（フェニル）－λ（４）－テラン","対象物","","","","","","","","","","要確認","","","","","","","","","NITE-CHRIP"
"70648-26-9","１，２，３，４，７，８－ヘキサクロロジベンゾ［ｂ，ｄ］フラン","対象物","","","","","","","","","","","","","","","","","","","NITE-CHRIP"
"70709-94-3","２－（ペンタデシルオキシ）エタノール","対象物","","","","","","","","","","要確認","","","","","","","","","NITE-CHRIP"
"70714-64-6","ジルコン酸銅","対象物","","","","","","","","","","","","","","","","","","","NITE-CHRIP"
"70729-71-4","ブチル｛トリス［（２－ヒドロキシエチル）スルファニル］｝スタンナン","対象物","","","","","","","","","","要確認","","","","","","","","","NITE-CHRIP"
"70750-24-2","ジブチル［ビス（ドデカノイルオキシ）］スタンナンとテトラエトキシシランの反応生成物","対象物","","","","","","","","","","要確認","","","","","","","","","NITE-CHRIP"
"70750-63-9","（ＳＰ－４－２）－（フタロシアニン－２９，３１－ジイド－２－スルホナト－κ（４）Ｎ（２９），Ｎ（３０），Ｎ（３１），Ｎ（３２））銅酸（１－）ジメチル（ジオクタデカン－１－イル）アンモニウム","対象物","","","","","","","","","","要確認","","","","","","","","","NITE-CHRIP"
"70851-34-2","四ナトリウム＝ビス［２－（｛５－［（２－カルボキシラトフェニル）スルファモイル］－２－オキシド－κＯ－フェニル｝ジアゼニル－κＮ（２））－１－（２－クロロアニリノ）－３－オキソ－κＯ－１－オキソブタン－２－イド］コバルタート（４－）","対象物","","","","","","","","","","要確認","","","","","","","","","NITE-CHRIP"
"70892-97-6","Dodecanoic acid, 1,1'-(dibutylstannylene) ester, polymer with 1,3-diisocyanatomethylbenzene, 2-ethoxyethyl acetate and 2,2'-oxybis[ethanol]","対象物","","","","","","","","","","要確認","","","","","","","","","NITE-CHRIP"
"70892-98-7","Dodecanoic acid, 1,1'-(dibutylstannylene) ester, polymer with 1,3-diisocyanatomethylbenzene, 2-ethoxyethyl acetate, 2,2'-oxybis[ethanol] and 1,2,3-propanetriol","対象物","","","","","","","","","","要確認","","","","","","","","","NITE-CHRIP"
"70942-28-8","トリス［（２－｛［５－（メトキシカルボニル）ペンタノイル］オキシ｝エチル）スルファニル］（メチル）スタンナン","対象物","","","","","","","","","","要確認","","","","","","","","","NITE-CHRIP"
"70942-29-9","トリス［（２－｛［４－（メトキシカルボニル）ブタノイル］オキシ｝エチル）スルファニル］（メチル）スタンナン","対象物","","","","","","","","","","要確認","","","","","","","","","NITE-CHRIP"
"70942-30-2","ジブチル｛ビス［（３－｛［２－（ジメチルアミノ）エトキシ］カルボニル｝プロパノイル）オキシ］｝スタンナン","対象物","","","","","","","","","","要確認","","","","","","","","","NITE-CHRIP"
"70942-31-3","ジブチル｛ビス［（（Ｚ）－３－｛［２－（ジメチルアミノ）エトキシ］カルボニル｝アクリロイル）オキシ］｝スタンナン","対象物","","","","","","","","","","要確認","","","","","","","","","NITE-CHRIP"
"70942-34-6","ジブチル｛ビス［（２－｛［４－（メトキシカルボニル）ブタノイル］オキシ｝エチル）スルファニル］｝スタンナン","対象物","","","","","","","","","","要確認","","","","","","","","","NITE-CHRIP"
"70942-35-7","（ブチルスタンナントリイル）トリス（スルファンジイルエチレン）＝トリス（６－メトキシ－６－オキソヘキサノアート）","対象物","","","","","","","","","","要確認","","","","","","","","","NITE-CHRIP"
"70942-36-8","ブチル｛トリス［（２－｛［４－（メトキシカルボニル）ブタノイル］オキシ｝エチル）スルファニル］｝スタンナン","対象物","","","","","","","","","","要確認","","","","","","","","","NITE-CHRIP"
"70942-46-0","ジブチル［ビス（｛２－［（テトラデシルオキシ）カルボニル］エチル｝スルファニル）］スタンナン","対象物","","","","","","","","","","要確認","","","","","","","","","NITE-CHRIP"
"70942-47-1","ジブチル［ビス（｛２－［（トリデシルオキシ）カルボニル］エチル｝スルファニル）］スタンナン","対象物","","","","","","","","","","要確認","","","","","","","","","NITE-CHRIP"
"70969-63-0","ジペンタデシル＝３，３’－［（ジブチルスタンナンジイル）ビス（スルファンジイル）］ジプロピオナート","対象物","","","","","","","","","","要確認","","","","","","","","","NITE-CHRIP"
"70969-67-4","ビス［（２－｛［５－（メトキシカルボニル）ペンタノイル］オキシ｝エチル）スルファニル］（ジメチル）スタンナン","対象物","","","","","","","","","","要確認","","","","","","","","","NITE-CHRIP"
"70969-68-5","ビス［（２－｛［４－（メトキシカルボニル）ブタノイル］オキシ｝エチル）スルファニル］（ジメチル）スタンナン","対象物","","","","","","","","","","要確認","","","","","","","","","NITE-CHRIP"
"70969-72-1","ジブチル｛ビス［（２－｛［５－（メトキシカルボニル）ペンタノイル］オキシ｝エチル）スルファニル］｝スタンナン","対象物","","","","","","","","","","要確認","","","","","","","","","NITE-CHRIP"
"70987-78-9","（Ｓ）－オキシラン－２－イルメチル＝４－メチルベンゼンスルホナート","対象物","","","","","","","","","","","","","","","","","","","NITE-CHRIP"
"71011-10-4","エトキシ化アルコール（Ｃ＝１４～２６）","対象物","","","","","","","","","","要確認","","","","","","","","","NITE-CHRIP"
"71048-99-2","ナトリウム＝Ｎ－｛（Ｓ）－２－アミノ－４－［ヒドロキシ（メチル）ホスホリル］ブタノイル｝－Ｌ－アラニル－Ｌ－アラニナート","対象物","該当","","","","","","","","","","","","","","","","","","NITE-CHRIP"
"71092-26-7","２－エチルヘキシル＝アクリラート・（メタクリロイルオキシ）（トリフェニル）スタンナン・メチル＝メタクリラート重合物","対象物","","","","","","","","","","要確認","","","","","","","","","NITE-CHRIP"
"71098-88-9","Ｎ－（フェニルセラニル）フタルイミド","対象物","","","","","","","","","","要確認","","","","","","","","","NITE-CHRIP"
"71119-47-6","２－（ブトキシメチル）オキシランとトリクロロ（メチル）スタンナンの反応生成物","対象物","","","","","","","","","","要確認","","","","","","","","","NITE-CHRIP"
"71119-48-7","２－［（アルキル（Ｃ＝８～１８）オキシ）メチル］オキシランとトリクロロ（メチル）スタンナンの反応生成物","対象物","","","","","","","","","","要確認","","","","","","","","","NITE-CHRIP"
"71133-14-7","ブロモ（ジクロロ）酢酸","対象物","","該当","","","","","","","","","","","","","","","","","NITE-CHRIP"
"71243-46-4","エトキシ化アルコール（Ｃ＝８～１６）","対象物","","","","","","","","","","要確認","","","","","","","","","NITE-CHRIP"
"71243-77-1","ジルコン酸カルシウム","対象物","","","","","","","","","","","","","","","","","","","NITE-CHRIP"
"71449-78-0","ジフェニル［４－（フェニルスルファニル）フェニル］スルホニウム＝（ＯＣ－６－１１）－ヘキサフルオロ－λ（５）－スチバヌイド","対象物","","","","","","","","","","要確認","","","","","","","","","NITE-CHRIP"
"71510-19-5","５，５，７，７－テトラブチル－１４－エチル－１１－オキソ－６，１２－ジオキサ－４，８－ジチア－５，７－ジスタンナオクタデカン酸２－エチルヘキシル","対象物","","","","","","","","","","要確認","","","","","","","","","NITE-CHRIP"
"71561-11-0","２－［４－（２，４－ジクロロベンゾイル）－１，３－ジメチル－５－ピラゾリルオキシ］アセトフェノン","対象物","","","","","","","","","","要確認","","","","","","","","","NITE-CHRIP"
"71599-06-9","カドミウム＝ビス（オクタデシル＝マレアート）","対象物","該当","","","","?","","","","","要確認","","","","","","","","","NITE-CHRIP"
"71599-08-1","（Ｚ，Ｚ）－６，６，８，８－テトラブチル－４，１０，１３－トリオキソ－５，７，９，１４－テトラオキサ－６，８－ジスタンナオクタデカ－２，１１－ジエン酸ブチル","対象物","","","","","","","","","","要確認","","","","","","","","","NITE-CHRIP"
"71631-13-5","Siloxanes and Silicones, di-Me, hydroxy-terminated, polymers with 1,1'-(dibutylstannylene) diacetate, 1,1',1''-(ethenylsilylidyne) triacetate, tetrakis[2-(2-methoxyethoxy)ethyl] silicate and 2-[[3-(trimethoxysilyl)propoxy]methyl]oxirane","対象物","","","","","","","","","","要確認","","","","","","","","","NITE-CHRIP"
"71799-66-1","Silicic acid (H6Si2O7), barium zinc salt (1:1:2), lead-doped","対象物","","","","","","","","","","要確認","","","","","","","","","NITE-CHRIP"
"71850-09-4","ジイソヘキシル＝フタラート","対象物","","","","","","","","","","","","","","","","","","","NITE-CHRIP"
"71865-66-2","ジブチルスズサルファイド重合物","対象物","","","","","","","","","","要確認","","","","","","","","","NITE-CHRIP"
"71868-10-5","２－メチル－４’－メチルチオ－２－モルホリノプロピオフェノン","対象物","","","","","","","","","","","","","","","","","","","NITE-CHRIP"
"71939-11-2","臭化ニッケル","対象物","該当","","","","?","","","","","要確認","","","","","","","","","NITE-CHRIP"
"72231-02-8","トリス（｛（Ｚ）－３－［（イソオクチルオキシ）カルボニル］アクリロイル｝オキシ）（メチル）スタンナン","対象物","","","","","","","","","","要確認","","","","","","","","","NITE-CHRIP"
"72253-09-9","ベンゼン－１，２，４－トリカルボン酸のコバルト（２＋）塩（２：１）一水和物","対象物","","","","","","","","","","要確認","","","","","","","","","NITE-CHRIP"
"72253-10-2","ベンゼン－１，２，４－トリカルボン酸のニッケル（２＋）塩（２：１）八水和物","対象物","該当","","","","?","","","","","要確認","","","","","","","","","NITE-CHRIP"
"72259-65-5","ブチル［トリス（｛［（テトラデシルオキシ）カルボニル］メチル｝スルファニル）］スタンナン","対象物","","","","","","","","","","要確認","","","","","","","","","NITE-CHRIP"
"72305-84-1","ビス（アセチルオキシ）｛ビス［２－（ブトキシカルボニル）エチル］｝スタンナン","対象物","","","","","","","","","","要確認","","","","","","","","","NITE-CHRIP"
"72379-29-4","ナフテン酸モリブデン","対象物","","","","","","","","","","要確認","","","","","","","","","NITE-CHRIP"
"72416-87-6","３，４’，５－トリブロモビフェニル","対象物","","","","","","","","","","","","","","","","","","","NITE-CHRIP"
"72480-35-4","Stannane, dodecyl [2-[(2-ethylhexyl)oxy]-2-oxoethyl]thio derivs.","対象物","","","","","","","","","","要確認","","","","","","","","","NITE-CHRIP"
"72623-86-0","水素化中性油を原料とする潤滑油（Ｃ１５～３０）","対象物","","該当","","","","","","","","","","","","","","","","","NITE-CHRIP"
"72623-87-1","水素化中性油を原料とする潤滑油（Ｃ２０～５０）","対象物","","該当","","","","","","","","","","","","","","","","","NITE-CHRIP"
"72854-21-8","ナフテン酸ジルコニウム","対象物","","","","","","","","","","","","","","","","","","","NITE-CHRIP"
"72869-85-3","水素＝ビス（４，５－ジ－ｔｅｒｔ－ブチル－２－オキシド－κＯ－ベンゾアト－κＯ）クロマート（１－）","対象物","","","","","","","","","","要確認","","","","","","","","","NITE-CHRIP"
"72905-87-4","エトキシ化アルコール（Ｃ＝１３～１８）","対象物","","","","","","","","","","要確認","","","","","","","","","NITE-CHRIP"
"72918-21-9","１，２，３，７，８，９－ヘキサクロロジベンゾ［ｂ，ｄ］フラン","対象物","","","","","","","","","","","","","","","","","","","NITE-CHRIP"
"73003-70-0","ビス［（３－カルボキシアクリロイル）オキシ］（ジオクチル）スタンナン","対象物","","","","","","","","","","要確認","","","","","","","","","NITE-CHRIP"
"73141-48-7","２，２’，３，４’，５’－ペンタブロモビフェニル","対象物","","","","","","","","","","","","","","","","","","","NITE-CHRIP"
"73246-84-1","Dibutyltin lauratemaleat","対象物","","","","","","","","","","要確認","","","","","","","","","NITE-CHRIP"
"73246-85-2","ビス（｛［（ドデシルオキシ）カルボニル］メチル｝スルファニル）（ジオクチル）スタンナン","対象物","","","","","","","","","","要確認","","","","","","","","","NITE-CHRIP"
"73250-68-7","２－（２－ベンゾチアゾリルオキシ）－Ｎ－メチルアセトアニリド","対象物","","","","","","","","","","要確認","","","","","","","","","NITE-CHRIP"
"73398-63-7","ポリオキシアルキレン（Ｃ＝２～４、８）のモノアルキル（Ｃ＝１～２４）エーテル","対象物","","","","","","","","","","要確認","","","","","","","","","NITE-CHRIP"
"73491-36-8","タリウム（Ｉ）＝トリフルオロメタンスルホナート","対象物","","","","","","","","","","要確認","","","","","","","","","NITE-CHRIP"
"73507-01-4","エチルヘプタン","対象物","","","","","","","","","","","","","","","","","","","NITE-CHRIP"
"73513-16-3","テトラアジドプルンバン","対象物","","","","","","","","","","要確認","","","","","","","","","NITE-CHRIP"
"73513-42-5","イソヘキサン","対象物","","","","","","","","","","","","","","","","","","","NITE-CHRIP"
"73520-82-8","塩化スズ（ＩＩ）・３／２水和物","対象物","","","","","","","","","","","","","","","","","","","NITE-CHRIP"
"73575-52-7","２，３’，４，５’－テトラクロロビフェニル","対象物","該当","","","","?","","","","","要確認","","","第一種特定","","","","","","NITE-CHRIP"
"73575-53-8","２，３’，４，５－テトラクロロビフェニル","対象物","該当","","","","?","","","","","要確認","","","第一種特定","","","","","","NITE-CHRIP"
"73575-54-9","２，２’，３，６，６’－ペンタクロロビフェニル","対象物","該当","","","","?","","","","","要確認","","","第一種特定","","","","","","NITE-CHRIP"
"73575-55-0","２，２’，３，５，６’－ペンタクロロビフェニル","対象物","該当","","","","?","","","","","要確認","","","第一種特定","","","","","","NITE-CHRIP"
"73575-56-1","２，２’，３，５，６－ペンタクロロビフェニル","対象物","該当","","","","?","","","","","要確認","","","第一種特定","","","","","","NITE-CHRIP"
"73575-57-2","２，２’，３，４，６’－ペンタクロロビフェニル","対象物","該当","","","","?","","","","","要確認","","","第一種特定","","","","","","NITE-CHRIP"
"73612-40-5","ナトリウム＝ビス｛１－（３－クロロフェニル）－３－メチル－４－［（２－オキシド－κＯ－５－スルファモイルフェニル）ジアゼニル－κＮ（２）］－５－オキソ－κＯ－４，５－ジヒドロ－１Ｈ－ピラゾール－４－イド｝コバルタート（１－）","対象物","","","","","","","","","","要確認","","","","","","","","","NITE-CHRIP"
"73640-07-0","フッ化亜鉛（ＩＩ）・水和物","対象物","","","","","","","","","","要確認","","","","","","","","","NITE-CHRIP"
"73688-85-4","（４－｛［４－（ジメチルアミノ）フェニル］ジアゼニル｝フェニル）アルソン酸一塩酸塩","対象物","該当","","","","?","","","","","","","","","","","","","","NITE-CHRIP"
"73882-06-1","ニッケル（２＋）＝４，４’－ビス（２－フェニルプロパン－２－イル）－２，２’－スルホニルジフェノラート","対象物","該当","","","","?","","","","","要確認","","","","","","","","","NITE-CHRIP"
"73882-10-7","ニッケル（２＋）＝４，４’－ジノニル－２，２’－スルホニルジフェノラート","対象物","該当","","","","?","","","","","要確認","","","","","","","","","NITE-CHRIP"
"73927-86-3","ジブチル｛ビス［（メチルスルホニル）オキシ］｝スタンナン","対象物","","","","","","","","","","要確認","","","","","","","","","NITE-CHRIP"
"73927-87-4","ビス［（メチルスルホニル）オキシ］（ジプロピル）スタンナン","対象物","","","","","","","","","","要確認","","","","","","","","","NITE-CHRIP"
"73927-88-5","ブチル｛トリス［（ジブチルチオカルバモイル）スルファニル］｝スタンナン","対象物","","","","","","","","","","要確認","","","","","","","","","NITE-CHRIP"
"73927-89-6","［（シアノアセチル）オキシ］（トリフェニル）スタンナン","対象物","","","","","","","","","","要確認","","","","","","","","","NITE-CHRIP"
"73927-90-9","２，２－ジメチル［１，３，２］ジチアスタンノロ［４，５－ｂ］キノキサリン","対象物","","","","","","","","","","要確認","","","","","","","","","NITE-CHRIP"
"73927-91-0","トリブチル［（ヨードアセチル）オキシ］スタンナン","対象物","","","","","","","","","","要確認","","","","","","","","","NITE-CHRIP"
"73927-92-1","［（ヨードアセチル）オキシ］（トリプロピル）スタンナン","対象物","","","","","","","","","","要確認","","","","","","","","","NITE-CHRIP"
"73927-93-2","トリブチル［（２－ヨードベンゾイル）オキシ］スタンナン","対象物","","","","","","","","","","要確認","","","","","","","","","NITE-CHRIP"
"73927-94-3","［（２－ヨードベンゾイル）オキシ］（トリプロピル）スタンナン","対象物","","","","","","","","","","要確認","","","","","","","","","NITE-CHRIP"
"73927-95-4","トリブチル［（３－ヨードプロパノイル）オキシ］スタンナン","対象物","","","","","","","","","","要確認","","","","","","","","","NITE-CHRIP"
"73927-96-5","２，２－ジフェニル［１，３，２］ジチアスタンノロ［４，５－ｂ］キノキサリン","対象物","","","","","","","","","","要確認","","","","","","","","","NITE-CHRIP"
"73927-97-6","トリブチル（｛［（２，２，３，３－テトラメチルブチル）スルファニル］アセチル｝オキシ）スタンナン","対象物","","","","","","","","","","要確認","","","","","","","","","NITE-CHRIP"
"73927-98-7","トリブチル（２，４，５－トリクロロフェノキシ）スタンナン","対象物","","","","","","","","","","要確認","","","","","","","","","NITE-CHRIP"
"73927-99-8","トリプロピル［（トリクロロアセチル）オキシ］スタンナン","対象物","","","","","","","","","","要確認","","","","","","","","","NITE-CHRIP"
"73928-00-4","トリイソプロピル（ウンデカノイルオキシ）スタンナン","対象物","","","","","","","","","","要確認","","","","","","","","","NITE-CHRIP"
"73940-85-9","（１Ｓ，４Ｒ，１’Ｓ，４’Ｒ）－７，７，７’，７’－テトラメチル－１，１’－（４，４－ジエチル－２，２，６，６－テトラオキソ－３，５－ジオキサ－２λ（６），６λ（６）－ジチア－４－スタンナヘプタン－１，７－ジイル）ビス（ビシクロ［２．２．１］ヘプタン－２－オン）","対象物","","","","","","","","","","要確認","","","","","","","","","NITE-CHRIP"
"73940-86-0","シアナト（トリメチル）スタンナン","対象物","","","","","","","","","","要確認","","","","","","","","","NITE-CHRIP"
"73940-87-1","［（ブタ－２－インジオイル）ジオキシ］ビス（トリフェニルスタンナン）","対象物","","","","","","","","","","要確認","","","","","","","","","NITE-CHRIP"
"73940-88-2","トリブチル［（４－ヨードベンゾイル）オキシ］スタンナン","対象物","","","","","","","","","","要確認","","","","","","","","","NITE-CHRIP"
"73940-89-3","トリブチル｛［２－（２，４，５－トリクロロフェノキシ）プロパノイル］オキシ｝スタンナン","対象物","","","","","","","","","","要確認","","","","","","","","","NITE-CHRIP"
"73963-97-0","シアン化ニッケル（Ｎｉ（ＣＮ））","対象物","該当","","","","?","","","","","要確認","","","","","","","","","NITE-CHRIP"
"74114-36-6","窒化マンガン","対象物","該当","","","","?","","","","","要確認","","","","","","","","","NITE-CHRIP"
"74114-77-5","２，３’，４，４’，５’－ペンタブロモビフェニル","対象物","","","","","","","","","","","","","","","","","","","NITE-CHRIP"
"74115-24-5","３，６－ビス（２－クロロフェニル）－１，２，４，５－テトラジン","対象物","","","","","","","","","","","","","","","","","","","NITE-CHRIP"
"74162-83-7","オクチル［トリス（｛［（テトラデシルオキシ）カルボニル］メチル｝スルファニル）］スタンナン","対象物","","","","","","","","","","要確認","","","","","","","","","NITE-CHRIP"
"74177-50-7","アクリル酸オクチル・メタクリル酸メチル・メタクリル酸トリシクロヘキシルスズ共重合物","対象物","","","","","","","","","","要確認","","","","","","","","","NITE-CHRIP"
"74222-97-2","２－（４，６－ジメチル－２－ピリミジニルアミノカルボニルアミノスルフォニル）安息香酸メチル","対象物","","","","","","","","","","","","","","","","","","","NITE-CHRIP"
"74316-36-2","モリブデン酸チタン・水和物","対象物","","","","","","","","","","要確認","","","","","","","","","NITE-CHRIP"
"74338-23-1","２，３’，５’，６－テトラクロロビフェニル","対象物","該当","","","","?","","","","","要確認","","","第一種特定","","","","","","NITE-CHRIP"
"74338-24-2","２，３，３’，４－テトラクロロビフェニル","対象物","該当","","","","?","","","","","要確認","","","第一種特定","","","","","","NITE-CHRIP"
"74365-27-8","二ナトリウム＝ビス［μ－（２，３－ジオキシド－１κＯ（２），２κＯ（３）－スクシナト－１κＯ（１），２κＯ（４））］ジアンチモナート（２－）（立体異性体）","対象物","","","","","","","","","","要確認","","","","","","","","","NITE-CHRIP"
"74399-84-1","ジアビエチン酸ニッケル","対象物","該当","","","","?","","","","","要確認","","","","","","","","","NITE-CHRIP"
"74427-91-1","八水素＝（ＳＰ－４－１）－（フタロシアニン－２，３，９，１０，１６，１７，２３，２４－オクタカルボキシラト）コバルタート（８－）","対象物","","","","","","","","","","要確認","","","","","","","","","NITE-CHRIP"
"74472-33-6","２，３，３’，６－テトラクロロビフェニル","対象物","該当","","","","?","","","","","要確認","","","第一種特定","","","","","","NITE-CHRIP"
"74472-34-7","２，３，４’，５－テトラクロロビフェニル","対象物","該当","","","","?","","","","","要確認","","","第一種特定","","","","","","NITE-CHRIP"
"74472-35-8","２，３，３’，４，６－ペンタクロロビフェニル","対象物","該当","","","","?","","","","","要確認","","","第一種特定","","","","","","NITE-CHRIP"
"74472-36-9","２，３，３’，５，６－ペンタクロロビフェニル","対象物","該当","","","","?","","","","","要確認","","","第一種特定","","","","","","NITE-CHRIP"
"74472-37-0","２，３，４，４’，５－ペンタクロロビフェニル","対象物","該当","","","","?","","","","","要確認","","","第一種特定","","","","","","NITE-CHRIP"
"74472-38-1","２，３，４，４’，６－ペンタクロロビフェニル","対象物","該当","","","","?","","","","","要確認","","","第一種特定","","","","","","NITE-CHRIP"
"74472-39-2","２，３’，４’，５’，６－ペンタクロロビフェニル","対象物","該当","","","","?","","","","","要確認","","","第一種特定","","","","","","NITE-CHRIP"
"74472-40-5","２，２’，３，４，６，６’－ヘキサクロロビフェニル","対象物","該当","","","","?","","","","","要確認","","","第一種特定","","","","","","NITE-CHRIP"
"74472-41-6","２，２’，３，４’，５，６’－ヘキサクロロビフェニル","対象物","該当","","","","?","","","","","要確認","","","第一種特定","","","","","","NITE-CHRIP"
"74472-42-7","２，３，３’，４，４’，６－ヘキサクロロビフェニル","対象物","該当","","","","?","","","","","要確認","","","第一種特定","","","","","","NITE-CHRIP"
"74472-43-8","２，３，３’，４，５’，６－ヘキサクロロビフェニル","対象物","該当","","","","?","","","","","要確認","","","第一種特定","","","","","","NITE-CHRIP"
"74472-44-9","２，３，３’，４’，５，６－ヘキサクロロビフェニル","対象物","該当","","","","?","","","","","要確認","","","第一種特定","","","","","","NITE-CHRIP"
"74472-45-0","２，３，３’，４’，５’，６－ヘキサクロロビフェニル","対象物","該当","","","","?","","","","","要確認","","","第一種特定","","","","","","NITE-CHRIP"
"74472-46-1","２，３，３’，５，５’，６－ヘキサクロロビフェニル","対象物","該当","","","","?","","","","","要確認","","","第一種特定","","","","","","NITE-CHRIP"
"74472-47-2","２，２’，３，４，４’，５，６－ヘプタクロロビフェニル","対象物","該当","","","","?","","","","","要確認","","","第一種特定","","","","","","NITE-CHRIP"
"74472-48-3","２，２’，３，４，４’，６，６’－ヘプタクロロビフェニル","対象物","該当","","","","?","","","","","要確認","","","第一種特定","","","","","","NITE-CHRIP"
"74472-49-4","２，２’，３，４，５，６，６’－ヘプタクロロビフェニル","対象物","該当","","","","?","","","","","要確認","","","第一種特定","","","","","","NITE-CHRIP"
"74472-50-7","２，３，３’，４，４’，５’，６－ヘプタクロロビフェニル","対象物","該当","","","","?","","","","","要確認","","","第一種特定","","","","","","NITE-CHRIP"
"74472-51-8","２，３，３’，４，５，５’，６－ヘプタクロロビフェニル","対象物","該当","","","","?","","","","","要確認","","","第一種特定","","","","","","NITE-CHRIP"
"74472-52-9","２，２’，３，４，４’，５，６，６’－オクタクロロビフェニル","対象物","該当","","","","?","","","","","要確認","","","第一種特定","","","","","","NITE-CHRIP"
"74472-53-0","２，３，３’，４，４’，５，５’，６－オクタクロロビフェニル","対象物","該当","","","","?","","","","","要確認","","","第一種特定","","","","","","NITE-CHRIP"
"74487-85-7","２，２’，３，４’，５，６，６’－ヘプタクロロビフェニル","対象物","該当","","","","?","","","","","要確認","","","第一種特定","","","","","","NITE-CHRIP"
"74563-66-9","スズ（２＋）＝ビス［（Ｚ，Ｚ）－オクタデカ－９，１２－ジエノアート］","対象物","","","","","","","","","","","","","","","","","","","NITE-CHRIP"
"74774-66-6","ブチル＝アクリラート・トリブチルスタンニル＝メタクリラート重合物","対象物","","","","","","","","","","要確認","","","","","","","","","NITE-CHRIP"
"74920-95-9","三ナトリウム＝ビス｛６－アミノ－４－オキシド－κＯ－３－［（２－オキシド－κＯ－３，５－ジニトロフェニル）ジアゼニル－κＮ（１）］ナフタレン－２－スルホナト｝クロマート（３－）","対象物","","","","","","","","","","要確認","","","","","","","","","NITE-CHRIP"
"74925-56-7","ヘキサフルオリドケイ酸（２－）スズ（ＩＩ）","対象物","","","","","","","","","","","","","","","","","","","NITE-CHRIP"
"74957-03-2","ビス［ジブチル（クロロ）スタンニル］＝水素＝ホスファート","対象物","","","","","","","","","","要確認","","","","","","","","","NITE-CHRIP"
"74987-91-0","リンモリブデン酸亜鉛","対象物","","","","","","","","","","要確認","","","","","","","","","NITE-CHRIP"
"75113-32-5","（Ｚ）－９，９，１６，１６－テトラオクチル－１０，１５－ジオキサ－９，１６－ジスタンナテトラコサ－１２－エン－１１，１４－ジオン","対象物","","","","","","","","","","要確認","","","","","","","","","NITE-CHRIP"
"75113-33-6","ジブチルスズ（マレイン酸モノ２，３－ジブロモプロピルエステル塩）","対象物","","","","","","","","","","要確認","","","","","","","","","NITE-CHRIP"
"75113-34-7","（Ｚ，Ｚ）－１３，１３－ジオクチル－８，１１，１５－トリオキソ－２，７，１２，１４－テトラオキサ－１３－スタンナオクタデカ－９，１６－ジエン－１８－酸４－メトキシブチル","対象物","","","","","","","","","","要確認","","","","","","","","","NITE-CHRIP"
"75113-35-8","トリブチル（Ｄ－グルコノイルオキシ）スズ","対象物","","","","","","","","","","要確認","","","","","","","","","NITE-CHRIP"
"75113-36-9","ジブチルスズリン酸塩","対象物","","","","","","","","","","要確認","","","","","","","","","NITE-CHRIP"
"75113-37-0","ジブチルスズホウ酸塩","対象物","","","","","","","","","","要確認","","","","","","","","","NITE-CHRIP"
"75113-38-1","４，４－ジオクチル－１，３，２，４－ジオキサチアスタンネタン－２，２－ジオキシド","対象物","","","","","","","","","","要確認","","","","","","","","","NITE-CHRIP"
"75113-40-5","２－ヒドロキシ－４，４－ジオクチル－１，３，２，４－ジオキサホスファスタンネタン－２－オキシド","対象物","","","","","","","","","","要確認","","","","","","","","","NITE-CHRIP"
"75113-42-7","ジメチルスズビス（エチレングリコールモノチオグリコレート）","対象物","","","","","","","","","","要確認","","","","","","","","","NITE-CHRIP"
"75113-43-8","１－ヒドロキシ－８，８－ジオクチル－４－オキソ－３－オキサ－７，９－ジチア－５－スタンナドデカン－１２－酸２－ヒドロキシエチル","対象物","","","","","","","","","","要確認","","","","","","","","","NITE-CHRIP"
"75113-44-9","５，５－ジブチル－９－オキソ－１０，１３－ジオキサ－４，６－ジチア－５－スタンナヘプタデカン酸２－ブトキシエチル","対象物","","","","","","","","","","要確認","","","","","","","","","NITE-CHRIP"
"75149-37-0","（９Ｚ，９’Ｚ，１２Ｒ，１２’Ｒ）－１２，１２’－ジヒドロキシ－１，１’－［（１，１，３，３－テトラブチル－１，３－ジスタンノキサンジイル）ジオキシ］ビス（オクタデカ－９－エン－１－オン）","対象物","","","","","","","","","","要確認","","","","","","","","","NITE-CHRIP"
"75199-05-2","二ナトリウム＝｛１－（２－クロロフェニル）－３－メチル－４－［（５－ニトロ－２－オキシド－κＯ－フェニル）ジアゼニル－κＮ（１）］－５－オキソ－κＯ－４，５－ジヒドロ－１Ｈ－ピラゾール－４－イド｝｛５－ニトロ－２－オキシド－κＯ－３－［（２－オキシド－κＯ－１－ナフチル）ジアゼニル－κＮ（１）］ベンゼンスルホナト｝クロマート（２－）","対象物","","","","","","","","","","要確認","","","","","","","","","NITE-CHRIP"
"75214-58-3","三ナトリウム＝ビス｛３－オキシド－κＯ－４－［（２－オキシド－κＯ－１－ナフチル）ジアゼニル－κＮ（１）］ナフタレン－１－スルホナト｝クロマート（３－）","対象物","","","","","","","","","","要確認","","","","","","","","","NITE-CHRIP"
"75319-87-8","２，２’，２’’－［（メチルスタニリジン）トリス（チオ）］トリス酢酸","対象物","","","","","","","","","","要確認","","","","","","","","","NITE-CHRIP"
"75457-52-2","［（２－ブトキシカルボニル）エチル］｛トリス［（｛［（２－エチルヘキシル）オキシ］カルボニル｝メチル）スルファニル］｝スタンナン","対象物","","","","","","","","","","要確認","","","","","","","","","NITE-CHRIP"
"75533-11-8","スズ（２＋）＝ジノナノアート","対象物","","","","","","","","","","","","","","","","","","","NITE-CHRIP"
"75578-87-9","［［２，２’－スルホニルビス［４－（１－メチル－１－フェニルエチル）フェノラト］］（２－）］ニッケル","対象物","該当","","","","?","","","","","要確認","","","","","","","","","NITE-CHRIP"
"75754-69-7","塩化シアン","対象物","","","","","","","","","","要確認","","","","","","","","","NITE-CHRIP"
"75782-87-5","アルコール（Ｃ＝１４～１５）","対象物","","","","","","","","","","","","","","","","","","","NITE-CHRIP"
"76148-13-5","スズ（２＋）＝ジメタクリラート","対象物","","","","","","","","","","","","","","","","","","","NITE-CHRIP"
"76214-87-4","３－ヒドロキシ－１－プロパンスルホン酸スズ（ＩＩ）","対象物","","","","","","","","","","","","","","","","","","","NITE-CHRIP"
"76231-24-8","ビス｛［（３－アミノ－４，５，６，７－テトラクロロ－１Ｈ－イソインドール－１－イリデン－κＮ）アミノ］オキシダニド－κＯ｝ニッケル","対象物","該当","","","","?","","","","","要確認","","","","","","","","","NITE-CHRIP"
"76461-84-2","ビス［２－（ブトキシカルボニル）エチル］ビス（｛［２－（オレオイルオキシ）エチル］スルファニル｝）スタンナン","対象物","","","","","","","","","","要確認","","","","","","","","","NITE-CHRIP"
"76468-20-7","ビス（アセチルオキシ）（ジブチル）スタンナン・テトラエチル＝オルトシリカート重合物","対象物","","","","","","","","","","要確認","","","","","","","","","NITE-CHRIP"
"76494-22-9","（オキサラト－κ（２）Ｏ（１），Ｏ（２））銅","対象物","","","","","","","","","","","","","","","","","","","NITE-CHRIP"
"76578-14-8","エチル＝２－［４－（６－クロロ－２－キノキサリニルオキシ）フェノキシ］プロピオナート","対象物","","","","","","","","","","要確認","","","","","","","","","NITE-CHRIP"
"76625-10-0","ビス［Ｎ－（２－ヒドロキシ－κＯ－エチル）－Ｎ－メチルグリシナト－κＮ，κＯ］ニッケル","対象物","該当","","","","?","","","","","要確認","","","","","","","","","NITE-CHRIP"
"76835-97-7","カドミウム＝ジトリコサ－２２－エノアート","対象物","該当","","","","?","","","","","要確認","","","","","","","","","NITE-CHRIP"
"76842-07-4","２，３，３’，４’，５’－ペンタクロロビフェニル","対象物","該当","","","","?","","","","","要確認","","","第一種特定","","","","","","NITE-CHRIP"
"77102-82-0","３，３’，４，４’－テトラブロモビフェニル","対象物","","","","","","","","","","","","","","","","","","","NITE-CHRIP"
"77182-82-2","２－アミノ－４－［ヒドロキシ（メチル）ホスホリル］ブタン酸のアンモニウム塩","対象物","","","","","","","","","","","","","","","","","","","NITE-CHRIP"
"77289-75-9","六塩化カドミウムマグネシウム・十二水和物","対象物","該当","","","","?","","","","","要確認","","","","","","","","","NITE-CHRIP"
"77439-76-0","３－クロロ－４－（ジクロロメチル）－５－ヒドロキシフラン－２（５Ｈ）－オン","対象物","","","","","","","","","","","","","","","","","","","NITE-CHRIP"
"77446-39-0","ビス［２－（１，３－ジオキソラン－２－イル）フェニル］テラン","対象物","","","","","","","","","","要確認","","","","","","","","","NITE-CHRIP"
"77458-01-6","チオリン酸Ｏ－１－（４－クロロフェニル）－４－ピラゾリル－Ｏ－エチル－Ｓ－プロピル","対象物","","","","","","","","","","","","","","","","","","","NITE-CHRIP"
"77536-66-4","アクチノライト","対象物","","","","","","","","","","要確認","","","","","","","","","NITE-CHRIP"
"77536-67-5","アンソフィライト","対象物","","","","","","","","","","要確認","","","","","","","","","NITE-CHRIP"
"77536-68-6","トレモライト","対象物","","","","","","","","","","要確認","","","","","","","","","NITE-CHRIP"
"77900-69-7","オキシビス（ジブチル｛［（Ｅ）－３－（エトキシカルボニル）アクリロイル］オキシ｝スタンナン）","対象物","","","","","","","","","","要確認","","","","","","","","","NITE-CHRIP"
"77910-04-4","２，２’，３，４，６－ペンタブロモビフェニル","対象物","","","","","","","","","","","","","","","","","","","NITE-CHRIP"
"77928-59-7","トリス（アセチルオキシ）（オクチル）スタンナン","対象物","","","","","","","","","","要確認","","","","","","","","","NITE-CHRIP"
"78182-42-0","トリス｛［（Ｚ）－３－（メトキシカルボニル）アクリロイル］オキシ｝（オクチル）スタンナン","対象物","","","","","","","","","","要確認","","","","","","","","","NITE-CHRIP"
"78230-05-4","ブチルホスホン酸スズ（ＩＶ）","対象物","","","","","","","","","","","","","","","","","","","NITE-CHRIP"
"78587-05-0","ｒｅｌ－（４Ｒ，５Ｒ）－５－（４－クロロフェニル）－Ｎ－シクロヘキサン－１－イル－４－メチル－２－オキソ－１，３－チアゾリジン－３－カルボキサミド","対象物","","","","","","","","","","要確認","","","","","","","","","NITE-CHRIP"
"78763-54-9","ブチルスタンナントリス（イリウム）","対象物","","","","","","","","","","要確認","","","","","","","","","NITE-CHRIP"
"78917-85-8","（Ｚ，Ｚ）－６，６，８，８－テトラブチル－４，１０，１３－トリオキソ－５，７，９，１４－テトラオキサ－６，８－ジスタンナドコサ－２，１１－ジエン酸オクチル","対象物","","","","","","","","","","要確認","","","","","","","","","NITE-CHRIP"
"78918-91-9","（Ｒ）－３－メチルヘキサン","対象物","","","","","","","","","","","","","","","","","","","NITE-CHRIP"
"79217-60-0","シクロスポリン","対象物","","該当","","","","","","","","","","","","","","","","","NITE-CHRIP"
"79330-84-0","４，４－ジオクチル－７－オキソ－８－オキサ－３，５－ジチア－４－スタンナドコサン酸テトラデシル","対象物","","","","","","","","","","要確認","","","","","","","","","NITE-CHRIP"
"79393-68-3","Barium alloy, base, Ba 0-100,Pb 0-100","対象物","","","","","","","","","","要確認","","","","","","","","","NITE-CHRIP"
"79403-36-4","トリブチル［（２Ｅ，４Ｅ）－ヘキサ－２，４－ジエノイルオキシ］スタンナン","対象物","","","","","","","","","","要確認","","","","","","","","","NITE-CHRIP"
"79490-00-9","過塩素酸カドミウム・水和物","対象物","該当","","","該当","?","","","","","要確認","","","","","","","","","NITE-CHRIP"
"79494-57-8","ジブロモビス（２－メチルプロピル）スズ","対象物","","","","","","","","","","要確認","","","","","","","","","NITE-CHRIP"
"79538-32-2","２，３，５，６－テトラフルオロ－４－メチルベンジル＝（Ｚ）－３－（２－クロロ－３，３，３－トリフルオロ－１－プロペニル）－２，２－ジメチルシクロプロパンカルボキシラート","対象物","","","","","","","","","","要確認","","","","","","","","","NITE-CHRIP"
"79622-59-6","３－クロロ－Ｎ－（３－クロロ－５－トリフルオロメチル－２－ピリジル）－α，α，α－トリフルオロ－２，６－ジニトロ－ｐ－トルイジン","対象物","該当","","","","","","","","","要確認","","","","","","","","","NITE-CHRIP"
"79914-21-9","エチルメチルペンタン","対象物","","","","","","","","","","","","","","","","","","","NITE-CHRIP"
"79922-74-0","ビス（トリブチルスズ）ジブロムサクシネート","対象物","","","","","","","","","","要確認","","","","","","","","","NITE-CHRIP"
"79983-71-4","２－（２，４－ジクロロフェニル）－１－（１Ｈ－１，２，４－トリアゾール－１－イル）－２－ヘキサノール","対象物","該当","","","","","","","","","","","","","","","","","","NITE-CHRIP"
"80060-09-9","１－ｔｅｒｔ－ブチル－３－（２，６－ジイソプロピル－４－フェノキシフェニル）チオ尿素","対象物","","","","","","","","","","要確認","","","","","","","","","NITE-CHRIP"
"80214-83-1","（３Ｒ，４Ｓ，５Ｓ，６Ｒ，７Ｒ，９Ｒ，１０Ｅ，１１Ｓ，１２Ｒ，１３Ｓ，１４Ｒ）－６－｛［（２Ｓ，３Ｒ，４Ｓ，６Ｒ）－４－（ジメチルアミノ）－３－ヒドロキシ－６－メチルテトラヒドロ－２Ｈ－ピラン－２－イル］オキシ｝－１４－エチル－７，１２，１３－トリヒドロキシ－４－｛［（２Ｒ，４Ｒ，５Ｓ，６Ｓ）－５－ヒドロキシ－４－メトキシ－４，６－ジメス＝イルテトラヒドロ－２Ｈ－ピラン－２－イル］オキシ｝－１０－｛［（２－メトキシエトキシ）メトキシ］イミノ｝－３，５，７，９，１１，１３－ヘキサメチルオキサシクロテトラデカン－２－オン","対象物","","","","","","","","","","","","","","","","","","","NITE-CHRIP"
"80274-92-6","２，２’，４，５，６’－ペンタブロモビフェニル","対象物","","","","","","","","","","","","","","","","","","","NITE-CHRIP"
"80407-70-1","２，３’，４，５，５’－ペンタブロモビフェニル","対象物","","","","","","","","","","","","","","","","","","","NITE-CHRIP"
"80546-49-2","塩素酸コバルト（ＩＩ）","対象物","該当","","","該当","?","","","","","要確認","","","","","","","","","NITE-CHRIP"
"80844-07-1","４－（４－エトキシフェニル）－４－メチル－１－（３－フェノキシフェニル）－２－オキサペンタン","対象物","","","","","","","","","","要確認","","","","","","","","","NITE-CHRIP"
"81034-75-5","ジブチル［（３－｛［（２－エチルヘキシル）オキシ］カルボニル｝アクリロイル）オキシ］［（｛［（２－エチルヘキシル）オキシ］カルボニル｝メチル）スルファニル］スタンナン","対象物","","","","","","","","","","要確認","","","","","","","","","NITE-CHRIP"
"81044-09-9","六塩化ロジウム酸トリアンモニウム・三水和物","対象物","","","","","","","","","","","","","","","","","","","NITE-CHRIP"
"81103-11-9","（３Ｒ，４Ｓ，５Ｓ，６Ｒ，７Ｒ，９Ｒ，１１Ｒ，１２Ｒ，１３Ｓ，１４Ｒ）－６－｛［（２Ｓ，３Ｒ，４Ｓ，６Ｒ）－４－（ジメチルアミノ）－３－ヒドロキシ－６－メチルテトラヒドロ－２Ｈ－ピラン－２－イル］オキシ｝－１４－エチル－１２，１３－ジヒドロキシ－４－｛［（２Ｒ，４Ｒ，５Ｓ，６Ｓ）－５－ヒドロキシ－４－メトキシ－４，６－ジメチルテトラ＝ヒドロ－２Ｈ－ピラン－２－イル］オキシ｝－７－メトキシ－３，５，７，９，１１，１３－ヘキサメチルオキサシクロテトラデカン－２，１０－ジオン","対象物","","","","","","","","","","要確認","","","","","","","","","NITE-CHRIP"
"81334-34-1","２－（４－イソプロピル－４－メチル－５－オキソ－４，５－ジヒドロ－１Ｈ－イミダゾール－２－イル）ニコチン酸","対象物","該当","","","","","","","","","","","","","","","","","","NITE-CHRIP"
"81397-99-1","２，２’，４，４’，５－ペンタブロモビフェニル","対象物","","","","","","","","","","","","","","","","","","","NITE-CHRIP"
"81489-56-7","（Ｚ，Ｚ）－４，４’－［（ジメチルスタニレン）ビス（オキシ）］ビス［４－オキソ－２－ブテン酸］","対象物","","","","","","","","","","要確認","","","","","","","","","NITE-CHRIP"
"81902-33-2","３，３’，４，５，５’－ペンタブロモビフェニル","対象物","","","","","","","","","","","","","","","","","","","NITE-CHRIP"
"81955-22-8","コバルト（３＋）＝２－エチルヘキサノアート","対象物","","","","","","","","","","要確認","","","","","","","","","NITE-CHRIP"
"82246-45-5","二クロム酸と（ジビニルベンゼン・４－ビニルピリジン重合物）の塩","対象物","該当","","","","?","","","","","要確認","","","","","","","","","NITE-CHRIP"
"82364-22-5","１，３－ジブチル－１，１，３，３－テトラフルオロジスタンノキサン","対象物","","","","","","","","","","要確認","","","","","","","","","NITE-CHRIP"
"82554-77-6","ブチル（｛［（イソオクチルオキシ）カルボニル］メチル｝スルファニル）（スルファニリデン）スタンナン","対象物","","","","","","","","","","要確認","","","","","","","","","NITE-CHRIP"
"82558-50-7","２，６－ジメトキシ－Ｎ－［３－（３－メチルペンタン－３－イル）イソオキサゾール－５－イル］ベンズアミド","対象物","","","","","","","","","","","","","","","","","","","NITE-CHRIP"
"82560-54-1","１－（２，２－ジメチル－２，３－ジヒドロ－１－ベンゾフラン－７－イル）＝７－エチル＝４－イソプロピル－２－メチル－３－チア－２，４－ジアザヘプタンジオアート","対象物","","","","","","","","","","要確認","","","","","","","","","NITE-CHRIP"
"82600-11-1","ジルコン酸カルシウム","対象物","","","","","","","","","","","","","","","","","","","NITE-CHRIP"
"82633-79-2","２－メチル－５，６－ジヒドロ－４Ｈ－シクロペンタ［ｄ］イソチアゾール－３－オン","対象物","該当","","","","","","","","","","","","","","","","","","NITE-CHRIP"
"82657-04-3","２－メチル－１，１’－ビフェニル－３－イルメチル＝（Ｚ）－３－（２－クロロ－３，３，３－トリフルオロ－１－プロペニル）－２，２－ジメチルシクロプロパンカルボキシラート","対象物","該当","","","","","","","","","","","","","","","","","","NITE-CHRIP"
"82692-44-2","２－［４－（２，４－ジクロロ－ｍ－トルオイル）－１，３－ジメチル－５－ピラゾリルオキシ］－４－メチルアセトフェノン","対象物","","","","","","","","","","要確認","","","","","","","","","NITE-CHRIP"
"82800-11-1","塩基性硫酸鉛","対象物","","","","","","","","","","要確認","","","","","","","","","NITE-CHRIP"
"82963-02-8","クロロ［（２－エチルヘキサノイル）オキシ］（ジメチル）スタンナン","対象物","","","","","","","","","","要確認","","","","","","","","","NITE-CHRIP"
"83121-18-0","１－（３，５－ジクロロ－２，４－ジフルオロフェニル）－３－（２，６－ジフルオロベンゾイル）尿素","対象物","","","","","","","","","","要確認","","","","","","","","","NITE-CHRIP"
"83130-01-2","エチル＝（Ｚ）－４－ベンジル－６，１０－ジメチル－７－オキソ－８－オキサ－５，１１－ジチア－４，６，９－トリアザドデカ－９－エノアート","対象物","","","","","","","","","","要確認","","","","","","","","","NITE-CHRIP"
"83447-69-2","（スルファニル酢酸のアルキル（Ｃ＝１０～１６）エステル）とジクロロ（ジオクチル）スタンナンとトリクロロ（オクチル）スタンナンの反応生成物","対象物","","","","","","","","","","要確認","","","","","","","","","NITE-CHRIP"
"83500-88-3","トリフェニルスズ　ニトロ安息香酸塩","対象物","","","","","","","","","","要確認","","","","","","","","","NITE-CHRIP"
"83503-76-8","フッ化マンガン","対象物","該当","","","","?","","","","","要確認","","","","","","","","","NITE-CHRIP"
"83514-66-3","トリフェニルスズ　ニトロ安息香酸塩","対象物","","","","","","","","","","要確認","","","","","","","","","NITE-CHRIP"
"83689-82-1","六フッ化ケイ酸鉛（ＩＩ）・四水和物","対象物","","","","","","","","","","要確認","","","","","","","","","NITE-CHRIP"
"83733-23-7","二ナトリウム＝｛３－メチル－４－［（３－ニトロ－２－オキシド－κＯ－５－スルホナトフェニル）ジアゼニル－κＮ（２）］－５－オキソ－κＯ－１－フェニル－４，５－ジヒドロ－１Ｈ－ピラゾール－４－イド｝｛４－ニトロ－２－［（２－オキシド－κＯ－ベンジリデン）アミノ－κＮ］フェノラト－κＯ｝クロマート（２－）","対象物","","","","","","","","","","要確認","","","","","","","","","NITE-CHRIP"
"83817-35-0","ジ－ｔｅｒｔ－ブチルテラン","対象物","","","","","","","","","","要確認","","","","","","","","","NITE-CHRIP"
"83833-21-0","４，４－ジブチル－７－オキソ－８－オキサ－３，５－ジチア－４－スタンナドコサン酸テトラデシル","対象物","","","","","","","","","","要確認","","","","","","","","","NITE-CHRIP"
"83833-23-2","ジドデシル［ビス（｛［（テトラデシルオキシ）カルボニル］メチル｝スルファニル）］スタンナン","対象物","","","","","","","","","","要確認","","","","","","","","","NITE-CHRIP"
"83833-24-3","ドデシル［トリス（｛［（テトラデシルオキシ）カルボニル］メチル｝スルファニル）］スタンナン","対象物","","","","","","","","","","要確認","","","","","","","","","NITE-CHRIP"
"83833-25-4","５，５－ジブチル－９－オキソ－１０－オキサ－４，６－ジチア－５－スタンナエイコサン酸デシル","対象物","","","","","","","","","","要確認","","","","","","","","","NITE-CHRIP"
"83833-26-5","ビス（｛２－［（デシルオキシ）カルボニル］エチル｝スルファニル）（ジオクチル）スタンナン","対象物","","","","","","","","","","要確認","","","","","","","","","NITE-CHRIP"
"83833-27-6","ビス（｛２－［（デシルオキシ）カルボニル］エチル｝スルファニル）（ジドデシル）スタンナン","対象物","","","","","","","","","","要確認","","","","","","","","","NITE-CHRIP"
"83833-28-7","ブチル［トリス（｛２－［（デシルオキシ）カルボニル］エチル｝スルファニル）］スタンナン","対象物","","","","","","","","","","要確認","","","","","","","","","NITE-CHRIP"
"83833-37-8","二ナトリウム＝｛３－メチル－４－［（４－ニトロ－２－オキシド－κＯ－フェニル）ジアゼニル－κＮ（１）］－５－オキソ－κＯ－１－フェニル－４，５－ジヒドロ－１Ｈ－ピラゾール－４－イド｝｛４－［（３－メチル－５－オキソ－κＯ－１－フェニル－４，５－ジヒドロ－１Ｈ－ピラゾール－４－イド－４－イル）ジアゼニル－κＮ（１）］－３－オキシド－κＯ－ナフタレン－１－スルホナト｝クロマート（２－）","対象物","","","","","","","","","","要確認","","","","","","","","","NITE-CHRIP"
"83846-45-1","ジドデシル［ビス（｛２－［（イソオクチルオキシ）カルボニル］エチル｝スルファニル）］スタンナン","対象物","","","","","","","","","","要確認","","","","","","","","","NITE-CHRIP"
"83898-44-6","トリス（｛２－［（デシルオキシ）カルボニル］エチル｝スルファニル）（オクチル）スタンナン","対象物","","","","","","","","","","要確認","","","","","","","","","NITE-CHRIP"
"83898-45-7","トリス（｛２－［（デシルオキシ）カルボニル］エチル｝スルファニル）（ドデシル）スタンナン","対象物","","","","","","","","","","要確認","","","","","","","","","NITE-CHRIP"
"83898-46-8","ジドデシル［ビス（｛２－［（ドデシルオキシ）カルボニル］エチル｝スルファニル）］スタンナン","対象物","","","","","","","","","","要確認","","","","","","","","","NITE-CHRIP"
"83898-47-9","ブチル［トリス（｛２－［（テトラデシルオキシ）カルボニル］エチル｝スルファニル）］スタンナン","対象物","","","","","","","","","","要確認","","","","","","","","","NITE-CHRIP"
"83898-48-0","オクチル［トリス（｛２－［（テトラデシルオキシ）カルボニル］エチル｝スルファニル）］スタンナン","対象物","","","","","","","","","","要確認","","","","","","","","","NITE-CHRIP"
"83898-49-1","ドデシル［トリス（｛２－［（テトラデシルオキシ）カルボニル］エチル｝スルファニル）］スタンナン","対象物","","","","","","","","","","要確認","","","","","","","","","NITE-CHRIP"
"83898-50-4","ジドデシル［ビス（｛２－［（テトラデシルオキシ）カルボニル］エチル｝スルファニル）］スタンナン","対象物","","","","","","","","","","要確認","","","","","","","","","NITE-CHRIP"
"83898-51-5","ドデシル［トリス（｛２－［（ドデシルオキシ）カルボニル］エチル｝スルファニル）］スタンナン","対象物","","","","","","","","","","要確認","","","","","","","","","NITE-CHRIP"
"83898-52-6","５－ブチル－５－［［３－（ドデシルオキシ）－３－オキソプロピル］チオ］－９－オキソ－１０－オキサ－４，６－ジチア－５－スタンナドコサン酸ドデシル","対象物","","","","","","","","","","要確認","","","","","","","","","NITE-CHRIP"
"83898-53-7","ジオクチル［ビス（｛２－［（テトラデシルオキシ）カルボニル］エチル｝スルファニル）］スタンナン","対象物","","","","","","","","","","要確認","","","","","","","","","NITE-CHRIP"
"83898-54-8","トリス（｛（Ｚ）－３－［（デシルオキシ）カルボニル］アクリロイル｝オキシ）（オクチル）スタンナン","対象物","","","","","","","","","","要確認","","","","","","","","","NITE-CHRIP"
"83898-55-9","トリス（｛（Ｚ）－３－［（デシルオキシ）カルボニル］アクリロイル｝オキシ）（ドデシル）スタンナン","対象物","","","","","","","","","","要確認","","","","","","","","","NITE-CHRIP"
"83898-56-0","ブチル［トリス（｛（Ｚ）－３－［（デシルオキシ）カルボニル］アクリロイル｝オキシ）］スタンナン","対象物","","","","","","","","","","要確認","","","","","","","","","NITE-CHRIP"
"83898-57-1","ビス（｛（Ｚ）－３－［（デシルオキシ）カルボニル］アクリロイル｝オキシ）（ジドデシル）スタンナン","対象物","","","","","","","","","","要確認","","","","","","","","","NITE-CHRIP"
"83898-58-2","ビス（｛（Ｚ）－３－［（デシルオキシ）カルボニル］アクリロイル｝オキシ）（ジオクチル）スタンナン","対象物","","","","","","","","","","要確認","","","","","","","","","NITE-CHRIP"
"83898-59-3","ドデシル［トリス（｛（Ｚ）－３－［（ドデシルオキシ）カルボニル］アクリロイル｝オキシ）］スタンナン","対象物","","","","","","","","","","要確認","","","","","","","","","NITE-CHRIP"
"83898-60-6","ジドデシル（ビス｛［（Ｚ）－３－（メトキシカルボニル）アクリロイル］オキシ｝）スタンナン","対象物","","","","","","","","","","要確認","","","","","","","","","NITE-CHRIP"
"84012-59-9","インジウム（３＋）＝トリス（アビエタ－７，１３－ジエン－１８－オアート）","対象物","","","","","","","","","","要確認","","","","","","","","","NITE-CHRIP"
"84012-65-7","トリブチル｛［シクロヘキシル（ニトロソ）アミノ］オキシ｝スタンナン","対象物","","","","","","","","","","要確認","","","","","","","","","NITE-CHRIP"
"84012-66-8","ビス｛［（Ｚ）－３－（ブトキシカルボニル）アクリロイル］オキシ｝（ジドデシル）スタンナン","対象物","","","","","","","","","","要確認","","","","","","","","","NITE-CHRIP"
"84029-40-3","｛［２－（アセチルオキシ）ベンゾイル］オキシ｝（トリブチル）スタンナン","対象物","","","","","","","","","","要確認","","","","","","","","","NITE-CHRIP"
"84029-62-9","トリス（｛（Ｚ）－３－［（イソオクチルオキシ）カルボニル］アクリロイル｝オキシ）（ウンデシル）スタンナン","対象物","","","","","","","","","","要確認","","","","","","","","","NITE-CHRIP"
"84029-63-0","トリス（｛（Ｚ）－３－［（イソオクチルオキシ）カルボニル］アクリロイル｝オキシ）（オクチル）スタンナン","対象物","","","","","","","","","","要確認","","","","","","","","","NITE-CHRIP"
"84029-64-1","ジドデシル［ビス（｛（Ｚ）－３－［（イソオクチルオキシ）カルボニル］アクリロイル｝オキシ）］スタンナン","対象物","","","","","","","","","","要確認","","","","","","","","","NITE-CHRIP"
"84029-72-1","ジドデシル［ビス（｛（Ｚ）－３－［（ドデシルオキシ）カルボニル］アクリロイル｝オキシ）］スタンナン","対象物","","","","","","","","","","要確認","","","","","","","","","NITE-CHRIP"
"84029-73-2","オクチル［トリス（｛（Ｚ）－３－［（テトラデシルオキシ）カルボニル］アクリロイル｝オキシ）］スタンナン","対象物","","","","","","","","","","要確認","","","","","","","","","NITE-CHRIP"
"84029-74-3","ドデシル［トリス（｛（Ｚ）－３－［（テトラデシルオキシ）カルボニル］アクリロイル｝オキシ）］スタンナン","対象物","","","","","","","","","","要確認","","","","","","","","","NITE-CHRIP"
"84029-75-4","ブチル［トリス（｛（Ｚ）－３－［（テトラデシルオキシ）カルボニル］アクリロイル｝オキシ）］スタンナン","対象物","","","","","","","","","","要確認","","","","","","","","","NITE-CHRIP"
"84029-76-5","ジドデシル［ビス（｛（Ｚ）－３－［（テトラデシルオキシ）カルボニル］アクリロイル｝オキシ）］スタンナン","対象物","","","","","","","","","","要確認","","","","","","","","","NITE-CHRIP"
"84029-77-6","（Ｚ，Ｚ）－６，６－ジオクチル－４，８，１１－トリオキソ－５，７，１２－トリオキサ－６－スタンナヘキサコサ－２，９－ジエン酸テトラデシル","対象物","","","","","","","","","","要確認","","","","","","","","","NITE-CHRIP"
"84029-78-7","ドデシル（トリス｛［（Ｚ）－３－（エトキシカルボニル）アクリロイル］オキシ｝）スタンナン","対象物","","","","","","","","","","要確認","","","","","","","","","NITE-CHRIP"
"84029-79-8","ジドデシル（ビス｛［（Ｚ）－３－（エトキシカルボニル）アクリロイル］オキシ｝）スタンナン","対象物","","","","","","","","","","要確認","","","","","","","","","NITE-CHRIP"
"84029-80-1","ブチル（トリス｛［（Ｚ）－３－（エトキシカルボニル）アクリロイル］オキシ｝）スタンナン","対象物","","","","","","","","","","要確認","","","","","","","","","NITE-CHRIP"
"84029-81-2","トリス｛［（Ｚ）－３－（ブトキシカルボニル）アクリロイル］オキシ｝（ドデシル）スタンナン","対象物","","","","","","","","","","要確認","","","","","","","","","NITE-CHRIP"
"84030-41-1","ドデシル［トリス（｛［（ドデシルオキシ）カルボニル］メチル｝スルファニル）］スタンナン","対象物","","","","","","","","","","要確認","","","","","","","","","NITE-CHRIP"
"84030-42-2","ビス（｛［（デシルオキシ）カルボニル］メチル｝スルファニル）（ジドデシル）スタンナン","対象物","","","","","","","","","","要確認","","","","","","","","","NITE-CHRIP"
"84030-43-3","トリス（｛［（デシルオキシ）カルボニル］メチル｝スルファニル）（ドデシル）スタンナン","対象物","","","","","","","","","","要確認","","","","","","","","","NITE-CHRIP"
"84030-44-4","トリス（｛［（デシルオキシ）カルボニル］メチル｝スルファニル）（オクチル）スタンナン","対象物","","","","","","","","","","要確認","","","","","","","","","NITE-CHRIP"
"84030-45-5","ジブチル［ビス（｛［（デシルオキシ）カルボニル］メチル｝スルファニル）］スタンナン","対象物","","","","","","","","","","要確認","","","","","","","","","NITE-CHRIP"
"84030-46-6","ブチル［トリス（｛［（デシルオキシ）カルボニル］メチル｝スルファニル）］スタンナン","対象物","","","","","","","","","","要確認","","","","","","","","","NITE-CHRIP"
"84030-47-7","ビス（｛［（デシルオキシ）カルボニル］メチル｝スルファニル）（ジオクチル）スタンナン","対象物","","","","","","","","","","要確認","","","","","","","","","NITE-CHRIP"
"84030-55-7","水素＝ジアクア［ビス（３－オキシド－κＯ－２－ナフトアト－κＯ）］クロマート（１－）","対象物","","","","","","","","","","要確認","","","","","","","","","NITE-CHRIP"
"84030-61-5","ジドデシル［ビス（｛［（イソオクチルオキシ）カルボニル］メチル｝スルファニル）］スタンナン","対象物","","","","","","","","","","要確認","","","","","","","","","NITE-CHRIP"
"84051-94-5","（アセチルオキシ）｛２－［（２－アミノエチル）アミノ］プロポキシ｝（ジブチル）スタンナン","対象物","","","","","","","","","","要確認","","","","","","","","","NITE-CHRIP"
"84142-18-7","２－ヒドロキシ－１－プロパンスルホン酸スズ（ＩＩ）","対象物","","","","","","","","","","","","","","","","","","","NITE-CHRIP"
"84145-12-0","トリメチル｛［２－（ステアロイルオキシ）エチル］スルファニル｝スタンナン","対象物","","","","","","","","","","要確認","","","","","","","","","NITE-CHRIP"
"84179-66-8","ビス［３－ヒドロキシ－４－［（２－ヒドロキシ－３，５－ジジトロフェニル）アゾ］－Ｎ－フェニル－２－ナフタレンカルボキシアミド（２－）］クロム酸水素","対象物","","","","","","","","","","要確認","","","","","","","","","NITE-CHRIP"
"84195-51-7","Matte, lead","対象物","","","","","","","","","","要確認","","","","","","","","","NITE-CHRIP"
"84195-60-8","Slimes and Sludges, lead, electrolytic","対象物","","","","","","","","","","要確認","","","","","","","","","NITE-CHRIP"
"84195-61-9","Speiss, lead","対象物","","","","","","","","","","要確認","","","","","","","","","NITE-CHRIP"
"84195-99-3","コバルト（２＋）＝ジ－ｔｅｒｔ－デカノアート","対象物","","","","","","","","","","要確認","","","","","","","","","NITE-CHRIP"
"84204-63-7","三ナトリウム＝ビス（３－｛［１－（３－クロロフェニル）－３－メチル－５－オキソ－κＯ－４，５－ジヒドロ－１Ｈ－ピラゾール－４－イド－４－イル］ジアゼニル－κＮ（１）｝－５－ニトロ－４－オキシド－κＯ－ベンゼンスルホナト）クロマート（３－）","対象物","","","","","","","","","","要確認","","","","","","","","","NITE-CHRIP"
"84215-43-0","コバルト（２＋）＝ビス（２，５，５－トリメチルヘキサノアート）","対象物","","","","","","","","","","要確認","","","","","","","","","NITE-CHRIP"
"84255-51-6","コバルト（２＋）＝ジイソオクタノアート","対象物","","","","","","","","","","要確認","","","","","","","","","NITE-CHRIP"
"84255-52-7","コバルト（２＋）＝ジイソノナノアート","対象物","","","","","","","","","","要確認","","","","","","","","","NITE-CHRIP"
"84255-53-8","コバルト（２＋）＝ジイソデカノアート","対象物","","","","","","","","","","要確認","","","","","","","","","NITE-CHRIP"
"84303-45-7","２，３’，４，４’－テトラブロモビフェニル","対象物","","","","","","","","","","","","","","","","","","","NITE-CHRIP"
"84303-46-8","３，３’，４，４’，５－ペンタブロモビフェニル","対象物","","","","","","","","","","","","","","","","","","","NITE-CHRIP"
"84332-95-6","ドデシル＝４－｛［２－（ドデシルオキシ）－２－オキソエチル］スルファニル｝－４－オクチル－７－オキソ－８－オキサ－３，５－ジチア－４－スタンナイコサン－１－オアート","対象物","","","","","","","","","","要確認","","","","","","","","","NITE-CHRIP"
"84332-96-7","ジブチル（ドデシルスルファニル）［（（Ｚ）－３－｛［（２－エチルヘキシル）オキシ］カルボニル｝アクリロイル）オキシ］スタンナン","対象物","","","","","","","","","","要確認","","","","","","","","","NITE-CHRIP"
"84332-97-8","ジブチル｛ビス［（３－｛［（３，５，５－トリメチルヘキシル）オキシ］カルボニル｝アクリロイル）オキシ］｝スタンナン","対象物","","","","","","","","","","要確認","","","","","","","","","NITE-CHRIP"
"84332-98-9","ビス［（２－ブトキシカルボニル）エチル］｛ビス［（｛［（２－エチルヘキシル）オキシ］カルボニル｝メチル）スルファニル］｝スタンナン","対象物","","","","","","","","","","要確認","","","","","","","","","NITE-CHRIP"
"84370-78-5","ビス［（｛［（２－エチルヘキシル）オキシ］カルボニル｝メチル）スルファニル］（ビス｛２－［（オクタデシルオキシ）カルボニル］エチル｝）スタンナン","対象物","","","","","","","","","","要確認","","","","","","","","","NITE-CHRIP"
"84438-44-8","４－［（４－フルオロフェニル）テルリニル］－Ｎ，Ｎ－ジメチルアニリン","対象物","","","","","","","","","","要確認","","","","","","","","","NITE-CHRIP"
"84438-47-1","４－［ジクロロ（ｍ－トリル）－λ（４）－テラニル］－Ｎ，Ｎ－ジメチルアニリン","対象物","","","","","","","","","","要確認","","","","","","","","","NITE-CHRIP"
"84438-48-2","ジクロロ｛ビス［２－（１，３－ジオキソラン－２－イル）フェニル］｝－λ（４）－テラン","対象物","","","","","","","","","","要確認","","","","","","","","","NITE-CHRIP"
"84438-49-3","４，４’－［｛［ビス（４－メトキシフェニル）－λ（４）－テランジイル］ビス（オキシ）｝ビス（カルボニル）］ビス（ベンゼン－１，３－ジオール）","対象物","","","","","","","","","","要確認","","","","","","","","","NITE-CHRIP"
"84496-56-0","２－（２，４－ジクロロ－３－メチルフェノキシ）－Ｎ－フェニルプロパンアミド","対象物","","","","","","","","","","要確認","","","","","","","","","NITE-CHRIP"
"84561-31-9","炭化ケイ素","対象物","","","","","","","","","","要確認","","","","","","","","","NITE-CHRIP"
"84561-32-0","炭化ケイ素","対象物","","","","","","","","","","要確認","","","","","","","","","NITE-CHRIP"
"84561-34-2","炭化ケイ素","対象物","","","","","","","","","","要確認","","","","","","","","","NITE-CHRIP"
"84668-41-7","（－）－メチル（イソプロピル）（フェニル）（トリチル）スタンナン","対象物","","","","","","","","","","要確認","","","","","","","","","NITE-CHRIP"
"84682-44-0","二ナトリウム＝｛４－［（２－カルボキシラト－κＯ－フェニル）ジアゼニル－κＮ（２）］－３－メチル－５－オキソ－κＯ－１－フェニル－４，５－ジヒドロ－１Ｈ－ピラゾール－４－イド｝｛４－［（２－カルボキシラト－κＯ－フェニル）ジアゼニル－κＮ（２）］－３－メチル－５－オキソ－κＯ－１－（４－スルホナトフェニル）－４，５－ジヒドロ－１Ｈ－ピラゾール－４－イド｝クロマート（２－）","対象物","","","","","","","","","","要確認","","","","","","","","","NITE-CHRIP"
"84682-59-7","硝酸プラセオジム（ＩＩＩ）ニッケル（ＩＩ）","対象物","該当","","","","?","","","","","要確認","","","","","","","","","NITE-CHRIP"
"84696-56-0","カドミウム＝ジイソノナノアート","対象物","該当","","","","?","","","","","要確認","","","","","","","","","NITE-CHRIP"
"84712-69-6","トリブチル（｛４－メチル－４－［（４，４，６－トリメチル－１，３，２－ジオキサボリナン－２－イル）オキシ］ペンタン－２－イル｝オキシ）スタンナン","対象物","","","","","","","","","","要確認","","","","","","","","","NITE-CHRIP"
"84712-70-9","ドデシル（トリス｛［（Ｚ）－３－（メトキシカルボニル）アクリロイル］オキシ｝）スタンナン","対象物","","","","","","","","","","要確認","","","","","","","","","NITE-CHRIP"
"84787-73-5","（フタロイルジオキシ）ビス［ジブチル（オクチルオキシ）スタンナン］","対象物","","","","","","","","","","要確認","","","","","","","","","NITE-CHRIP"
"84787-74-6","１，１，３，３－テトラブチル－１，３－ビス（テトラデシルオキシ）ジスタンノキサン","対象物","","","","","","","","","","要確認","","","","","","","","","NITE-CHRIP"
"84787-79-1","６，６－ジブチル－４，８，１１－トリオキソ－５，７，１２－トリオキサ－６－スタンナオクタコサ－２，９－ジエン酸ヘキサデシル","対象物","","","","","","","","","","要確認","","","","","","","","","NITE-CHRIP"
"84787-80-4","８，８，１４，１４，２０，２０－ヘキサブチル－５，２３－ジエチル－７，９，１９，２１－テトラオキサ－１３，１５－ジチア－８，１４，２０－トリスタンナヘプタコサン－１０，１８－ジオン","対象物","","","","","","","","","","要確認","","","","","","","","","NITE-CHRIP"
"84788-16-9","ジブチル（クロロ）（｛２－［（イソトリデシルオキシ）カルボニル］エチル｝スルファニル）スタンナン","対象物","","","","","","","","","","要確認","","","","","","","","","NITE-CHRIP"
"84788-17-0","ジブチル［ビス（｛３－［（イソトリデシルオキシ）カルボニル］アクリロイル｝オキシ）］スタンナン","対象物","","","","","","","","","","要確認","","","","","","","","","NITE-CHRIP"
"84803-43-0","ジブチル（イソオクタデカノイルオキシ）（｛２－［（イソトリデシルオキシ）カルボニル］エチル｝スルファニル）スタンナン","対象物","","","","","","","","","","要確認","","","","","","","","","NITE-CHRIP"
"84812-63-5","２－（メチルアミノ）エタノールと三水素＝ビス｛４－［（３－メチル－５－オキソ－κＯ－１－フェニル－４，５－ジヒドロ－１Ｈ－ピラゾール－４－イド－４－イル）ジアゼニル－κＮ（１）］－３－オキシド－κＯ－ナフタレン－１－スルホナト｝クロマート（３－）の化合物","対象物","","","","","","","","","","要確認","","","","","","","","","NITE-CHRIP"
"84837-25-2","トリブチル［（２，３－ジブロモ－２－メチルプロパノイル）オキシ］スタンナン","対象物","","","","","","","","","","要確認","","","","","","","","","NITE-CHRIP"
"84852-15-3","４－ノニルフェノール（分枝）","対象物","該当","","","","","","","","","要確認","","","","","","","","","NITE-CHRIP"
"84864-54-0","ブチル［（２－ヒドロキシエチル）スルファニル］（スルファニリデン）スタンナン","対象物","","","","","","","","","","要確認","","","","","","","","","NITE-CHRIP"
"84878-36-4","カドミウム＝ジイソオクタデカノアート","対象物","該当","","","","?","","","","","要確認","","","","","","","","","NITE-CHRIP"
"84878-37-5","カドミウム（２＋）＝ｔｅｒ－デカノアート","対象物","該当","","","","?","","","","","要確認","","","","","","","","","NITE-CHRIP"
"84878-48-8","カドミウム＝ビス（ノニルフェノラート）","対象物","該当","","","","?","","","","","要確認","","","","","","","","","NITE-CHRIP"
"84878-51-3","カドミウム＝ビス（オクチルフェノラート）","対象物","該当","","","","?","","","","","要確認","","","","","","","","","NITE-CHRIP"
"84896-41-3","３，３’－［（ジオクチルスタンナンジイル）ビス（スルファンジイル）］ビス（プロパノイルオキシ）ビス｛ジオクチル［（２－エチルヘキシル）オキシ］スタンナン｝","対象物","","","","","","","","","","要確認","","","","","","","","","NITE-CHRIP"
"84896-44-6","ジイソトリデシル＝３，３’－［（ジブチルスタンナンジイル）ビス（スルファンジイル）］ジプロパノアート","対象物","","","","","","","","","","要確認","","","","","","","","","NITE-CHRIP"
"85117-02-8","Flue dust, lead-manufg., cadmium-rich","対象物","","","","","","","","","","要確認","","","","","","","","","NITE-CHRIP"
"85136-74-9","６－ヒドロキシ－１－（３－イソプロポキシプロピル）－４－メチル－２－オキソ－５－｛［４－（フェニルジアゼニル）フェニル］ジアゼニル｝－１，２－ジヒドロピリジン－３－カルボニトリル","対象物","","","","","","","","","","","","","","","","","","","NITE-CHRIP"
"85255-51-2","モリブデン酸亜鉛","対象物","","","","","","","","","","要確認","","","","","","","","","NITE-CHRIP"
"85371-54-6","ジイソデシル＝［ジブチルスタンナンジイルビス（スルファンジイル）］ジアセタート","対象物","","","","","","","","","","要確認","","","","","","","","","NITE-CHRIP"
"85391-79-3","ジブチル｛ビス［（９Ｚ，１２Ｚ）－オクタデカ－９，１２－ジエノイルオキシ］｝スタンナン","対象物","","","","","","","","","","要確認","","","","","","","","","NITE-CHRIP"
"85391-80-6","（Ｚ，Ｚ，Ｚ）－６，６，１３，１３－テトラブチル－４，８，１１，１５－テトラオキソ－５，７，１２，１４－テトラオキサ－６，１３－ジスタンナオクタデカ－２，９，１６－トリエン二酸ジプロピル","対象物","","","","","","","","","","要確認","","","","","","","","","NITE-CHRIP"
"85391-81-7","２，４－ジブチル－２，４－ビス（ドデシルスルファニル）－７－（エチルスルファニル）－１，５－ジオキサ－３－チア－２，４－ジスタンナシクロウンデカン－６，１１－ジオン","対象物","","","","","","","","","","要確認","","","","","","","","","NITE-CHRIP"
"85392-75-2","スズ（２＋）＝ビス［（Ｚ，Ｚ，Ｚ）－オクタデカ－９，１２，１５－トリエノアート］","対象物","","","","","","","","","","","","","","","","","","","NITE-CHRIP"
"85392-76-3","スズ（２＋）＝ジテトラデカノアート","対象物","","","","","","","","","","","","","","","","","","","NITE-CHRIP"
"85409-17-2","トリブチルスタンナンのモノ（ナフテノイルオキシ）誘導体","対象物","","","","","","","","","","要確認","","","","","","","","","NITE-CHRIP"
"85409-22-9","アルキル（Ｃ＝１２～１４）（ベンジル）（ジメチル）アンモニウム＝クロリド","対象物","該当","","","","","","","","","要確認","","","","","","","","","NITE-CHRIP"
"85424-96-0","アクリル酸オクチル・メタクリル酸メチル・イタコン酸トリフェニルスズ共重合体","対象物","","","","","","","","","","要確認","","","","","","","","","NITE-CHRIP"
"85424-97-1","アクリル酸オクチル・メタクリル酸メチル・イタコン酸トリブチルスズ共重合物","対象物","","","","","","","","","","要確認","","","","","","","","","NITE-CHRIP"
"85443-63-6","水素＝ヒドロキシド｛３－［（３－メチル－５－オキソ－κＯ－１－フェニル－４，５－ジヒドロ－１Ｈ－ピラゾール－４－イド－４－イル）ジアゼニル－κＮ（１）］－５－ニトロ－２－オキシド－κＯ－ベンゼンスルホナト｝クロマート（１－）","対象物","","","","","","","","","","要確認","","","","","","","","","NITE-CHRIP"
"85443-64-7","２－アミノエタノールと水素＝ヒドロキシド｛３－［（３－メチル－５－オキソ－κＯ－１－フェニル－４，５－ジヒドロ－１Ｈ－ピラゾール－４－イド－４－イル）ジアゼニル－κＮ（１）］－５－ニトロ－２－オキシド－κＯ－ベンゼンスルホナト｝クロマート（１－）の化合物","対象物","","","","","","","","","","要確認","","","","","","","","","NITE-CHRIP"
"85443-68-1","水素＝（Ｔ－４）－ヒドロキシド｛３－［（３－メチル－５－オキソ－κＯ－１－フェニル－４，５－ジヒドロ－１Ｈ－ピラゾール－４－イド－４－イル）ジアゼニル－κＮ（１）］－５－ニトロ－２－オキシド－κＯ－ベンゼンスルホナト｝クロマート（１－）と２，２’－イミノジエタノールの化合物","対象物","","","","","","","","","","要確認","","","","","","","","","NITE-CHRIP"
"85535-84-8","クロロアルカン（Ｃ＝１０～１３）","対象物","","","","","","","","","","要確認","","","第一種特定","","","","","","NITE-CHRIP"
"85535-85-9","クロロアルカン（Ｃ＝１４～１７）","対象物","","","","","","","","","","要確認","","","","","","","","","NITE-CHRIP"
"85566-12-7","Alcohols, C8-10","対象物","","","","","","","","","","","","","","","","","","","NITE-CHRIP"
"85566-78-5","ヘキサブチルジスタンノキサンと（リン酸のイソプロピルエステル）の反応生成物","対象物","","","","","","","","","","要確認","","","","","","","","","NITE-CHRIP"
"85665-63-0","ビス（３－メトキシブチル）＝（２Ｚ，９Ｚ）－６，６－ジブチル－４，８－ジオキソ－５，７－ジオキサ－６－スタンナウンデカ－２，９－ジエン－１，１１－ジオアート","対象物","","","","","","","","","","要確認","","","","","","","","","NITE-CHRIP"
"85702-55-2","ジブチル｛ビス［（３，５，５－トリメチルヘキサノイル）オキシ］｝スタンナン","対象物","","","","","","","","","","要確認","","","","","","","","","NITE-CHRIP"
"85702-56-3","ジブチル（ドデカノイルオキシ）（｛３－［（２－ヒドロキシエトキシ）カルボニル］アクリロイル｝オキシ）スタンナン","対象物","","","","","","","","","","要確認","","","","","","","","","NITE-CHRIP"
"85702-57-4","１，１，３，３－テトラブチル－１，３－ビス（パルミトイルオキシ）ジスタンノキサン","対象物","","","","","","","","","","要確認","","","","","","","","","NITE-CHRIP"
"85702-74-5","ジブチルビス［（１－オキソイソオクチル）オキシ］スズ","対象物","","","","","","","","","","要確認","","","","","","","","","NITE-CHRIP"
"85702-75-6","ジブチル［ビス（イソデカノイルオキシ）］スタンナン","対象物","","","","","","","","","","要確認","","","","","","","","","NITE-CHRIP"
"85702-76-7","１，１，３，３－テトラブチル－１，３－ビス［（１－オキソイソデシル）オキシ］ジスタノキサン","対象物","","","","","","","","","","要確認","","","","","","","","","NITE-CHRIP"
"85702-77-8","１，１，３，３－テトラメチル－１，３－ビス［（ネオデカノイル）オキシ］ジスタンノキサン","対象物","","","","","","","","","","要確認","","","","","","","","","NITE-CHRIP"
"85702-78-9","ジオクチルビス［（１－オキソイソオクチル）オキシ］スズ","対象物","","","","","","","","","","要確認","","","","","","","","","NITE-CHRIP"
"85702-85-8","２，２，４，４－テトラブチル－７－ヒドロキシ－１，３，５，２，４－トリオキサジスタンノナン－６，９－ジオン","対象物","","","","","","","","","","要確認","","","","","","","","","NITE-CHRIP"
"85702-86-9","ジメチル［ビス（ノナノイルオキシ）］スタンナン","対象物","","","","","","","","","","要確認","","","","","","","","","NITE-CHRIP"
"85702-87-0","ジオクチル｛ビス［（３，５，５－トリメチルヘキサノイル）オキシ］｝スタンナン","対象物","","","","","","","","","","要確認","","","","","","","","","NITE-CHRIP"
"85702-88-1","ビス［（２－ヘキシルデカノイル）オキシ］（ジオクチル）スタンナン","対象物","","","","","","","","","","要確認","","","","","","","","","NITE-CHRIP"
"85785-20-2","Ｓ－ベンジル＝エチル（３－メチルブタン－２－イル）カルバモチオアート","対象物","","","","","","","","","","要確認","","","","","","","","","NITE-CHRIP"
"85938-40-5","ビス（｛［（Ｚ）－３－（イソプロポキシカルボニル）アクリロイル］オキシ｝）（ジオクチル）スタンナン","対象物","","","","","","","","","","要確認","","","","","","","","","NITE-CHRIP"
"85938-41-6","ジオクチル［ビス（テトラデカノイルオキシ）］スタンナン","対象物","","","","","","","","","","要確認","","","","","","","","","NITE-CHRIP"
"85938-42-7","ジオクチル［ビス（パルミトイルオキシ）］スタンナン","対象物","","","","","","","","","","要確認","","","","","","","","","NITE-CHRIP"
"85938-43-8","ビス（ノナノイルオキシ）（ジオクチル）スタンナン","対象物","","","","","","","","","","要確認","","","","","","","","","NITE-CHRIP"
"85938-44-9","１，３－ビス［（９Ｚ，１２Ｚ，１５Ｚ）－オクタデカ－９，１２，１５－トリエノイルオキシ］－１，１，３，３－テトラオクチルジスタンノキサン","対象物","","","","","","","","","","要確認","","","","","","","","","NITE-CHRIP"
"85938-45-0","１，３－ビス［（９Ｚ，１２Ｚ）－オクタデカ－９，１２－ジエノイルオキシ］－１，１，３，３－テトラオクチルジスタンノキサン","対象物","","","","","","","","","","要確認","","","","","","","","","NITE-CHRIP"
"85938-46-1","１，３－ビス［（Ｚ）－オクタデカ－９－エノイルオキシ］－１，１，３，３－テトラオクチルジスタンノキサン","対象物","","","","","","","","","","要確認","","","","","","","","","NITE-CHRIP"
"85938-47-2","１，１，３，３－テトラオクチル－１，３－ビス（パルミトイルオキシ）ジスタンノキサン","対象物","","","","","","","","","","要確認","","","","","","","","","NITE-CHRIP"
"85938-48-3","ジブチル（フルオロ）（フェニル）スタンナン","対象物","","","","","","","","","","要確認","","","","","","","","","NITE-CHRIP"
"85938-49-4","ジブチル（フルオロ）（ヘキシル）スタンナン","対象物","","","","","","","","","","要確認","","","","","","","","","NITE-CHRIP"
"85938-50-7","２－エチルヘキシル＝［（２－ブチル－４，７－ジオキソ－４，７－ジヒドロ－１，３，２－ジオキサスタンネピン－２－イル）スルファニル］アセタート","対象物","","","","","","","","","","要確認","","","","","","","","","NITE-CHRIP"
"85938-51-8","トリブチル［（４－ドデシルベンゼンスルホニル）オキシ］スタンナン","対象物","","","","","","","","","","要確認","","","","","","","","","NITE-CHRIP"
"85938-52-9","ナトリウム＝トリブチルスタンナノラート","対象物","","","","","","","","","","要確認","","","","","","","","","NITE-CHRIP"
"85938-53-0","ビス［（９Ｚ，１２Ｚ）－オクタデカ－９，１２－ジエノイルオキシ］（ジオクチル）スタンナン","対象物","","","","","","","","","","要確認","","","","","","","","","NITE-CHRIP"
"85954-11-6","４，４’－ビス（２，３－エポキシプロポキシ）－３，３’，５，５’－テトラメチルビフェニル","対象物","該当","","","","","","","","","","","","","","","","","","NITE-CHRIP"
"86029-64-3","２，３’，４，４’，６－ペンタブロモビフェニル","対象物","","","","","","","","","","","","","","","","","","","NITE-CHRIP"
"86045-52-5","（ＯＣ－６－２２）－Ｎ，Ｎ’－（テトラフルオロ－λ（６）－テランジイル）ビス（１，１，１－トリメチルシランアミン）","対象物","","","","","","","","","","要確認","","","","","","","","","NITE-CHRIP"
"86249-83-4","［［５，５’－アゾビス［２，４，６（１Ｈ，３Ｈ，５Ｈ）－ピリミジントリオナト－Ｏ４］］（２－）］ニッケル","対象物","該当","","","","?","","","","","要確認","","","","","","","","","NITE-CHRIP"
"86598-92-7","４－クロロベンジル＝Ｎ－（２，４－ジクロロフェニル）－２－（１Ｈ－１，２，４－トリアゾール－１－イル）チオアセトイミダート","対象物","該当","","","","","","","","","","","","","","","","","","NITE-CHRIP"
"87392-12-9","２－クロロ－Ｎ－（２－エチル－６－メチルフェニル）－Ｎ－［（Ｓ）－１－メトキシプロパン－２－イル］アセトアミド","対象物","該当","","","","","","","","","要確認","","","","","","","","","NITE-CHRIP"
"87674-68-8","Acetamide, 2-chloro-N-(2,4-dimethyl-3-thienyl)-N-(2-methoxy-1-methylethyl)-","対象物","該当","","","","","","","","","要確認","","","","","","","","","NITE-CHRIP"
"87735-26-0","６，６－ジブチル－４，４，８，８－テトラエトキシ－３，５，７，９－テトラオキサ－４，８－ジシラ－６－スタンナウンデカン","対象物","","","","","","","","","","要確認","","","","","","","","","NITE-CHRIP"
"87817-35-4","ジブチルジチオカルバミン酸テルル","対象物","","","","","","","","","","要確認","","","","","","","","","NITE-CHRIP"
"87835-30-1","カドミウム＝２－プロピルペンタノアート","対象物","該当","","","","?","","","","","要確認","","","","","","","","","NITE-CHRIP"
"88248-60-6","リン酸ニッケル","対象物","該当","","","","?","","","","","要確認","","","","","","","","","NITE-CHRIP"
"88402-43-1","２－（４－クロロフェニル）－４，５，６，７－テトラヒドロ－１Ｈ－イソインドール－１，３（２Ｈ）－ジオン","対象物","","","","","","","","","","要確認","","","","","","","","","NITE-CHRIP"
"88608-76-8","二セレン化金","対象物","","","","","","","","","","要確認","","","","","","","","","NITE-CHRIP"
"88671-89-0","２－（４－クロロフェニル）－２－（１Ｈ－１，２，４－トリアゾール－１－イルメチル）ヘキサンニトリル","対象物","","","","","","","","","","要確認","","","","","","","","","NITE-CHRIP"
"88700-05-4","２，２’，３，５’，６－ペンタブロモビフェニル","対象物","","","","","","","","","","","","","","","","","","","NITE-CHRIP"
"88917-22-0","メチル－２－［２－メトキシ（メチル）エトキシ］エチル＝アセタート","対象物","","","","","","","","","","","","","","","","","","","NITE-CHRIP"
"89038-03-9","銅（１＋）＝オキサラート","対象物","","","","","","","","","","","","","","","","","","","NITE-CHRIP"
"89256-12-2","モリブデン酸バナジウム","対象物","","","","","","","","","","要確認","","","","","","","","","NITE-CHRIP"
"89269-64-7","（Ｚ）－２’－メチルアセトフェノン＝４，６－ジメチル－２－ピリミジニルヒドラゾン","対象物","","","","","","","","","","要確認","","","","","","","","","NITE-CHRIP"
"89654-51-3","（ＯＣ－６－２１）－［（エチレンジニトリロ－κ（２）Ｎ，Ｎ’）テトラキス（アセタト－κＯ）］モリブデン（１＋）","対象物","","","","","","","","","","要確認","","","","","","","","","NITE-CHRIP"
"89654-52-4","（ＯＣ－６－２１）－［（エチレンジニトリロ－κ（２）Ｎ，Ｎ’）テトラキス（アセタト－κＯ）］モリブデン（２＋）","対象物","","","","","","","","","","要確認","","","","","","","","","NITE-CHRIP"
"89759-80-8","カドミウム＝ジアセタート水和物（１：？）","対象物","該当","","","","?","","","","","要確認","","","","","","","","","NITE-CHRIP"
"89784-60-1","チオリン酸Ｏ－１－（４－クロロフェニル）－４－ピラゾリル－Ｏ－エチル－Ｓ－プロピル","対象物","","","","","","","","","","","","","","","","","","","NITE-CHRIP"
"89930-84-7","（Ｚ，Ｚ）－６，６－ジメチル－４，８，１１－トリオキソ－５，７，１２－トリオキサ－６－スタンナトリアコンタ－２，９－ジエン酸オクタデシル","対象物","","","","","","","","","","要確認","","","","","","","","","NITE-CHRIP"
"89952-87-4","ビス［ビス（ピリジン－κＮ）銀（１＋）］＝ジクロマート","対象物","該当","","","","?","","","","","要確認","","","","","","","","","NITE-CHRIP"
"90014-70-3","クロム酸銅","対象物","該当","","","","?","","","","","要確認","","","","","","","","","NITE-CHRIP"
"90076-65-6","リチウム＝ビス（トリフルオロメタンスルホン）イミド","対象物","該当","","","","","","","","","","","","","","","","","","NITE-CHRIP"
"90170-31-3","Acetic acid, 2,2',2''-[(butylstannylidyne)tris(thio)]tris-, tri-C12-22-alkyl esters","対象物","","","","","","","","","","要確認","","","","","","","","","NITE-CHRIP"
"90170-33-5","Acetic acid, 2,2'-[(dibutylstannylene)bis(thio)]bis-, di-C12-22-alkyl esters","対象物","","","","","","","","","","要確認","","","","","","","","","NITE-CHRIP"
"90170-34-6","Acetic acid, 2,2'-[(dioctylstannylene)bis(thio)]bis-, di-C12-22-alkyl esters","対象物","","","","","","","","","","要確認","","","","","","","","","NITE-CHRIP"
"90170-35-7","２，２－ビス｛［（スルファニルアセチル）オキシ］メチル｝プロパン－１，３－ジイル＝ビス（スルファニルアセタート）とブチル（オキソ）スタンナンの反応生成物","対象物","","","","","","","","","","要確認","","","","","","","","","NITE-CHRIP"
"90170-36-8","２，２－ビス｛［（スルファニルアセチル）オキシ］メチル｝プロパン－１，３－ジイル＝ビス（スルファニルアセタート）とジブチル（オキソ）スタンナンの反応生成物","対象物","","","","","","","","","","要確認","","","","","","","","","NITE-CHRIP"
"90170-37-9","２，２－ビス｛［（スルファニルアセチル）オキシ］メチル｝プロパン－１，３－ジイル＝ビス（スルファニルアセタート）とジドデシル（オキソ）スタンナンの反応生成物","対象物","","","","","","","","","","要確認","","","","","","","","","NITE-CHRIP"
"90170-38-0","２，２－ビス｛［（スルファニルアセチル）オキシ］メチル｝プロパン－１，３－ジイル＝ビス（スルファニルアセタート）とジオクチル（オキソ）スタンナンの反応生成物","対象物","","","","","","","","","","要確認","","","","","","","","","NITE-CHRIP"
"90170-39-1","２，２－ビス｛［（スルファニルアセチル）オキシ］メチル｝プロパン－１，３－ジイル＝ビス（スルファニルアセタート）とオクチル（オキソ）スタンナンの反応生成物","対象物","","","","","","","","","","要確認","","","","","","","","","NITE-CHRIP"
"90170-40-4","Acetic acid, 2,2',2''-[(octylstannylidyne)tris(thio)]tris-, tri-C12-22-alkyl esters","対象物","","","","","","","","","","要確認","","","","","","","","","NITE-CHRIP"
"90264-80-5","４，４－ジブチル－７－オキソ－８，１１－ジオキサ－３，５－ジチア－４－スタンナトリデカン酸２－エトキシエチル","対象物","","","","","","","","","","要確認","","","","","","","","","NITE-CHRIP"
"90268-67-0","ジブチル（オキソ）スタンナンと（エチレングリコールとイソオクタノールとマレイン酸の混合エステル）の反応生成物","対象物","","","","","","","","","","要確認","","","","","","","","","NITE-CHRIP"
"90268-72-7","2-Butenoic acid, 4,4'-[[[(3-carboxy-1-oxo-2-propenyl)oxy]dodecylstannylene]bis(oxy)]bis[4-oxo-, (Z,Z,Z)-, tri-C12-22-alkyl esters","対象物","","","","","","","","","","要確認","","","","","","","","","NITE-CHRIP"
"90342-41-9","ヘキサブチルジスタンノキサンと二酸化ケイ素の反応生成物","対象物","","","","","","","","","","要確認","","","","","","","","","NITE-CHRIP"
"90388-33-3","アクリロイル（トリブトキシ）スタンナンと２，２，４（または２，４，４）－トリメチルヘキサン－１，６－ジアミンの反応生成物","対象物","","","","","","","","","","要確認","","","","","","","","","NITE-CHRIP"
"90459-98-6","ジブチル（オキソ）スタンナンとエチレングリコールと無水マレイン酸とオレイン酸の反応生成物","対象物","","","","","","","","","","要確認","","","","","","","","","NITE-CHRIP"
"90529-64-9","２－アミノ－２－エチルプロパン－１，３－ジオールとトリブチル（ペンチルオキシ）スタンナンの反応生成物","対象物","","","","","","","","","","要確認","","","","","","","","","NITE-CHRIP"
"90529-85-4","Propanoic acid, 3,3'-[(dioctylstannylene)bis(thio)]bis-, di-C12-22-alkyl esters","対象物","","","","","","","","","","要確認","","","","","","","","","NITE-CHRIP"
"90529-88-7","Propanoic acid, 3,3',3-''-[(octylstannylidyne)tris(thio)]tris-, tri-C12-22-alkyl esters","対象物","","","","","","","","","","要確認","","","","","","","","","NITE-CHRIP"
"90552-58-2","ジブチル［ビス（ドデカノイルオキシ）］スタンナンとテトラエトキシシランとテトラキス（２－メトキシエトキシ）シランの反応生成物","対象物","","","","","","","","","","要確認","","","","","","","","","NITE-CHRIP"
"90552-61-7","Stannane, bis[(2-carboxyethyl)thio]didodecyl-, di-C12-22-alkyl esters","対象物","","","","","","","","","","要確認","","","","","","","","","NITE-CHRIP"
"90552-62-8","Stannane, bis[(carboxymethyl)thio]didodecyl-, di-C12-22-alkyl esters","対象物","","","","","","","","","","要確認","","","","","","","","","NITE-CHRIP"
"90552-63-9","Stannane, bis[(3-carboxy-1-oxo-2-propenyl)oxy]didodecyl-, (Z,Z)-, di-C12-22-alkyl esters","対象物","","","","","","","","","","要確認","","","","","","","","","NITE-CHRIP"
"90552-64-0","Stannane, butyltris[(2-carboxyethyl)thio]-, tri-C12-22-alkyl esters","対象物","","","","","","","","","","要確認","","","","","","","","","NITE-CHRIP"
"90552-66-2","Stannane, dibutylbis[(2-carboxyethyl)thio]-, di-C12-22-alkyl esters","対象物","","","","","","","","","","要確認","","","","","","","","","NITE-CHRIP"
"90552-70-8","Stannane, tris[(2-carboxyethyl)thio]dodecyl-, tri-C12-22-alkyl esters","対象物","","","","","","","","","","要確認","","","","","","","","","NITE-CHRIP"
"90552-71-9","Stannane, tris[(carboxymethyl)thio]dodecyl-, tri-C12-22-alkyl esters","対象物","","","","","","","","","","要確認","","","","","","","","","NITE-CHRIP"
"90583-07-6","Sulfuric acid, lead(2+) salt, basic","対象物","","","","","","","","","","要確認","","","","","","","","","NITE-CHRIP"
"90583-37-2","塩基性亜硫酸鉛（ＩＩ）","対象物","","該当","","","","","","","","要確認","","","","","","","","","NITE-CHRIP"
"90640-84-9","クレオソートオイル，　アセナフテン留分　（別名ウオッシュオイル）","対象物","","","","","","","","","","","","","","","","","","","NITE-CHRIP"
"90677-69-3","四ナトリウム＝｛７－（２，３－ジブロモプロパンアミド）－３－［（５－ニトロ－２－オキシド－κＯ－フェニル）ジアゼニル－κＮ（１）］－４－オキシド－κＯ－ナフタレン－２－スルホナト｝（４－｛［６－（２，３－ジブロモプロパンアミド）－１－オキシド－κＯ－３－スルホナト－２－ナフチル］ジアゼニル－κＮ（１）｝－７－ニトロ－３－オキシド－κＯ－ナフタレン－１－スルホナト）クロマート（４－）","対象物","","","","","","","","","","要確認","","","","","","","","","NITE-CHRIP"
"90901-25-0","（ジ－μ－スルファンジイド）ビス［ビス（２－エチルヘキシル）カルバモジチオアト－κ（２）Ｓ，Ｓ’－（チオキソ）モリブデン］","対象物","","","","","","","","","","要確認","","","","","","","","","NITE-CHRIP"
"91235-82-4","カリウム＝トリシアニドニッケラート（１－）","対象物","該当","","","","?","","","","","要確認","","","","","","","","","NITE-CHRIP"
"91388-81-7","ホウ酸鉛","対象物","","","","","","","","","","要確認","","","","","","","","","NITE-CHRIP"
"91465-08-6","ｒｅｌ－（Ｒ）－シアノ（３－フェノキシフェニル）メチル＝（１Ｓ，３Ｓ）－３－［（Ｚ）－２－クロロ－３，３，３－トリフルオロプロパ－１－エン－１－イル］－２，２－ジメチルシクロプロパンカルボキシラート","対象物","","","","","","","","","","","","","","","","","","","NITE-CHRIP"
"91648-37-2","Stannane, dibutylbis[(carboxymethyl)thio]-, di-C8-15-branched alkyl esters","対象物","","","","","","","","","","要確認","","","","","","","","","NITE-CHRIP"
"91648-38-3","Stannane, dibutylbis[(1-oxooctadecyl)oxy]-, branched","対象物","","","","","","","","","","要確認","","","","","","","","","NITE-CHRIP"
"91724-16-2","亜ヒ酸ストロンチウム","対象物","該当","","","","?","","","","","要確認","","","","","","","","","NITE-CHRIP"
"91782-35-3","ジイソオクチル＝フタラートとジブチル（オキソ）スタンナンの反応生成物","対象物","","","","","","","","","","要確認","","","","","","","","","NITE-CHRIP"
"91782-47-7","ジブチル（オキソ）スタンナンとスルファニルコハク酸の反応生成物","対象物","","","","","","","","","","要確認","","","","","","","","","NITE-CHRIP"
"91782-48-8","ジオクチル（オキソ）スタンナンとスルファニルコハク酸の反応生成物","対象物","","","","","","","","","","要確認","","","","","","","","","NITE-CHRIP"
"91782-92-2","ビス（アセチルオキシ）（ジブチル）スタンナンとネオデカン酸の反応生成物","対象物","","","","","","","","","","要確認","","","","","","","","","NITE-CHRIP"
"92112-69-1","ヘキサン（分枝、直鎖）","対象物","","","","","","","","","","","","","","","","","","","NITE-CHRIP"
"92154-74-0","イソブチル（トリプロピル）スタンナン","対象物","","","","","","","","","","要確認","","","","","","","","","NITE-CHRIP"
"92414-44-3","（Ｔ－４）－四酸化マンガン","対象物","該当","","","","?","","","","","要確認","","","","","","","","","NITE-CHRIP"
"92502-48-2","ジオクチル（オキソ）スタンナンと（エチレングリコールとスルファニル酢酸のエステル）とオクチル＝スルファニルアセタートの反応生成物","対象物","","","","","","","","","","要確認","","","","","","","","","NITE-CHRIP"
"92502-51-7","ジブチル（ビス｛［３－（メトキシカルボニル）アクリロイル］オキシ｝）スタンナンとジブチル（オキソ）スタンナンの反応生成物","対象物","","","","","","","","","","要確認","","","","","","","","","NITE-CHRIP"
"92502-58-4","ジブチル（オキソ）スタンナンとイソオクチル＝スルファニルアセタートと３－スルファニルプロパン酸の反応生成物","対象物","","","","","","","","","","要確認","","","","","","","","","NITE-CHRIP"
"93658-88-9","Terbium telluride","対象物","","","","","","","","","","要確認","","","","","","","","","NITE-CHRIP"
"93686-50-1","Stannane, dibutylbis[(1-oxononyl)oxy]-, branched","対象物","","","","","","","","","","要確認","","","","","","","","","NITE-CHRIP"
"93686-51-2","Stannane, dibutylbis[(1-oxooctyl)oxy]-, branched","対象物","","","","","","","","","","要確認","","","","","","","","","NITE-CHRIP"
"93686-52-3","Stannane, dioctylbis[(1-oxooctyl)oxy]-, branched","対象物","","","","","","","","","","要確認","","","","","","","","","NITE-CHRIP"
"93686-53-4","Stannane, tributyl[(1-oxooctyl)oxy]-, branched","対象物","","","","","","","","","","要確認","","","","","","","","","NITE-CHRIP"
"93778-53-1","８，８－ジドデシル－１，４－ジオキサ－７，９－ジチア－８－スタンナシクロウンデカン－５，１１－ジオン","対象物","","","","","","","","","","要確認","","","","","","","","","NITE-CHRIP"
"93783-58-5","トリス（２，４－ヘキサンジオナト－Ｏ，Ｏ’）コバルト","対象物","","","","","","","","","","要確認","","","","","","","","","NITE-CHRIP"
"93805-32-4","トリブチル（ｔｅｒｔ－デカノイルオキシ）スタンナン","対象物","","","","","","","","","","要確認","","","","","","","","","NITE-CHRIP"
"93805-54-0","ビス（トリブチルスタンニル）＝シリカート","対象物","","","","","","","","","","要確認","","","","","","","","","NITE-CHRIP"
"93819-95-5","モノブチルスズマレイン酸塩","対象物","","","","","","","","","","要確認","","","","","","","","","NITE-CHRIP"
"93820-02-1","炭酸カドミウム","対象物","該当","","","","?","","","","","要確認","","","","","","","","","NITE-CHRIP"
"93821-70-6","Slimes & Sludges, lead-zinc blast furnace, offgas wet cleaning","対象物","","","","","","","","","","要確認","","","","","","","","","NITE-CHRIP"
"93821-72-8","Speiss, lead-zinc","対象物","","","","","","","","","","要確認","","","","","","","","","NITE-CHRIP"
"93841-41-9","［イミノビス（エチレンオキシ）］ビス（トリブチルスタンナン）","対象物","","","","","","","","","","要確認","","","","","","","","","NITE-CHRIP"
"93841-42-0","ジブチル（ビス｛［シクロヘキシル（ニトロソ）アミノ］オキシ｝）スタンナン","対象物","","","","","","","","","","要確認","","","","","","","","","NITE-CHRIP"
"93841-43-1","１，３－ジブチル－１，１，３，３－テトラクロロジスタンノキサン","対象物","","","","","","","","","","要確認","","","","","","","","","NITE-CHRIP"
"93857-17-1","ドデシル［トリス（ドデカノイルオキシ）］スタンナン","対象物","","","","","","","","","","要確認","","","","","","","","","NITE-CHRIP"
"93857-18-2","エチレン＝ビス｛［（５－ドデシル－２，８－ジオキソ－１，９－ジオキサ－４，６－ジチア－５－スタンナシクロウンデカン－５－イル）スルファニル］アセタート｝","対象物","","","","","","","","","","要確認","","","","","","","","","NITE-CHRIP"
"93893-96-0","ジブチル［ビス（イソウンデカノイルオキシ）］スタンナン","対象物","","","","","","","","","","要確認","","","","","","","","","NITE-CHRIP"
"93893-97-1","ジオクチル［ビス（イソウンデカノイルオキシ）］スタンナン","対象物","","","","","","","","","","要確認","","","","","","","","","NITE-CHRIP"
"93893-98-2","トリブチル（イソウンデカノイルオキシ）スタンナン","対象物","","","","","","","","","","要確認","","","","","","","","","NITE-CHRIP"
"93894-08-7","カドミウム＝ビス（４－ノニルフェノラート）","対象物","該当","","","","?","","","","","要確認","","","","","","","","","NITE-CHRIP"
"93894-09-8","カドミウム＝ビス［４－（２，４，４－トリメチルペンタン－２－イル）フェノラート］","対象物","該当","","","","?","","","","","要確認","","","","","","","","","NITE-CHRIP"
"93918-18-4","コバルト（２＋）＝ジネオノナノアート","対象物","","","","","","","","","","要確認","","","","","","","","","NITE-CHRIP"
"93918-30-0","ブチル［トリス（ネオデカノイルオキシ）］スタンナン","対象物","","","","","","","","","","要確認","","","","","","","","","NITE-CHRIP"
"93918-33-3","エチレン＝ビス｛［（５－ブチル－２，８－ジオキソ－１，９－ジオキサ－４，６－ジチア－５－スタンナシクロウンデカン－５－イル）スルファニル］アセタート｝","対象物","","","","","","","","","","要確認","","","","","","","","","NITE-CHRIP"
"93918-35-5","エチレン＝ビス｛［（５－オクチル－２，８－ジオキソ－１，９－ジオキサ－４，６－ジチア－５－スタンナシクロウンデカン－５－イル）スルファニル］アセタート｝","対象物","","","","","","","","","","要確認","","","","","","","","","NITE-CHRIP"
"93925-40-7","ジブチル［ビス（ドデカノイルオキシ）］スタンナンとジエトキシ［ビス（２－メトキシエトキシ）］シランの反応生成物","対象物","","","","","","","","","","要確認","","","","","","","","","NITE-CHRIP"
"93925-41-8","ジブチル［ビス（ドデカノイルオキシ）］スタンナンとジエトキシ［ビス（２－メトキシエトキシ）］シランとテトラキス（２－メトキシエトキシ）シランの反応生成物","対象物","","","","","","","","","","要確認","","","","","","","","","NITE-CHRIP"
"93925-42-9","ビス（アセチルオキシ）（ジブチル）スタンナンとテトラエトキシシランの反応生成物","対象物","","","","該当","","","","","","要確認","","","","","","","","","NITE-CHRIP"
"93925-43-0","ビス（アセチルオキシ）（ジオクチル）スタンナンとテトラエトキシシランの反応生成物","対象物","","","","","","","","","","要確認","","","","","","","","","NITE-CHRIP"
"93925-44-1","ビス（アセチルオキシ）（ジブチル）スタンナンとテトラキス（２－メトキシエトキシ）シランの反応生成物","対象物","","","","","","","","","","要確認","","","","","","","","","NITE-CHRIP"
"93925-45-2","ビス（アセチルオキシ）（ジブチル）スタンナンとテトラプロポキシシランの反応生成物","対象物","","","","","","","","","","要確認","","","","","","","","","NITE-CHRIP"
"93951-17-8","２８，２８－ジブチル－３，６，９，１２，１５，１８，２１，２４，２７－ノナオキサ－２８－スタンナドトリアコンタン－１－オール","対象物","","","","","","","","","","要確認","","","","","","","","","NITE-CHRIP"
"93951-53-2","トリブチル（ノニルフェノキシ）スタンナン","対象物","","","","","","","","","","要確認","","","","","","","","","NITE-CHRIP"
"93964-94-4","三ナトリウム＝ビス（４－｛４－［（２－オキシド－４－ニトロフェニル）ジアゼニル］－３－メチル－５－オキソ－４，５－ジヒドロ－１Ｈ－ピラゾール－４－イド－１－イル｝ベンゼンスルホナト）クロマート（３－）","対象物","","","","","","","","","","要確認","","","","","","","","","NITE-CHRIP"
"93965-21-0","ジオクチル［ビス（イソノナノイルオキシ）］スタンナン","対象物","","","","","","","","","","要確認","","","","","","","","","NITE-CHRIP"
"93965-22-1","トリブチル（イソノナノイルオキシ）スタンナン","対象物","","","","","","","","","","要確認","","","","","","","","","NITE-CHRIP"
"93965-24-3","カドミウム＝ジイソデカノアート","対象物","該当","","","","?","","","","","要確認","","","","","","","","","NITE-CHRIP"
"93965-26-5","ジオクチル［ビス（イソデカノイルオキシ）］スタンナン","対象物","","","","","","","","","","要確認","","","","","","","","","NITE-CHRIP"
"93965-27-6","トリブチル（イソデカノイルオキシ）スタンナン","対象物","","","","","","","","","","要確認","","","","","","","","","NITE-CHRIP"
"93965-30-1","カドミウム＝ジイソウンデカノアート","対象物","該当","","","","?","","","","","要確認","","","","","","","","","NITE-CHRIP"
"93965-34-5","コバルト（２＋）＝ジイソウンデカノアート","対象物","","","","","","","","","","要確認","","","","","","","","","NITE-CHRIP"
"93981-44-3","ブチル［トリス（イソオクタデカノイルオキシ）］スタンナン","対象物","","","","","","","","","","要確認","","","","","","","","","NITE-CHRIP"
"93983-65-4","カドミウム＝ジメチルヘキサノアート","対象物","該当","","","","?","","","","","要確認","","","","","","","","","NITE-CHRIP"
"93983-67-6","コバルト＝ジメチルヘキサノアート","対象物","","","","","","","","","","要確認","","","","","","","","","NITE-CHRIP"
"94022-10-3","Tetraethyltellurium","対象物","","","","","","","","","","要確認","","","","","","","","","NITE-CHRIP"
"94022-47-6","Mercury thallium dinitrate","対象物","","","","","","","","","","要確認","","","","","","","","","NITE-CHRIP"
"94023-65-1","ビス（２－エチルヘキシル）＝２，２’－［（ジブチルスタンナンジイル）ビス（オキシカルボニル）］ジベンゾアート","対象物","","","","","","","","","","要確認","","","","","","","","","NITE-CHRIP"
"94042-69-0","トリブチル［（４－ｔｅｒｔ－ブチルベンゾイル）オキシ］スタンナン","対象物","","","","","","","","","","要確認","","","","","","","","","NITE-CHRIP"
"94086-50-7","コバルト（２＋）＝ジメチルヘキサノアート","対象物","","","","","","","","","","要確認","","","","","","","","","NITE-CHRIP"
"94109-28-1","トリブチル［（１，１，３，３，５，５，７，７，７－ノナエトキシテトラシロキサン－１－イル）オキシ］スタンナン","対象物","","","","","","","","","","要確認","","","","","","","","","NITE-CHRIP"
"94109-31-6","トリブチル［（１，１，３，３，５，５，７，７，７－ノナヒドロキシテトラシロキサニル）オキシ］スタンナン","対象物","","","","","","","","","","要確認","","","","","","","","","NITE-CHRIP"
"94134-56-2","（ジブチルスタンナンジイル）ジオキシビス（トリメトキシシラン）","対象物","","","","","","","","","","要確認","","","","","","","","","NITE-CHRIP"
"94233-08-6","ジアンモニウム＝（ＯＣ－６－２１）－［（エチレンジニトリロ－κ（２）Ｎ，Ｎ’）テトラキス（アセタト－κＯ）］コバルタート（２－）","対象物","","","","","","","","","","要確認","","","","","","","","","NITE-CHRIP"
"94237-39-5","ジブチル［ビス（｛（Ｅ）－３－［（オクタデシルオキシ）カルボニル］アクリロイル｝オキシ）］スタンナン","対象物","","","","","","","","","","要確認","","","","","","","","","NITE-CHRIP"
"94238-21-8","亜硫酸水銀（ＩＩ）","対象物","該当","","","","?","","","","","要確認","","","","","","","","","NITE-CHRIP"
"94246-99-8","Dibutylbis[(1-oxo-tert-decyl)oxy]stannane","対象物","","","","","","","","","","要確認","","","","","","","","","NITE-CHRIP"
"94275-86-2","スズ（４＋）＝テトラメタクリラート","対象物","","","","","","","","","","","","","","","","","","","NITE-CHRIP"
"94276-21-8","水素＝（Ｔ－４）－｛７－アザニジル－κＮ－６－［（４－ニトロ－２－オキシド－κＯ－フェニル）ジアゼニル－κＮ（１）］ナフタレン－１－スルホナト｝（ヒドロキシド）クロマート（１－）","対象物","","","","","","","","","","要確認","","","","","","","","","NITE-CHRIP"
"94276-26-3","水素＝ヒドロキシド｛５－ニトロ－２－オキシド－κＯ－３－［（２－オキシド－κＯ－１－ナフチル）ジアゼニル－κＮ（１）］ベンゼンスルホナト｝クロマート（１－）と２－（メチルアミノ）エタノールの化合物（１：１）","対象物","","","","","","","","","","要確認","","","","","","","","","NITE-CHRIP"
"94276-27-4","２－アミノエタノールと水素＝ヒドロキシド｛５－ニトロ－２－オキシド－κＯ－３－［（２－オキシド－κＯ－１－ナフチル）ジアゼニル－κＮ（１）］ベンゼンスルホナト｝クロマート（１－）の化合物（１：１）","対象物","","","","","","","","","","要確認","","","","","","","","","NITE-CHRIP"
"94277-61-9","２－（ドデシルアミノ）エタノールと水素＝ビス｛１－［（４－ニトロ－２－オキシド－κＯ－フェニル）ジアゼニル－κＮ（１）］ナフタレン－２－オラト－κＯ｝クロマート（１－）の化合物（１：１）","対象物","","","","","","","","","","要確認","","","","","","","","","NITE-CHRIP"
"94277-62-0","三ナトリウム＝ビス｛４－［（２－カルボキシラト－κＯ－フェニル）ジアゼニル－κＮ（２）］－３－メチル－５－オキソ－κＯ－１－（４－スルホナトフェニル）－４，５－ジヒドロ－１Ｈ－ピラゾール－４－イド｝クロマート（３－）","対象物","","","","","","","","","","要確認","","","","","","","","","NITE-CHRIP"
"94277-63-1","２－（ドデシルアミノ）エタノールと水素＝ビス｛１－［（５－クロロ－２－オキシド－κＯ－フェニル）ジアゼニル－κＮ（１）］ナフタレン－２－オラト－κＯ｝クロマート（１－）の化合物（１：１）","対象物","","","","","","","","","","要確認","","","","","","","","","NITE-CHRIP"
"94279-11-5","１，１，３，３－テトラブチル－１，３－ビス（イソオクタデカノイルオキシ）ジスタンノキサン","対象物","","","","","","","","","","要確認","","","","","","","","","NITE-CHRIP"
"94349-25-4","１，１，３，３－テトラブチル－１，３－ビス［（９Ｚ，１２Ｚ，１５Ｚ）－９，１２，１５－オクタデカトリエノイルオキシ］ジスタンノキサン","対象物","","","","","","","","","","要確認","","","","","","","","","NITE-CHRIP"
"94349-26-5","１，１，３，３－テトラブチル－１，３－ビス［（９Ｚ，１２Ｚ）－オクタデカ－９，１２－ジエノイルオキシ］ジスタンノキサン","対象物","","","","","","","","","","要確認","","","","","","","","","NITE-CHRIP"
"94349-27-6","ビス［（９Ｚ，１２Ｚ，１５Ｚ）－オクタデカ－９，１２，１５－トリエノイルオキシ］（ジオクチル）スタンナン","対象物","","","","","","","","","","要確認","","","","","","","","","NITE-CHRIP"
"94442-03-2","ビス［２－（ブトキシカルボニル）エチル］（ビス｛［２－（ステアロイルオキシ）エチル］スルファニル｝）スタンナン","対象物","","","","","","","","","","要確認","","","","","","","","","NITE-CHRIP"
"94487-00-0","２，４’，？－トリクロロビフェニル","対象物","該当","","","","?","","","","","要確認","","","第一種特定","","","","","","NITE-CHRIP"
"94850-90-5","トリフェニルスタンニル＝ウンデカノアート","対象物","","","","","","","","","","要確認","","","","","","","","","NITE-CHRIP"
"94857-33-7","（メタクリロイルオキシ）（トリフェニル）スタンナン・メチル＝メタクリラート・オクチル＝アクリラート重合物","対象物","","","","","","","","","","要確認","","","","","","","","","NITE-CHRIP"
"94891-36-8","ビス（アセチルオキシ）（ジブチル）スタンナンとビス［３－（トリメトキシシリル）プロピル］＝ブタ－２－エンジオアートとトリス（２－エチルヘキサノイルオキシ）（メチル）シランの反応生成物","対象物","","","","","","","","","","要確認","","","","","","","","","NITE-CHRIP"
"95043-55-3","（Ｓ）－２－［（アリルオキシ）メチル］オキシラン","対象物","","","","","","","","","","要確認","","","","","","","","","NITE-CHRIP"
"95043-56-4","（Ｒ）－２－［（アリルオキシ）メチル］オキシラン","対象物","","","","","","","","","","要確認","","","","","","","","","NITE-CHRIP"
"95465-99-9","Ｓ，Ｓ－ジ－ｓｅｃ－ブチル＝Ｏ－エチル＝ホスホロジチオアート","対象物","該当","","","","","","","","","要確認","","","","","","","","","NITE-CHRIP"
"95873-60-2","ジブチル｛ビス［（９Ｚ，１２Ｚ，１５Ｚ）－オクタデカ－９，１２，１５－トリエノイルオキシ］｝スタンナン","対象物","","","","","","","","","","要確認","","","","","","","","","NITE-CHRIP"
"95892-12-9","カドミウム＝ジイソヘキサデカノアート","対象物","該当","","","","?","","","","","要確認","","","","","","","","","NITE-CHRIP"
"96293-54-8","五ナトリウム＝ビス｛１－［４－（｛６－［（２－カルボキシラト－κＯ－フェニル）ジアゼニル－κＮ（１）］－５－オキシド－κＯ－７－スルホナト－２－ナフチル｝アミノ）－６－｛４－［（４－スルホナトフェニル）ジアゼニル］アニリノ｝－１，３，５－トリアジン－２－イル］ピリジン－１－イウム－３－カルボキシラト｝クロマート（５－）","対象物","","","","","","","","","","要確認","","","","","","","","","NITE-CHRIP"
"96407-98-6","（Ｚ，Ｚ）－９，９，１１，１１－テトラブチル－４，７，１３－トリオキソ－３，８，１０，１２－テトラオキサ－９，１１－ジスタンナヘキサデカ－５，１４－ジエン－１６－酸エチル","対象物","","","","","","","","","","要確認","","","","","","","","","NITE-CHRIP"
"96407-99-7","（Ｚ，Ｚ）－９，９，１１，１１－テトラブチル－２－メチル－４，７，１３－トリオキソ－３，８，１０，１２－テトラオキサ－９，１１－ジスタンナヘキサデカ－５，１４－ジエン－１６－酸１－メチルエチル","対象物","","","","","","","","","","要確認","","","","","","","","","NITE-CHRIP"
"96413-15-9","三カリウム＝（ＯＣ－６－１１）－トリス（オキサラト－κＯ，κＯ’）コバルタート（３－）二水和物","対象物","","","","","","","","","","要確認","","","","","","","","","NITE-CHRIP"
"96413-16-0","三カリウム＝（ＯＣ－６－１１－Λ）－トリス（オキサラト－κＯ，κＯ’）コバルタート（３－）二水和物","対象物","","","","","","","","","","要確認","","","","","","","","","NITE-CHRIP"
"96446-11-6","トリブチル（ピマラ－８（１４），１５－ジエン－１８－オイルオキシ）スタンナン","対象物","","","","","","","","","","要確認","","","","","","","","","NITE-CHRIP"
"96489-71-3","２－ｔｅｒｔ－ブチル－５－（４－ｔｅｒｔ－ブチルベンジルチオ）－４－クロロ－３（２Ｈ）－ピリダジノン","対象物","","","","","","","","","","要確認","","","","","","","","","NITE-CHRIP"
"96491-05-3","２－クロロ－Ｎ－（３－メトキシ－２－チエニル）－２’，６’－ジメチルアセトアニリド","対象物","該当","","","","","","","","","","","","","","","","","","NITE-CHRIP"
"96521-04-9","（９Ｚ，２３Ｚ，３７Ｚ）－２０，２０，２７，２７－テトラブチル－１８，２２，２５，２９－テトラオキソ－１９，２１，２６，２８－テトラオキサ－２０，２７－ジスタンナヘキサテトラコンタ－９，２３，３７－トリエン","対象物","","","","","","","","","","要確認","","","","","","","","","NITE-CHRIP"
"96551-70-1","２，３，４，４’，５－ペンタブロモビフェニル","対象物","","","","","","","","","","","","","","","","","","","NITE-CHRIP"
"96690-45-8","Resin acids and Rosin acids, reaction products with hexabutyldistannoxane","対象物","","","","","","","","","","要確認","","","","","","","","","NITE-CHRIP"
"97038-95-4","２，２’，４，６’－テトラブロモビフェニル","対象物","","","","","","","","","","","","","","","","","","","NITE-CHRIP"
"97038-96-5","２，２’，６，６’－テトラブロモビフェニル","対象物","","","","","","","","","","","","","","","","","","","NITE-CHRIP"
"97038-97-6","２，２’，４，４’，６－ペンタブロモビフェニル","対象物","","","","","","","","","","","","","","","","","","","NITE-CHRIP"
"97038-98-7","３，３’，４，５’－テトラブロモビフェニル","対象物","","","","","","","","","","","","","","","","","","","NITE-CHRIP"
"97038-99-8","２，３，３’，４－テトラブロモビフェニル","対象物","","","","","","","","","","","","","","","","","","","NITE-CHRIP"
"97043-91-9","エトキシ化アルコール（Ｃ＝９～１６）","対象物","","","","","","","","","","要確認","","","","","","","","","NITE-CHRIP"
"97063-75-7","２，２’，４，６，６’－ペンタブロモビフェニル","対象物","","","","","","","","","","","","","","","","","","","NITE-CHRIP"
"97102-86-8","ジブチル（オキソ）スタンナンとイソオクチル＝スルファニルアセタートと２－スルファニルプロパン酸の反応生成物","対象物","","","","","","","","","","要確認","","","","","","","","","NITE-CHRIP"
"97122-18-4","２，３，？’（又は３，４，？’）－トリクロロビフェニル","対象物","該当","","","","?","","","","","要確認","","","第一種特定","","","","","","NITE-CHRIP"
"97122-20-8","２，４，？’（２，６，？’又は３，５，？’）－トリクロロビフェニル","対象物","該当","","","","?","","","","","要確認","","","第一種特定","","","","","","NITE-CHRIP"
"97158-56-0","七ナトリウム＝ビス｛１－［４－｛３－アセトアミド－４－［（４，８－ジスルホナト－２－ナフチル）ジアゼニル］アニリノ｝－６－（｛６－［（２－カルボキシラト－κＯ－フェニル）ジアゼニル－κＮ（１）］－５－オキシド－κＯ－７－スルホナト－２－ナフチル｝アミノ）－１，３，５－トリアジン－２－イル］ピリジン－１－イウム－３－カルボキシラト｝クロマート（７－）","対象物","","","","","","","","","","要確認","","","","","","","","","NITE-CHRIP"
"97240-79-4","２，３：４，５－ジ－Ｏ－イソプロピリデン－１－Ｏ－スルファモイル－β－Ｄ－フルクトピラノース","対象物","","","","","","","","","","","","","","","","","","","NITE-CHRIP"
"97259-82-0","カドミウム＝ビス（イソブチル＝マレアート）","対象物","該当","","","","?","","","","","要確認","","","","","","","","","NITE-CHRIP"
"97259-90-0","２，２－ジブチル－４，６，８－トリメチル－１，３，６，２－ジオキサザスタンノカン","対象物","","","","","","","","","","要確認","","","","","","","","","NITE-CHRIP"
"97280-80-3","ジブチル（オキソ）スタンナンと（マレイン酸のイソデシルとドデシルとテトラデシル混合モノエステル）の反応生成物","対象物","","","","","","","","","","要確認","","","","","","","","","NITE-CHRIP"
"97330-34-2","酸化ベリリウム","対象物","該当","","","","?","","","","","要確認","","","","","","","","","NITE-CHRIP"
"97392-78-4","ビス（ｔｅｒｔ－デカノイルオキシ）（ジオクチル）スタンナン","対象物","","","","","","","","","","要確認","","","","","","","","","NITE-CHRIP"
"97485-46-6","スズ（２＋）＝ジイソオクタノアート","対象物","","","","","","","","","","","","","","","","","","","NITE-CHRIP"
"97593-00-5","アルケン（Ｃ＝７～９、Ｃ＝８を高含有、分枝型）","対象物","","","","","","","","","","要確認","","","","","","","","","NITE-CHRIP"
"97730-66-0","硫酸マンガン","対象物","該当","","","","?","","","","","要確認","","","","","","","","","NITE-CHRIP"
"97886-45-8","3,5-Pyridinedicarbothioic acid, 2-(difluoromethyl)-4-(2-methylpropyl)-6-(trifluoromethyl)-, 3,5-dimethyl ester","対象物","","","","","","","","","","要確認","","","","","","","","","NITE-CHRIP"
"97922-83-3","（テレフタロイルジオキシ）ビス［トリフェニルスズ］","対象物","","","","","","","","","","要確認","","","","","","","","","NITE-CHRIP"
"98358-14-6","ブチル＝アクリラート・２－エチルヘキシル＝アクリラート・トリブチル（メタクリロイルオキシ）スタンナン重合物","対象物","","","","","","","","","","要確認","","","","","","","","","NITE-CHRIP"
"98886-44-3","Ｓ－ｓｅｃ－ブチル＝Ｏ－エチル＝（２－オキソ－１，３－チアゾリジン－３－イル）ホスホノチオアート","対象物","該当","","","","","","","","","要確認","","","","","","","","","NITE-CHRIP"
"99485-76-4","１－（２－クロロベンジル）－３－（２－フェニルプロパン－２－イル）尿素","対象物","","","","","","","","","","要確認","","","","","","","","","NITE-CHRIP"
"99554-08-2","（±）－２，２’，３，４，６－ペンタクロロビフェニル","対象物","該当","","","","?","","","","","要確認","","","第一種特定","","","","","","NITE-CHRIP"
"99554-09-3","（±）－２，２’，３，４，４’，６－ヘキサクロロビフェニル","対象物","該当","","","","?","","","","","要確認","","","第一種特定","","","","","","NITE-CHRIP"
"99554-10-6","（＋）－２，２’，３，４，６－ペンタクロロビフェニル","対象物","該当","","","","?","","","","","要確認","","","第一種特定","","","","","","NITE-CHRIP"
"99554-11-7","（－）－２，２’，３，４，６－ペンタクロロビフェニル","対象物","該当","","","","?","","","","","要確認","","","第一種特定","","","","","","NITE-CHRIP"
"99554-12-8","（＋）－２，２’，３，４，４’，６－ヘキサクロロビフェニル","対象物","該当","","","","?","","","","","要確認","","","第一種特定","","","","","","NITE-CHRIP"
"99554-13-9","（－）－２，２’，３，４，４’，６－ヘキサクロロビフェニル","対象物","該当","","","","?","","","","","要確認","","","第一種特定","","","","","","NITE-CHRIP"
"99963-78-7","ジ－ｎ－オクチルスズサルファイド重合物","対象物","","","","","","","","","","要確認","","","","","","","","","NITE-CHRIP"
"100656-53-9","Matte, copper-lead, tellurium-contg.","対象物","","","","","","","","","","要確認","","","","","","","","","NITE-CHRIP"
"100784-20-1","メチル＝３－クロロ－５－（４，６－ジメトキシ－２－ピリミジニルカルバモイルスルファモイル）－１－メチルピラゾール－４－カルボキシラート","対象物","","","","","","","","","","要確認","","","","","","","","","NITE-CHRIP"
"100835-88-9","トリブチル（ブチルフェノキシ）スタンナン","対象物","","","","","","","","","","要確認","","","","","","","","","NITE-CHRIP"
"101012-88-8","ジブチル（オキソ）スタンナンとイソオクチル＝水素＝ブタ－２－エンジオアートの反応生成物","対象物","","","","","","","","","","要確認","","","","","","","","","NITE-CHRIP"
"101463-69-8","Ｎ－（｛４－［２－クロロ－４－（トリフルオロメチル）フェノキシ］－２－フルオロフェニル｝カルバモイル）－２，６－ジフルオロベンズアミド","対象物","","","","","","","","","","要確認","","","","","","","","","NITE-CHRIP"
"101607-36-7","七ナトリウム＝ビス｛３－［（２－アセトアミド－４－｛［４－（｛６－［（２－カルボキシラト－κＯ－フェニル）ジアゼニル－κＮ（２）］－５－オキシド－κＯ－７－スルホナト－２－ナフチル｝アミノ）－６－クロロ－１，３，５－トリアジン－２－イル］アミノ｝フェニル）ジアゼニル］ナフタレン－１，５－ジスルホナト｝クロマート（７－）","対象物","","","","","","","","","","要確認","","","","","","","","","NITE-CHRIP"
"102250-64-6","ジヒドロ－２，２－ジオクチル－６Ｈ－１，３，２－オキサチアスタンニン－６－オン重合物","対象物","","","","","","","","","","要確認","","","","","","","","","NITE-CHRIP"
"102667-32-3","４－ヒドロキシ－２，２－ジオクチル－１，３，２，４－ジオキサスタンナボレタン","対象物","","","","","","","","","","要確認","","","","","","","","","NITE-CHRIP"
"102851-06-9","α－シアノ－３－フェノキシベンジル＝Ｎ－（２－クロロ－α，α，α－トリフルオロ－ｐ－トリル）－Ｄ－バリナート","対象物","該当","","","","","","","","","要確認","","","","","","","","","NITE-CHRIP"
"103055-07-8","１－［２，５－ジクロロ－４－（１，１，２，３，３，３－ヘキサフルオロプロポキシ）フェニル］－３－（２，６－ジフルオロベンゾイル）尿素","対象物","該当","","","","","","","","","要確認","","","","","","","","","NITE-CHRIP"
"103287-47-4","ホウ化マンガン","対象物","該当","","","","?","","","","","要確認","","","","","","","","","NITE-CHRIP"
"104276-82-6","Tellurium, tetrakis[N,N-bis(2-methylpropyl)carbamodithioato-.kappa.S,.kappa.S']-","対象物","","","","","","","","","","要確認","","","","","","","","","NITE-CHRIP"
"104316-82-7","二クロム酸とニコチン酸の化合物（１：２）","対象物","該当","","","","?","","","","","要確認","","","","","","","","","NITE-CHRIP"
"104316-83-8","二クロム酸とイソニコチン酸の化合物（１：２）","対象物","該当","","","","?","","","","","要確認","","","","","","","","","NITE-CHRIP"
"104359-06-0","（チオキソメトキシ）スズ","対象物","","","","","","","","","","","","","","","","","","","NITE-CHRIP"
"104663-57-2","リン酸マンガン","対象物","該当","","","","?","","","","","要確認","","","","","","","","","NITE-CHRIP"
"105024-66-6","（４－エトキシフェニル）［３－（４－フルオロ－３－フェノキシフェニル）プロピル］（ジメチル）シラン","対象物","","","","","","","","","","要確認","","","","","","","","","NITE-CHRIP"
"105034-60-4","四ヨウ化カドミウムアンモニウム","対象物","該当","","","","?","","","","","要確認","","","","","","","","","NITE-CHRIP"
"105735-71-5","３，７－ジニトロフルオランテン","対象物","","","","","","","","","","","","","","","","","","","NITE-CHRIP"
"105779-78-0","５－クロロ－Ｎ－｛２－［４－（２－エトキシエチル）－２，３－ジメチルフェノキシ］エチル｝－６－エチルピリミジン－４－アミン","対象物","該当","","","","","","","","","","","","","","","","","","NITE-CHRIP"
"105827-78-9","（Ｅ）－１－［（６－クロロ－３－ピリジル）メチル］－Ｎ－ニトロイミダゾリジン－２－イミン","対象物","","","","","","","","","","","","","","","","","","","NITE-CHRIP"
"105943-94-0","三硫化四水素","対象物","該当","","","","?","","","","","","","","","","","","","","NITE-CHRIP"
"105943-95-1","五硫化四水素","対象物","該当","","","","?","","","","","","","","","","","","","","NITE-CHRIP"
"106097-60-3","ガリウムヒ素リン","対象物","該当","","","","?","","","","","要確認","","","","","","","","","NITE-CHRIP"
"106097-61-4","ガリウムヒ素リン","対象物","該当","","","","?","","","","","要確認","","","","","","","","","NITE-CHRIP"
"106097-62-5","ガリウムヒ素リン","対象物","該当","","","","?","","","","","要確認","","","","","","","","","NITE-CHRIP"
"106097-63-6","ガリウムヒ素リン","対象物","該当","","","","?","","","","","要確認","","","","","","","","","NITE-CHRIP"
"106178-37-4","１－ヒドロキシ－１－プロパンスルホン酸スズ（ＩＩ）","対象物","","","","","","","","","","","","","","","","","","","NITE-CHRIP"
"106232-83-1","エトキシ化アルコール（Ｃ＝１２～１５、直鎖型及び分枝型）","対象物","","","","","","","","","","要確認","","","","","","","","","NITE-CHRIP"
"106340-73-2","三ニッケル（２＋）＝二ナトリウム＝テトラキス［（２Ｒ，３Ｒ）－タルトラート］","対象物","該当","","","","?","","","","","要確認","","","","","","","","","NITE-CHRIP"
"106340-74-3","二ニッケル（２＋）＝二ナトリウム＝トリス［（２Ｒ，３Ｒ）－タルトラート］","対象物","該当","","","","?","","","","","要確認","","","","","","","","","NITE-CHRIP"
"106340-75-4","三ニッケル（２＋）＝八ナトリウム＝ヘプタキス［（２Ｒ，３Ｒ）－タルトラート］","対象物","該当","","","","?","","","","","要確認","","","","","","","","","NITE-CHRIP"
"106471-97-0","酸化二マンガン","対象物","該当","","","","?","","","","","要確認","","","","","","","","","NITE-CHRIP"
"106494-95-5","モリブデン酸亜鉛","対象物","","","","","","","","","","要確認","","","","","","","","","NITE-CHRIP"
"106495-95-8","ガリウムヒ素リン","対象物","該当","","","","?","","","","","要確認","","","","","","","","","NITE-CHRIP"
"106603-77-4","リン酸酸化ジルコニウム　四水和物（Ｚｒ４Ｏ５（ＰＯ３）６）","対象物","","","","","","","","","","","","","","","","","","","NITE-CHRIP"
"106604-55-1","ガリウムヒ素リン","対象物","該当","","","","?","","","","","要確認","","","","","","","","","NITE-CHRIP"
"106699-17-6","ガリウムヒ素リン","対象物","該当","","","","?","","","","","要確認","","","","","","","","","NITE-CHRIP"
"106699-36-9","硫化コバルト","対象物","該当","","","","?","","","","","要確認","","","","","","","","","NITE-CHRIP"
"106804-39-1","ガリウムヒ素リン","対象物","該当","","","","?","","","","","要確認","","","","","","","","","NITE-CHRIP"
"106804-40-4","ガリウムヒ素リン","対象物","該当","","","","?","","","","","要確認","","","","","","","","","NITE-CHRIP"
"106829-59-8","十三酸化七マンガン","対象物","該当","","","","?","","","","","要確認","","","","","","","","","NITE-CHRIP"
"106829-60-1","十六酸化九マンガン","対象物","該当","","","","?","","","","","要確認","","","","","","","","","NITE-CHRIP"
"106917-52-6","２’，４－ジクロロ－α，α，α－トリフルオロ－４’－ニトロ－ｍ－トルエンスルホンアニリド","対象物","該当","","","","","","","","","要確認","","","","","","","","","NITE-CHRIP"
"106957-86-2","ガリウムヒ素リン","対象物","該当","","","","?","","","","","要確認","","","","","","","","","NITE-CHRIP"
"107067-98-1","ガリウムヒ素リン","対象物","該当","","","","?","","","","","要確認","","","","","","","","","NITE-CHRIP"
"107067-99-2","ガリウムヒ素リン","対象物","該当","","","","?","","","","","要確認","","","","","","","","","NITE-CHRIP"
"107068-33-7","ジルコン酸カルシウム","対象物","","","","","","","","","","","","","","","","","","","NITE-CHRIP"
"107069-18-1","ジルコン酸マグネシウム","対象物","","","","","","","","","","","","","","","","","","","NITE-CHRIP"
"107069-19-2","ジルコン酸マグネシウム","対象物","","","","","","","","","","","","","","","","","","","NITE-CHRIP"
"107103-01-5","ガリウムヒ素リン","対象物","該当","","","","?","","","","","要確認","","","","","","","","","NITE-CHRIP"
"107251-05-8","炭化ケイ素","対象物","","","","","","","","","","要確認","","","","","","","","","NITE-CHRIP"
"107251-06-9","炭化ケイ素","対象物","","","","","","","","","","要確認","","","","","","","","","NITE-CHRIP"
"107251-07-0","炭化ケイ素","対象物","","","","","","","","","","要確認","","","","","","","","","NITE-CHRIP"
"107251-08-1","炭化ケイ素","対象物","","","","","","","","","","要確認","","","","","","","","","NITE-CHRIP"
"107251-10-5","炭化ケイ素","対象物","","","","","","","","","","要確認","","","","","","","","","NITE-CHRIP"
"107251-11-6","炭化ケイ素","対象物","","","","","","","","","","要確認","","","","","","","","","NITE-CHRIP"
"107251-12-7","炭化ケイ素","対象物","","","","","","","","","","要確認","","","","","","","","","NITE-CHRIP"
"107251-13-8","炭化ケイ素","対象物","","","","","","","","","","要確認","","","","","","","","","NITE-CHRIP"
"107251-14-9","炭化ケイ素","対象物","","","","","","","","","","要確認","","","","","","","","","NITE-CHRIP"
"107251-67-2","ガリウムヒ素リン","対象物","該当","","","","?","","","","","要確認","","","","","","","","","NITE-CHRIP"
"107251-68-3","ガリウムヒ素リン","対象物","該当","","","","?","","","","","要確認","","","","","","","","","NITE-CHRIP"
"107284-03-7","炭化ケイ素","対象物","","","","","","","","","","要確認","","","","","","","","","NITE-CHRIP"
"107284-04-8","炭化ケイ素","対象物","","","","","","","","","","要確認","","","","","","","","","NITE-CHRIP"
"107284-05-9","炭化ケイ素","対象物","","","","","","","","","","要確認","","","","","","","","","NITE-CHRIP"
"107284-23-1","ガリウムヒ素リン","対象物","該当","","","","?","","","","","要確認","","","","","","","","","NITE-CHRIP"
"107372-45-2","酸化ニッケル（ＮｉＯ１．４）","対象物","該当","","","","?","","","","","要確認","","","","","","","","","NITE-CHRIP"
"107477-77-0","ガリウムヒ素リン","対象物","該当","","","","?","","","","","要確認","","","","","","","","","NITE-CHRIP"
"107498-96-4","ガリウムヒ素リン","対象物","該当","","","","?","","","","","要確認","","","","","","","","","NITE-CHRIP"
"107534-96-3","１－（４－クロロフェニル）－４，４－ジメチル－３－（１Ｈ－１，２，４－トリアゾール－１－イルメチル）ペンタン－３－オール","対象物","","","","","","","","","","要確認","","","","","","","","","NITE-CHRIP"
"107539-20-8","酸化バリウム銅イットリウム","対象物","","","","","","","","","","","","","","","","","","","NITE-CHRIP"
"107566-50-7","炭化ケイ素","対象物","","","","","","","","","","要確認","","","","","","","","","NITE-CHRIP"
"107592-59-6","酸化コバルト","対象物","該当","","","","?","","","","","要確認","","","","","","","","","NITE-CHRIP"
"107598-50-5","酸化コバルト","対象物","該当","","","","?","","","","","要確認","","","","","","","","","NITE-CHRIP"
"107630-45-5","硫酸コバルト","対象物","該当","","","","?","","","","","要確認","","","","","","","","","NITE-CHRIP"
"107762-95-8","ガリウムヒ素リン","対象物","該当","","","","?","","","","","要確認","","","","","","","","","NITE-CHRIP"
"107763-71-3","酸化鉄","対象物","","","","","","","","","","","","","","","","","","","NITE-CHRIP"
"107763-72-4","酸化鉄","対象物","","","","","","","","","","","","","","","","","","","NITE-CHRIP"
"107763-73-5","酸化鉄","対象物","","","","","","","","","","","","","","","","","","","NITE-CHRIP"
"107763-74-6","酸化鉄","対象物","","","","","","","","","","","","","","","","","","","NITE-CHRIP"
"107793-14-6","ガリウムヒ素リン","対象物","該当","","","","?","","","","","要確認","","","","","","","","","NITE-CHRIP"
"107793-15-7","ガリウムヒ素リン","対象物","該当","","","","?","","","","","要確認","","","","","","","","","NITE-CHRIP"
"107793-16-8","ガリウムヒ素リン","対象物","該当","","","","?","","","","","要確認","","","","","","","","","NITE-CHRIP"
"107827-45-2","酸化鉄","対象物","","","","","","","","","","","","","","","","","","","NITE-CHRIP"
"107992-37-0","炭化ケイ素","対象物","","","","","","","","","","要確認","","","","","","","","","NITE-CHRIP"
"107992-66-5","ガリウムヒ素リン","対象物","該当","","","","?","","","","","要確認","","","","","","","","","NITE-CHRIP"
"108145-39-7","２，２’，３，４，４’，５（又は２，２’，３，４，４’，５’）－ヘキサクロロビフェニル","対象物","該当","","","","?","","","","","要確認","","","第一種特定","","","","","","NITE-CHRIP"
"108189-00-0","エチル＝アクリラート・オクチル＝アクリラート・トリブチルスタンニル＝メタクリラート重合物","対象物","","","","","","","","","","要確認","","","","","","","","","NITE-CHRIP"
"108398-81-8","炭化ケイ素","対象物","","","","","","","","","","要確認","","","","","","","","","NITE-CHRIP"
"108423-57-0","酸化鉄","対象物","","","","","","","","","","","","","","","","","","","NITE-CHRIP"
"108423-58-1","酸化鉄","対象物","","","","","","","","","","","","","","","","","","","NITE-CHRIP"
"108423-59-2","酸化鉄","対象物","","","","","","","","","","","","","","","","","","","NITE-CHRIP"
"108423-60-5","酸化鉄","対象物","","","","","","","","","","","","","","","","","","","NITE-CHRIP"
"108424-60-8","ガリウムヒ素リン","対象物","該当","","","","?","","","","","要確認","","","","","","","","","NITE-CHRIP"
"108424-61-9","ガリウムヒ素リン","対象物","該当","","","","?","","","","","要確認","","","","","","","","","NITE-CHRIP"
"108599-78-6","酸化四ニッケル","対象物","該当","","","","?","","","","","要確認","","","","","","","","","NITE-CHRIP"
"108599-79-7","酸化五ニッケル","対象物","該当","","","","?","","","","","要確認","","","","","","","","","NITE-CHRIP"
"108600-27-7","ガリウムヒ素リン","対象物","該当","","","","?","","","","","要確認","","","","","","","","","NITE-CHRIP"
"108821-37-0","炭化ケイ素","対象物","","","","","","","","","","要確認","","","","","","","","","NITE-CHRIP"
"108821-38-1","炭化ケイ素","対象物","","","","","","","","","","要確認","","","","","","","","","NITE-CHRIP"
"108821-70-1","ガリウムヒ素リン","対象物","該当","","","","?","","","","","要確認","","","","","","","","","NITE-CHRIP"
"108821-71-2","ガリウムヒ素リン","対象物","該当","","","","?","","","","","要確認","","","","","","","","","NITE-CHRIP"
"108821-72-3","ガリウムヒ素リン","対象物","該当","","","","?","","","","","要確認","","","","","","","","","NITE-CHRIP"
"108821-73-4","ガリウムヒ素リン","対象物","該当","","","","?","","","","","要確認","","","","","","","","","NITE-CHRIP"
"108821-74-5","ガリウムヒ素リン","対象物","該当","","","","?","","","","","要確認","","","","","","","","","NITE-CHRIP"
"108821-75-6","ガリウムヒ素リン","対象物","該当","","","","?","","","","","要確認","","","","","","","","","NITE-CHRIP"
"108855-43-2","ガリウムヒ素リン","対象物","該当","","","","?","","","","","要確認","","","","","","","","","NITE-CHRIP"
"108915-42-0","ガリウムヒ素リン","対象物","該当","","","","?","","","","","要確認","","","","","","","","","NITE-CHRIP"
"108915-49-7","ジルコン酸マグネシウム","対象物","","","","","","","","","","","","","","","","","","","NITE-CHRIP"
"108916-32-1","酸化ジルコニウム（ＺｒＯ１．５６－２）","対象物","","","","","","","","","","","","","","","","","","","NITE-CHRIP"
"109054-07-1","ビス（ベンゾイルオキシ）ビス（１，１－ジメチルエチル）スズ","対象物","","","","","","","","","","要確認","","","","","","","","","NITE-CHRIP"
"109166-26-9","炭化ケイ素","対象物","","","","","","","","","","要確認","","","","","","","","","NITE-CHRIP"
"109166-27-0","炭化ケイ素","対象物","","","","","","","","","","要確認","","","","","","","","","NITE-CHRIP"
"109166-28-1","炭化ケイ素","対象物","","","","","","","","","","要確認","","","","","","","","","NITE-CHRIP"
"109166-29-2","炭化ケイ素","対象物","","","","","","","","","","要確認","","","","","","","","","NITE-CHRIP"
"109166-30-5","炭化ケイ素","対象物","","","","","","","","","","要確認","","","","","","","","","NITE-CHRIP"
"109166-31-6","炭化ケイ素","対象物","","","","","","","","","","要確認","","","","","","","","","NITE-CHRIP"
"109166-32-7","炭化ケイ素","対象物","","","","","","","","","","要確認","","","","","","","","","NITE-CHRIP"
"109166-33-8","炭化ケイ素","対象物","","","","","","","","","","要確認","","","","","","","","","NITE-CHRIP"
"109166-34-9","炭化ケイ素","対象物","","","","","","","","","","要確認","","","","","","","","","NITE-CHRIP"
"109166-35-0","炭化ケイ素","対象物","","","","","","","","","","要確認","","","","","","","","","NITE-CHRIP"
"109166-36-1","炭化ケイ素","対象物","","","","","","","","","","要確認","","","","","","","","","NITE-CHRIP"
"109166-37-2","炭化ケイ素","対象物","","","","","","","","","","要確認","","","","","","","","","NITE-CHRIP"
"109201-26-5","二クロム酸とイミダゾールの化合物（１：２）","対象物","該当","","","","?","","","","","要確認","","","","","","","","","NITE-CHRIP"
"109225-23-2","クロム酸銅","対象物","該当","","","","?","","","","","要確認","","","","","","","","","NITE-CHRIP"
"109298-02-4","ブチル＝アクリラート・エチル＝アクリラート・トリブチルスタンニル＝メタクリラート重合物","対象物","","","","","","","","","","要確認","","","","","","","","","NITE-CHRIP"
"109302-18-3","炭化ケイ素","対象物","","","","","","","","","","要確認","","","","","","","","","NITE-CHRIP"
"109302-19-4","炭化ケイ素","対象物","","","","","","","","","","要確認","","","","","","","","","NITE-CHRIP"
"109302-20-7","炭化ケイ素","対象物","","","","","","","","","","要確認","","","","","","","","","NITE-CHRIP"
"109302-21-8","炭化ケイ素","対象物","","","","","","","","","","要確認","","","","","","","","","NITE-CHRIP"
"109328-45-2","（Ｒ）－２，２’，３，３’，４，４’，６，６’－オクタクロロビフェニル","対象物","該当","","","","?","","","","","要確認","","","第一種特定","","","","","","NITE-CHRIP"
"109328-46-3","（Ｓ）－２，２’，３，３’，４，４’，６，６’－オクタクロロビフェニル","対象物","該当","","","","?","","","","","要確認","","","第一種特定","","","","","","NITE-CHRIP"
"109657-68-3","クロム酸亜鉛","対象物","該当","","","","?","","","","","要確認","","","","","","","","","NITE-CHRIP"
"109657-69-4","クロム酸亜鉛","対象物","該当","","","","?","","","","","要確認","","","","","","","","","NITE-CHRIP"
"109657-77-4","酸化ハフニウム","対象物","","","","","","","","","","","","","","","","","","","NITE-CHRIP"
"109657-88-7","酸化ジルコニウム（ＺｒＯ０．５－１．９）","対象物","","","","","","","","","","","","","","","","","","","NITE-CHRIP"
"109708-05-6","硝酸マンガン","対象物","該当","","","該当","?","","","","","要確認","","","","","","","","","NITE-CHRIP"
"109780-54-3","ジルコン酸カルシウム","対象物","","","","","","","","","","","","","","","","","","","NITE-CHRIP"
"109780-55-4","ジルコン酸ストロンチウム","対象物","","","","","","","","","","","","","","","","","","","NITE-CHRIP"
"110143-13-0","（Ｓ）－２，４－ジメチルヘプタン","対象物","","","","","","","","","","","","","","","","","","","NITE-CHRIP"
"110143-14-1","（Ｓ）－４－メチルオクタン","対象物","","","","","","","","","","","","","","","","","","","NITE-CHRIP"
"110157-82-9","ジルコン酸マグネシウム","対象物","","","","","","","","","","","","","","","","","","","NITE-CHRIP"
"110488-70-5","３－（４－クロロフェニル）－３－（３，４－ジメトキシフェニル）－１－モルホリノプロパ－２－エン－１－オン","対象物","","","","","","","","","","要確認","","","","","","","","","NITE-CHRIP"
"110586-22-6","ペンチル＝アクリラート・トリブチルスタンニル＝メタクリラート重合物","対象物","","","","","","","","","","要確認","","","","","","","","","NITE-CHRIP"
"110586-23-7","２－エチルヘキシル＝アクリラート・トリブチル（メタクリロイルオキシ）スタンナン重合物","対象物","","","","","","","","","","要確認","","","","","","","","","NITE-CHRIP"
"110602-77-2","ガリウムヒ素リン","対象物","該当","","","","?","","","","","要確認","","","","","","","","","NITE-CHRIP"
"110603-58-2","ガリウムヒ素リン","対象物","該当","","","","?","","","","","要確認","","","","","","","","","NITE-CHRIP"
"110603-60-6","ガリウムヒ素リン","対象物","該当","","","","?","","","","","要確認","","","","","","","","","NITE-CHRIP"
"110620-82-1","ジルコン酸カルシウム","対象物","","","","","","","","","","","","","","","","","","","NITE-CHRIP"
"110620-83-2","ジルコン酸カルシウム","対象物","","","","","","","","","","","","","","","","","","","NITE-CHRIP"
"110620-84-3","ジルコン酸カルシウム","対象物","","","","","","","","","","","","","","","","","","","NITE-CHRIP"
"110620-85-4","ジルコン酸カルシウム","対象物","","","","","","","","","","","","","","","","","","","NITE-CHRIP"
"110620-86-5","ジルコン酸カルシウム","対象物","","","","","","","","","","","","","","","","","","","NITE-CHRIP"
"110620-87-6","ジルコン酸カルシウム","対象物","","","","","","","","","","","","","","","","","","","NITE-CHRIP"
"110620-88-7","ジルコン酸カルシウム","対象物","","","","","","","","","","","","","","","","","","","NITE-CHRIP"
"110640-34-1","酸化鉄","対象物","","","","","","","","","","","","","","","","","","","NITE-CHRIP"
"110640-35-2","酸化鉄","対象物","","","","","","","","","","","","","","","","","","","NITE-CHRIP"
"110640-36-3","酸化鉄","対象物","","","","","","","","","","","","","","","","","","","NITE-CHRIP"
"110641-82-2","ジルコン酸ストロンチウム","対象物","","","","","","","","","","","","","","","","","","","NITE-CHRIP"
"110642-06-3","酸化鉄","対象物","","","","","","","","","","","","","","","","","","","NITE-CHRIP"
"110667-09-9","酸化鉄","対象物","","","","","","","","","","","","","","","","","","","NITE-CHRIP"
"110686-21-0","酸化鉄","対象物","","","","","","","","","","","","","","","","","","","NITE-CHRIP"
"110686-87-8","炭化ケイ素","対象物","","","","","","","","","","要確認","","","","","","","","","NITE-CHRIP"
"110686-88-9","炭化ケイ素","対象物","","","","","","","","","","要確認","","","","","","","","","NITE-CHRIP"
"110686-89-0","炭化ケイ素","対象物","","","","","","","","","","要確認","","","","","","","","","NITE-CHRIP"
"110686-95-8","炭化ケイ素","対象物","","","","","","","","","","要確認","","","","","","","","","NITE-CHRIP"
"110687-05-3","炭化ケイ素","対象物","","","","","","","","","","要確認","","","","","","","","","NITE-CHRIP"
"110687-19-9","炭化ケイ素","対象物","","","","","","","","","","要確認","","","","","","","","","NITE-CHRIP"
"110687-20-2","炭化ケイ素","対象物","","","","","","","","","","要確認","","","","","","","","","NITE-CHRIP"
"110687-21-3","炭化ケイ素","対象物","","","","","","","","","","要確認","","","","","","","","","NITE-CHRIP"
"110687-22-4","炭化ケイ素","対象物","","","","","","","","","","要確認","","","","","","","","","NITE-CHRIP"
"110687-32-6","ジルコン酸ビスマス","対象物","","","","","","","","","","","","","","","","","","","NITE-CHRIP"
"110687-64-4","ガリウムヒ素リン","対象物","該当","","","","?","","","","","要確認","","","","","","","","","NITE-CHRIP"
"110710-27-5","炭化ケイ素","対象物","","","","","","","","","","要確認","","","","","","","","","NITE-CHRIP"
"110739-64-5","二十七酸化十六マンガン","対象物","該当","","","","?","","","","","要確認","","","","","","","","","NITE-CHRIP"
"110758-12-8","酸化鉄","対象物","","","","","","","","","","","","","","","","","","","NITE-CHRIP"
"110758-15-1","酸化鉄","対象物","","","","","","","","","","","","","","","","","","","NITE-CHRIP"
"110759-26-7","炭化ケイ素","対象物","","","","","","","","","","要確認","","","","","","","","","NITE-CHRIP"
"110759-28-9","酸化マンガン（ＭｎＯ１．７）","対象物","該当","","","","?","","","","","要確認","","","","","","","","","NITE-CHRIP"
"110759-29-0","酸化マンガン（ＭｎＯ１．９）","対象物","該当","","","","?","","","","","要確認","","","","","","","","","NITE-CHRIP"
"110779-67-4","ジルコン酸マグネシウム","対象物","","","","","","","","","","","","","","","","","","","NITE-CHRIP"
"110781-06-1","ガリウムヒ素リン","対象物","該当","","","","?","","","","","要確認","","","","","","","","","NITE-CHRIP"
"110781-07-2","ガリウムヒ素リン","対象物","該当","","","","?","","","","","要確認","","","","","","","","","NITE-CHRIP"
"110781-08-3","ガリウムヒ素リン","対象物","該当","","","","?","","","","","要確認","","","","","","","","","NITE-CHRIP"
"110832-28-5","ガリウムヒ素リン","対象物","該当","","","","?","","","","","要確認","","","","","","","","","NITE-CHRIP"
"110956-75-7","2,4-Oxazolidinedione, 3-[4-chloro-5-(cyclopentyloxy)-2-fluorophenyl]-5-(1-methylethylidene)-","対象物","該当","","","","","","","","","要確認","","","","","","","","","NITE-CHRIP"
"111021-35-3","酸化マンガン（ＭｎＯ１．５－２）","対象物","該当","","","","?","","","","","要確認","","","","","","","","","NITE-CHRIP"
"111108-89-5","トリシクロヘキシル｛［（ジメチルアミノ）チオキソメチル］スルファニル｝スタンナン","対象物","","","","","","","","","","要確認","","","","","","","","","NITE-CHRIP"
"111146-87-3","ジルコン酸マグネシウム","対象物","","","","","","","","","","","","","","","","","","","NITE-CHRIP"
"111242-43-4","炭化ケイ素","対象物","","","","","","","","","","要確認","","","","","","","","","NITE-CHRIP"
"111242-84-3","ガリウムヒ素リン","対象物","該当","","","","?","","","","","要確認","","","","","","","","","NITE-CHRIP"
"111242-85-4","ガリウムヒ素リン","対象物","該当","","","","?","","","","","要確認","","","","","","","","","NITE-CHRIP"
"111243-10-8","酸化マンガン（ＭｎＯ１．７－１．９）","対象物","該当","","","","?","","","","","要確認","","","","","","","","","NITE-CHRIP"
"111276-74-5","２，２’，３，６，６’，？－ヘキサクロロビフェニル","対象物","該当","","","","?","","","","","要確認","","","第一種特定","","","","","","NITE-CHRIP"
"111276-75-6","２，４，４’，？，？－ペンタクロロビフェニル","対象物","該当","","","","?","","","","","要確認","","","第一種特定","","","","","","NITE-CHRIP"
"111276-76-7","２，２’，６’，？，？－ペンタクロロビフェニル","対象物","該当","","","","?","","","","","要確認","","","第一種特定","","","","","","NITE-CHRIP"
"111276-77-8","２，２’，５，６’，？，？－ヘキサクロロビフェニル","対象物","該当","","","","?","","","","","要確認","","","第一種特定","","","","","","NITE-CHRIP"
"111276-78-9","２，？，？－トリクロロビフェニル","対象物","該当","","","","?","","","","","要確認","","","第一種特定","","","","","","NITE-CHRIP"
"111276-79-0","４，４’，？，？，？，？－ヘキサクロロビフェニル","対象物","該当","","","","?","","","","","要確認","","","第一種特定","","","","","","NITE-CHRIP"
"111276-80-3","２，２’，５，６’，？，？，？－ヘプタクロロビフェニル","対象物","該当","","","","?","","","","","要確認","","","第一種特定","","","","","","NITE-CHRIP"
"111276-81-4","４，４’，？，？，？－ペンタクロロビフェニル","対象物","該当","","","","?","","","","","要確認","","","第一種特定","","","","","","NITE-CHRIP"
"111276-82-5","２，３，３’，４，４’，５，５’，？－オクタクロロビフェニル","対象物","該当","","","","?","","","","","要確認","","","第一種特定","","","","","","NITE-CHRIP"
"111276-83-6","２，２’，５，６’，？，？，？，？－オクタクロロビフェニル","対象物","該当","","","","?","","","","","要確認","","","第一種特定","","","","","","NITE-CHRIP"
"111419-41-1","酸化マンガン（ＭｎＯ１．８２）","対象物","該当","","","","?","","","","","要確認","","","","","","","","","NITE-CHRIP"
"111419-42-2","酸化マンガン（ＭｎＯ１．７６）","対象物","該当","","","","?","","","","","要確認","","","","","","","","","NITE-CHRIP"
"111419-43-3","酸化マンガン（ＭｎＯ１．７７）","対象物","該当","","","","?","","","","","要確認","","","","","","","","","NITE-CHRIP"
"111419-46-6","ガリウムヒ素リン","対象物","該当","","","","?","","","","","要確認","","","","","","","","","NITE-CHRIP"
"111512-56-2","１，１－ジクロロ－１，２，３，３，３－ペンタフルオロプロパン","対象物","","","","","","","","","","要確認","","","","","","","","","NITE-CHRIP"
"111568-95-7","炭化ケイ素","対象物","","","","","","","","","","要確認","","","","","","","","","NITE-CHRIP"
"111568-96-8","炭化ケイ素","対象物","","","","","","","","","","要確認","","","","","","","","","NITE-CHRIP"
"111568-97-9","炭化ケイ素","対象物","","","","","","","","","","要確認","","","","","","","","","NITE-CHRIP"
"111706-07-1","酸化鉄","対象物","","","","","","","","","","","","","","","","","","","NITE-CHRIP"
"111706-41-3","酸化ニッケル（ＮｉＯ１．０５）","対象物","該当","","","","?","","","","","要確認","","","","","","","","","NITE-CHRIP"
"111706-42-4","酸化ニッケル（ＮｉＯ１．０２）","対象物","該当","","","","?","","","","","要確認","","","","","","","","","NITE-CHRIP"
"111706-43-5","酸化ニッケル（ＮｉＯ１．０１）","対象物","該当","","","","?","","","","","要確認","","","","","","","","","NITE-CHRIP"
"111721-39-2","酸化ニッケル（ＮｉＯ１．０３）","対象物","該当","","","","?","","","","","要確認","","","","","","","","","NITE-CHRIP"
"111747-17-2","酸化マンガン（ＭｎＯ０．２－０．５）","対象物","該当","","","","?","","","","","要確認","","","","","","","","","NITE-CHRIP"
"111776-55-7","ガリウムヒ素リン","対象物","該当","","","","?","","","","","要確認","","","","","","","","","NITE-CHRIP"
"111776-56-8","酸化マンガン（ＭｎＯ１．８９）","対象物","該当","","","","?","","","","","要確認","","","","","","","","","NITE-CHRIP"
"111821-78-4","テルル化ビスマス","対象物","","","","","","","","","","要確認","","","","","","","","","NITE-CHRIP"
"111872-58-3","２－（４－ブロモジフルオロメトキシフェニル）－２－メチルプロピル＝３－フェノキシベンジルエーテル","対象物","","","","","","","","","","","","","","","","","","","NITE-CHRIP"
"111907-57-4","酸化鉄","対象物","","","","","","","","","","","","","","","","","","","NITE-CHRIP"
"111907-58-5","酸化鉄","対象物","","","","","","","","","","","","","","","","","","","NITE-CHRIP"
"111907-59-6","酸化鉄","対象物","","","","","","","","","","","","","","","","","","","NITE-CHRIP"
"111907-60-9","酸化鉄","対象物","","","","","","","","","","","","","","","","","","","NITE-CHRIP"
"111907-61-0","酸化鉄","対象物","","","","","","","","","","","","","","","","","","","NITE-CHRIP"
"111907-62-1","酸化鉄","対象物","","","","","","","","","","","","","","","","","","","NITE-CHRIP"
"111907-63-2","酸化鉄","対象物","","","","","","","","","","","","","","","","","","","NITE-CHRIP"
"111907-64-3","酸化鉄","対象物","","","","","","","","","","","","","","","","","","","NITE-CHRIP"
"111907-65-4","酸化鉄","対象物","","","","","","","","","","","","","","","","","","","NITE-CHRIP"
"111907-66-5","酸化鉄","対象物","","","","","","","","","","","","","","","","","","","NITE-CHRIP"
"111907-67-6","酸化鉄","対象物","","","","","","","","","","","","","","","","","","","NITE-CHRIP"
"111988-49-9","｛３－［（６－クロロ－３－ピリジル）メチル］－１，３－チアゾリジン－２－イリデン｝カルバモニトリル","対象物","該当","","","","","","","","","要確認","","","","","","","","","NITE-CHRIP"
"112004-24-7","炭化ケイ素","対象物","","","","","","","","","","要確認","","","","","","","","","NITE-CHRIP"
"112004-25-8","炭化ケイ素","対象物","","","","","","","","","","要確認","","","","","","","","","NITE-CHRIP"
"112050-17-6","ガリウムヒ素リン","対象物","該当","","","","?","","","","","要確認","","","","","","","","","NITE-CHRIP"
"112281-77-3","１－［２－（２，４－ジクロロフェニル）－３－（１，１，２，２－テトラフルオロエトキシ）プロパン－１－イル］－１Ｈ－１，２，４－トリアゾール","対象物","","","","","","","","","","要確認","","","","","","","","","NITE-CHRIP"
"112285-78-6","クロム酸銅","対象物","該当","","","","?","","","","","要確認","","","","","","","","","NITE-CHRIP"
"112285-95-7","セレン化ヒ素","対象物","該当","","","","?","","","","","要確認","","","","","","","","","NITE-CHRIP"
"112286-70-1","ガリウムヒ素リン","対象物","該当","","","","?","","","","","要確認","","","","","","","","","NITE-CHRIP"
"112286-91-6","ガリウムヒ素リン","対象物","該当","","","","?","","","","","要確認","","","","","","","","","NITE-CHRIP"
"112309-68-9","３，３，７，７－テトラブチル－２，４，６，８，９－ペンタオキサ－３，７－ジスタンナ－１，５－ジボラビシクロ［３．３．１］ノナン","対象物","","","","","","","","","","要確認","","","","","","","","","NITE-CHRIP"
"112410-23-8","Ｎ－ｔｅｒｔ－ブチル－Ｎ’－（４－エチルベンゾイル）－３，５－ジメチルベンゾヒドラジド","対象物","","","","","","","","","","要確認","","","","","","","","","NITE-CHRIP"
"112416-88-3","炭化ケイ素","対象物","","","","","","","","","","要確認","","","","","","","","","NITE-CHRIP"
"112416-89-4","炭化ケイ素","対象物","","","","","","","","","","要確認","","","","","","","","","NITE-CHRIP"
"112416-90-7","炭化ケイ素","対象物","","","","","","","","","","要確認","","","","","","","","","NITE-CHRIP"
"112492-63-4","オクチル＝アクリラート・トリブチルスタンニル＝メタクリラート重合物","対象物","","","","","","","","","","要確認","","","","","","","","","NITE-CHRIP"
"112653-88-0","ホウ化ニッケル","対象物","該当","","","","?","","","","","要確認","","","","","","","","","NITE-CHRIP"
"112653-89-1","ホウ化コバルト","対象物","該当","","","","?","","","","","要確認","","","","","","","","","NITE-CHRIP"
"112660-19-2","ガリウムヒ素リン","対象物","該当","","","","?","","","","","要確認","","","","","","","","","NITE-CHRIP"
"112711-07-6","硫化ニッケル（ＮｉＳ１．２）","対象物","該当","","","","?","","","","","要確認","","","","","","","","","NITE-CHRIP"
"112760-27-7","酸化鉄","対象物","","","","","","","","","","","","","","","","","","","NITE-CHRIP"
"112874-14-3","炭化ケイ素","対象物","","","","","","","","","","要確認","","","","","","","","","NITE-CHRIP"
"112874-98-3","酸化鉄","対象物","","","","","","","","","","","","","","","","","","","NITE-CHRIP"
"112874-99-4","硫化ニッケル（Ｎｉ０．９８Ｓ）","対象物","該当","","","","?","","","","","要確認","","","","","","","","","NITE-CHRIP"
"112926-00-8","非晶質沈降シリカ","対象物","","","","","","","","","","","","","","","","","","","NITE-CHRIP"
"112965-42-1","セレン化ニッケル","対象物","該当","","","","?","","","","","要確認","","","","","","","","","NITE-CHRIP"
"112973-88-3","炭化ケイ素","対象物","","","","","","","","","","要確認","","","","","","","","","NITE-CHRIP"
"113015-80-8","ガリウムヒ素リン","対象物","該当","","","","?","","","","","要確認","","","","","","","","","NITE-CHRIP"
"113015-82-0","クロム酸亜鉛","対象物","該当","","","","?","","","","","要確認","","","","","","","","","NITE-CHRIP"
"113042-21-0","ジルコン酸カルシウム","対象物","","","","","","","","","","","","","","","","","","","NITE-CHRIP"
"113042-22-1","ジルコン酸カルシウム","対象物","","","","","","","","","","","","","","","","","","","NITE-CHRIP"
"113229-01-9","セレン化ヒ素","対象物","該当","","","","?","","","","","要確認","","","","","","","","","NITE-CHRIP"
"113289-86-4","モノブチルスズチオジプロピオン酸塩","対象物","","","","","","","","","","要確認","","","","","","","","","NITE-CHRIP"
"113289-87-5","２，２－ジオクチル－１，３－ジオキサ－７，８－ジチア－２－スタンナシクロウンデカン－４，１１－ジオン","対象物","","","","","","","","","","要確認","","","","","","","","","NITE-CHRIP"
"113289-90-0","２，２－ジブチル－１，３－ジオキサ－７，８－ジチア－２－スタンナシクロウンデカン－４，１１－ジオン","対象物","","","","","","","","","","要確認","","","","","","","","","NITE-CHRIP"
"113289-91-1","２－ブチル－１，３－ジオキサ－７，８－ジチア－２－スタンナシクロウンデカン－４，１１－ジオン","対象物","","","","","","","","","","要確認","","","","","","","","","NITE-CHRIP"
"113329-92-3","七硫化二ニッケル","対象物","該当","","","","?","","","","","要確認","","","","","","","","","NITE-CHRIP"
"113329-94-5","硫化コバルト","対象物","該当","","","","?","","","","","要確認","","","","","","","","","NITE-CHRIP"
"113378-31-7","センデュラマイシン","対象物","","","","","","","","","","","","","","","","","","","NITE-CHRIP"
"113384-28-4","ジルコン酸カルシウム","対象物","","","","","","","","","","","","","","","","","","","NITE-CHRIP"
"113515-10-9","ガリウムヒ素リン","対象物","該当","","","","?","","","","","要確認","","","","","","","","","NITE-CHRIP"
"113553-16-5","酸化マンガン（ＭｎＯ１．８）","対象物","該当","","","","?","","","","","要確認","","","","","","","","","NITE-CHRIP"
"113553-18-7","酸化マンガン（ＭｎＯ１．８１）","対象物","該当","","","","?","","","","","要確認","","","","","","","","","NITE-CHRIP"
"113553-75-6","ガリウムヒ素リン","対象物","該当","","","","?","","","","","要確認","","","","","","","","","NITE-CHRIP"
"113663-43-7","硫化コバルト","対象物","該当","","","","?","","","","","要確認","","","","","","","","","NITE-CHRIP"
"113672-10-9","酸化マンガン（ＭｎＯ１．０１）","対象物","該当","","","","?","","","","","要確認","","","","","","","","","NITE-CHRIP"
"113738-82-2","（２Ｒ，３Ｒ）－酒石酸のニッケル（２＋）塩（２：３）六水和物","対象物","該当","","","","?","","","","","要確認","","","","","","","","","NITE-CHRIP"
"113787-08-9","ホウ化マンガン","対象物","該当","","","","?","","","","","要確認","","","","","","","","","NITE-CHRIP"
"113876-86-1","ガリウムヒ素リン","対象物","該当","","","","?","","","","","要確認","","","","","","","","","NITE-CHRIP"
"113919-96-3","ガリウムヒ素リン","対象物","該当","","","","?","","","","","要確認","","","","","","","","","NITE-CHRIP"
"113919-97-4","ガリウムヒ素リン","対象物","該当","","","","?","","","","","要確認","","","","","","","","","NITE-CHRIP"
"113919-98-5","ガリウムヒ素リン","対象物","該当","","","","?","","","","","要確認","","","","","","","","","NITE-CHRIP"
"113920-00-6","炭化ケイ素","対象物","","","","","","","","","","要確認","","","","","","","","","NITE-CHRIP"
"113920-01-7","炭化ケイ素","対象物","","","","","","","","","","要確認","","","","","","","","","NITE-CHRIP"
"113920-24-4","ガリウムヒ素リン","対象物","該当","","","","?","","","","","要確認","","","","","","","","","NITE-CHRIP"
"113959-74-3","ガリウムヒ素リン","対象物","該当","","","","?","","","","","要確認","","","","","","","","","NITE-CHRIP"
"114369-43-6","４－（４－クロロフェニル）－２－フェニル－２－（１Ｈ－１，２，４－トリアゾール－１－イルメチル）ブタンニトリル","対象物","","","","","","","","","","要確認","","","","","","","","","NITE-CHRIP"
"114734-28-0","炭化ケイ素","対象物","","","","","","","","","","要確認","","","","","","","","","NITE-CHRIP"
"114734-29-1","炭化ケイ素","対象物","","","","","","","","","","要確認","","","","","","","","","NITE-CHRIP"
"114755-61-2","ガリウムヒ素リン","対象物","該当","","","","?","","","","","要確認","","","","","","","","","NITE-CHRIP"
"114755-66-7","酸化鉄","対象物","","","","","","","","","","","","","","","","","","","NITE-CHRIP"
"114756-47-7","ジルコン酸マグネシウム","対象物","","","","","","","","","","","","","","","","","","","NITE-CHRIP"
"114756-48-8","ジルコン酸マグネシウム","対象物","","","","","","","","","","","","","","","","","","","NITE-CHRIP"
"114756-49-9","ジルコン酸マグネシウム","対象物","","","","","","","","","","","","","","","","","","","NITE-CHRIP"
"114756-50-2","ジルコン酸マグネシウム","対象物","","","","","","","","","","","","","","","","","","","NITE-CHRIP"
"114756-91-1","ガリウムヒ素リン","対象物","該当","","","","?","","","","","要確認","","","","","","","","","NITE-CHRIP"
"114818-38-1","酸化コバルト","対象物","該当","","","","?","","","","","要確認","","","","","","","","","NITE-CHRIP"
"114818-39-2","酸化コバルト","対象物","該当","","","","?","","","","","要確認","","","","","","","","","NITE-CHRIP"
"114818-40-5","酸化コバルト","対象物","該当","","","","?","","","","","要確認","","","","","","","","","NITE-CHRIP"
"114818-41-6","酸化コバルト","対象物","該当","","","","?","","","","","要確認","","","","","","","","","NITE-CHRIP"
"114818-42-7","酸化コバルト","対象物","該当","","","","?","","","","","要確認","","","","","","","","","NITE-CHRIP"
"114819-02-2","酸化コバルト","対象物","該当","","","","?","","","","","要確認","","","","","","","","","NITE-CHRIP"
"114824-20-3","ガリウムヒ素リン","対象物","該当","","","","?","","","","","要確認","","","","","","","","","NITE-CHRIP"
"114830-97-6","ケイ酸鉛","対象物","","","","","","","","","","要確認","","","","","","","","","NITE-CHRIP"
"114901-09-6","硫化コバルト","対象物","該当","","","","?","","","","","要確認","","","","","","","","","NITE-CHRIP"
"114901-10-9","硫化コバルト","対象物","該当","","","","?","","","","","要確認","","","","","","","","","NITE-CHRIP"
"114902-06-6","酸化マンガン（ＭｎＯ１．９６）","対象物","該当","","","","?","","","","","要確認","","","","","","","","","NITE-CHRIP"
"114927-28-5","硫化マンガン","対象物","該当","","","","?","","","","","要確認","","","","","","","","","NITE-CHRIP"
"114937-83-6","ジルコン酸マグネシウム","対象物","","","","","","","","","","","","","","","","","","","NITE-CHRIP"
"114966-14-2","ガリウムヒ素リン","対象物","該当","","","","?","","","","","要確認","","","","","","","","","NITE-CHRIP"
"115135-48-3","炭化ケイ素","対象物","","","","","","","","","","要確認","","","","","","","","","NITE-CHRIP"
"115135-49-4","炭化ケイ素","対象物","","","","","","","","","","要確認","","","","","","","","","NITE-CHRIP"
"115135-50-7","炭化ケイ素","対象物","","","","","","","","","","要確認","","","","","","","","","NITE-CHRIP"
"115216-77-8","二亜硝酸バリウム，水和物（１：？）","対象物","","","","","","","","","","","","","","","","","","","NITE-CHRIP"
"115245-06-2","２，３－ジブロモビフェニル","対象物","","","","","","","","","","","","","","","","","","","NITE-CHRIP"
"115245-07-3","２，４，５－トリブロモビフェニル","対象物","","","","","","","","","","","","","","","","","","","NITE-CHRIP"
"115245-08-4","３，４，５－トリブロモビフェニル","対象物","","","","","","","","","","","","","","","","","","","NITE-CHRIP"
"115245-09-5","２，３，４，５－テトラブロモビフェニル","対象物","","","","","","","","","","","","","","","","","","","NITE-CHRIP"
"115245-10-8","２，３，４，６－テトラブロモビフェニル","対象物","","","","","","","","","","","","","","","","","","","NITE-CHRIP"
"115300-71-5","炭化ケイ素","対象物","","","","","","","","","","要確認","","","","","","","","","NITE-CHRIP"
"115454-39-2","ガリウムヒ素リン","対象物","該当","","","","?","","","","","要確認","","","","","","","","","NITE-CHRIP"
"115477-79-7","炭化ケイ素","対象物","","","","","","","","","","要確認","","","","","","","","","NITE-CHRIP"
"115493-57-7","セレン化ヒ素","対象物","該当","","","","?","","","","","要確認","","","","","","","","","NITE-CHRIP"
"115517-69-6","クロム酸銅","対象物","該当","","","","?","","","","","要確認","","","","","","","","","NITE-CHRIP"
"115517-70-9","クロム酸銅","対象物","該当","","","","?","","","","","要確認","","","","","","","","","NITE-CHRIP"
"115517-71-0","クロム酸銅","対象物","該当","","","","?","","","","","要確認","","","","","","","","","NITE-CHRIP"
"115658-56-5","クロム酸亜鉛","対象物","該当","","","","?","","","","","要確認","","","","","","","","","NITE-CHRIP"
"115658-57-6","クロム酸亜鉛","対象物","該当","","","","?","","","","","要確認","","","","","","","","","NITE-CHRIP"
"115683-18-6","酸化ニッケル（ＮｉＯ１．５－１．８）","対象物","該当","","","","?","","","","","要確認","","","","","","","","","NITE-CHRIP"
"115949-83-2","クロム酸ランタン","対象物","該当","","","","?","","","","","要確認","","","","","","","","","NITE-CHRIP"
"115949-89-8","クロム酸ランタン","対象物","該当","","","","?","","","","","要確認","","","","","","","","","NITE-CHRIP"
"115968-23-5","炭化ケイ素","対象物","","","","","","","","","","要確認","","","","","","","","","NITE-CHRIP"
"116011-11-1","炭化ケイ素","対象物","","","","","","","","","","要確認","","","","","","","","","NITE-CHRIP"
"116011-12-2","炭化ケイ素","対象物","","","","","","","","","","要確認","","","","","","","","","NITE-CHRIP"
"116011-13-3","炭化ケイ素","対象物","","","","","","","","","","要確認","","","","","","","","","NITE-CHRIP"
"116011-23-5","炭化ケイ素","対象物","","","","","","","","","","要確認","","","","","","","","","NITE-CHRIP"
"116011-24-6","炭化ケイ素","対象物","","","","","","","","","","要確認","","","","","","","","","NITE-CHRIP"
"116065-79-3","ジルコン酸カルシウム","対象物","","","","","","","","","","","","","","","","","","","NITE-CHRIP"
"116065-96-4","セレン化ヒ素","対象物","該当","","","","?","","","","","要確認","","","","","","","","","NITE-CHRIP"
"116099-09-3","セレン化ヒ素","対象物","該当","","","","?","","","","","要確認","","","","","","","","","NITE-CHRIP"
"116117-03-4","テルル化ビスマス","対象物","","","","","","","","","","要確認","","","","","","","","","NITE-CHRIP"
"116158-73-7","酸化鉄","対象物","","","","","","","","","","","","","","","","","","","NITE-CHRIP"
"116305-12-5","クロム酸亜鉛","対象物","該当","","","","?","","","","","要確認","","","","","","","","","NITE-CHRIP"
"116327-09-4","ガリウムヒ素リン","対象物","該当","","","","?","","","","","要確認","","","","","","","","","NITE-CHRIP"
"116348-63-1","ホウ化マンガン","対象物","該当","","","","?","","","","","要確認","","","","","","","","","NITE-CHRIP"
"116359-50-3","ガリウムヒ素リン","対象物","該当","","","","?","","","","","要確認","","","","","","","","","NITE-CHRIP"
"116359-51-4","ガリウムヒ素リン","対象物","該当","","","","?","","","","","要確認","","","","","","","","","NITE-CHRIP"
"116430-10-5","トリデシル＝（２Ｚ，９Ｚ）－６，６－ジオクチル－４，８，１１－トリオキソ－５，７，１２－トリオキサ－６－スタンナペンタコサ－２，９－ジエノアート","対象物","","","","","","","","","","要確認","","","","","","","","","NITE-CHRIP"
"116443-84-6","硫化ニッケル（ＮｉＳ１．０３）","対象物","該当","","","","?","","","","","要確認","","","","","","","","","NITE-CHRIP"
"116443-90-4","酸化鉄","対象物","","","","","","","","","","","","","","","","","","","NITE-CHRIP"
"116443-91-5","酸化鉄","対象物","","","","","","","","","","","","","","","","","","","NITE-CHRIP"
"116473-38-2","セレン化ヒ素","対象物","該当","","","","?","","","","","要確認","","","","","","","","","NITE-CHRIP"
"116550-87-9","炭化ケイ素","対象物","","","","","","","","","","要確認","","","","","","","","","NITE-CHRIP"
"116550-88-0","炭化ケイ素","対象物","","","","","","","","","","要確認","","","","","","","","","NITE-CHRIP"
"116550-89-1","炭化ケイ素","対象物","","","","","","","","","","要確認","","","","","","","","","NITE-CHRIP"
"116552-58-0","炭化ケイ素","対象物","","","","","","","","","","要確認","","","","","","","","","NITE-CHRIP"
"116590-70-6","ジルコン酸マグネシウム","対象物","","","","","","","","","","","","","","","","","","","NITE-CHRIP"
"116590-71-7","ジルコン酸マグネシウム","対象物","","","","","","","","","","","","","","","","","","","NITE-CHRIP"
"116590-72-8","ジルコン酸マグネシウム","対象物","","","","","","","","","","","","","","","","","","","NITE-CHRIP"
"116590-73-9","ジルコン酸マグネシウム","対象物","","","","","","","","","","","","","","","","","","","NITE-CHRIP"
"116590-74-0","ジルコン酸マグネシウム","対象物","","","","","","","","","","","","","","","","","","","NITE-CHRIP"
"116612-80-7","酸化鉄","対象物","","","","","","","","","","","","","","","","","","","NITE-CHRIP"
"116612-82-9","ジルコン酸マグネシウム","対象物","","","","","","","","","","","","","","","","","","","NITE-CHRIP"
"116640-40-5","ジルコン酸マグネシウム","対象物","","","","","","","","","","","","","","","","","","","NITE-CHRIP"
"116640-81-4","炭化ケイ素","対象物","","","","","","","","","","要確認","","","","","","","","","NITE-CHRIP"
"116640-82-5","炭化ケイ素","対象物","","","","","","","","","","要確認","","","","","","","","","NITE-CHRIP"
"116640-83-6","炭化ケイ素","対象物","","","","","","","","","","要確認","","","","","","","","","NITE-CHRIP"
"116666-25-2","ケイ酸鉛","対象物","","","","","","","","","","要確認","","","","","","","","","NITE-CHRIP"
"116678-39-8","ガリウムヒ素リン","対象物","該当","","","","?","","","","","要確認","","","","","","","","","NITE-CHRIP"
"116714-46-6","１－｛３－クロロ－４－［１，１，２－トリフルオロ－２－（トリフルオロメトキシ）エトキシ］フェニル｝－３－（２，６－ジフルオロベンゾイル）尿素","対象物","","","","","","","","","","要確認","","","","","","","","","NITE-CHRIP"
"116769-53-0","酸化鉄","対象物","","","","","","","","","","","","","","","","","","","NITE-CHRIP"
"116769-68-7","ガリウムヒ素リン","対象物","該当","","","","?","","","","","要確認","","","","","","","","","NITE-CHRIP"
"116769-69-8","ガリウムヒ素リン","対象物","該当","","","","?","","","","","要確認","","","","","","","","","NITE-CHRIP"
"116812-48-7","ガリウムヒ素リン","対象物","該当","","","","?","","","","","要確認","","","","","","","","","NITE-CHRIP"
"116812-72-7","ガリウムヒ素リン","対象物","該当","","","","?","","","","","要確認","","","","","","","","","NITE-CHRIP"
"116854-17-2","カドミウム＝ジテトラコサノアート","対象物","該当","","","","?","","","","","要確認","","","","","","","","","NITE-CHRIP"
"116920-59-3","カドミウム＝ジトリコサノアート","対象物","該当","","","","?","","","","","要確認","","","","","","","","","NITE-CHRIP"
"117003-66-4","ガリウムヒ素リン","対象物","該当","","","","?","","","","","要確認","","","","","","","","","NITE-CHRIP"
"117067-25-1","ガリウムヒ素リン","対象物","該当","","","","?","","","","","要確認","","","","","","","","","NITE-CHRIP"
"117067-26-2","ガリウムヒ素リン","対象物","該当","","","","?","","","","","要確認","","","","","","","","","NITE-CHRIP"
"117067-27-3","ガリウムヒ素リン","対象物","該当","","","","?","","","","","要確認","","","","","","","","","NITE-CHRIP"
"117084-50-1","酸化鉄","対象物","","","","","","","","","","","","","","","","","","","NITE-CHRIP"
"117091-68-6","リン酸コバルト","対象物","該当","","","","?","","","","","要確認","","","","","","","","","NITE-CHRIP"
"117127-08-9","ガリウムヒ素リン","対象物","該当","","","","?","","","","","要確認","","","","","","","","","NITE-CHRIP"
"117127-09-0","炭化ケイ素","対象物","","","","","","","","","","要確認","","","","","","","","","NITE-CHRIP"
"117127-49-8","炭化ケイ素","対象物","","","","","","","","","","要確認","","","","","","","","","NITE-CHRIP"
"117151-20-9","炭化ケイ素","対象物","","","","","","","","","","要確認","","","","","","","","","NITE-CHRIP"
"117166-17-3","ガリウムヒ素リン","対象物","該当","","","","?","","","","","要確認","","","","","","","","","NITE-CHRIP"
"117166-30-0","ガリウムヒ素リン","対象物","該当","","","","?","","","","","要確認","","","","","","","","","NITE-CHRIP"
"117166-31-1","ガリウムヒ素リン","対象物","該当","","","","?","","","","","要確認","","","","","","","","","NITE-CHRIP"
"117166-53-7","ジルコン酸カルシウム","対象物","","","","","","","","","","","","","","","","","","","NITE-CHRIP"
"117218-41-4","炭化ケイ素","対象物","","","","","","","","","","要確認","","","","","","","","","NITE-CHRIP"
"117315-65-8","ガリウムヒ素リン","対象物","該当","","","","?","","","","","要確認","","","","","","","","","NITE-CHRIP"
"117596-02-8","炭化ケイ素","対象物","","","","","","","","","","要確認","","","","","","","","","NITE-CHRIP"
"117732-68-0","ジドデシル＝（２Ｚ，９Ｚ，１６Ｚ）－６，６，１３，１３－テトラオクチル－４，８，１１，１５－テトラオキソ－５，７，１２，１４－テトラオキサ－６，１３－ジスタンナオクタデカ－２，９，１６－トリエンジオアート","対象物","","","","","","","","","","要確認","","","","","","","","","NITE-CHRIP"
"117912-89-7","硫化カドミウム　（Ｃｄ０．５５Ｓ０．４５）","対象物","該当","","","","?","","","","","要確認","","","","","","","","","NITE-CHRIP"
"117912-90-0","硫化カドミウム　（Ｃｄ０．５３Ｓ０．４７）","対象物","該当","","","","?","","","","","要確認","","","","","","","","","NITE-CHRIP"
"117912-91-1","硫化カドミウム　（Ｃｄ０．５２Ｓ０．４８）","対象物","該当","","","","?","","","","","要確認","","","","","","","","","NITE-CHRIP"
"117944-88-4","炭化ケイ素","対象物","","","","","","","","","","要確認","","","","","","","","","NITE-CHRIP"
"117946-09-5","ジルコン酸マグネシウム","対象物","","","","","","","","","","","","","","","","","","","NITE-CHRIP"
"117991-29-4","硫化ニッケル（Ｎｉ２．７６Ｓ２）","対象物","該当","","","","?","","","","","要確認","","","","","","","","","NITE-CHRIP"
"117991-30-7","硫化ニッケル（Ｎｉ２．８３Ｓ２）","対象物","該当","","","","?","","","","","要確認","","","","","","","","","NITE-CHRIP"
"118219-50-4","酸化鉄","対象物","","","","","","","","","","","","","","","","","","","NITE-CHRIP"
"118320-84-6","ジルコン酸カルシウム","対象物","","","","","","","","","","","","","","","","","","","NITE-CHRIP"
"118321-42-9","酸化ジルコニウム（ＺｒＯ０．３７）","対象物","","","","","","","","","","","","","","","","","","","NITE-CHRIP"
"118340-36-6","セレン化ヒ素","対象物","該当","","","","?","","","","","要確認","","","","","","","","","NITE-CHRIP"
"118479-56-4","炭化ケイ素","対象物","","","","","","","","","","要確認","","","","","","","","","NITE-CHRIP"
"118479-93-9","炭化ケイ素","対象物","","","","","","","","","","要確認","","","","","","","","","NITE-CHRIP"
"118479-94-0","炭化ケイ素","対象物","","","","","","","","","","要確認","","","","","","","","","NITE-CHRIP"
"118558-04-6","炭化ケイ素","対象物","","","","","","","","","","要確認","","","","","","","","","NITE-CHRIP"
"118558-05-7","炭化ケイ素","対象物","","","","","","","","","","要確認","","","","","","","","","NITE-CHRIP"
"118558-06-8","炭化ケイ素","対象物","","","","","","","","","","要確認","","","","","","","","","NITE-CHRIP"
"118558-07-9","炭化ケイ素","対象物","","","","","","","","","","要確認","","","","","","","","","NITE-CHRIP"
"118574-16-6","テルル化アンチモン","対象物","","","","","","","","","","要確認","","","","","","","","","NITE-CHRIP"
"118670-41-0","ガリウムヒ素リン","対象物","該当","","","","?","","","","","要確認","","","","","","","","","NITE-CHRIP"
"118670-42-1","ガリウムヒ素リン","対象物","該当","","","","?","","","","","要確認","","","","","","","","","NITE-CHRIP"
"118712-89-3","２，３，５，６－テトラフルオロベンジル＝（１Ｒ，３Ｓ）－３－（２，２－ジクロロビニル）－２，２－ジメチルシクロプロパンカルボキシラート","対象物","","","","","","","","","","","","","","","","","","","NITE-CHRIP"
"118819-44-6","炭化ケイ素","対象物","","","","","","","","","","要確認","","","","","","","","","NITE-CHRIP"
"118819-47-9","炭化ケイ素","対象物","","","","","","","","","","要確認","","","","","","","","","NITE-CHRIP"
"118819-62-8","炭化ケイ素","対象物","","","","","","","","","","要確認","","","","","","","","","NITE-CHRIP"
"118819-63-9","炭化ケイ素","対象物","","","","","","","","","","要確認","","","","","","","","","NITE-CHRIP"
"118819-71-9","炭化ケイ素","対象物","","","","","","","","","","要確認","","","","","","","","","NITE-CHRIP"
"118820-51-2","炭化ケイ素","対象物","","","","","","","","","","要確認","","","","","","","","","NITE-CHRIP"
"118956-10-8","炭化ケイ素","対象物","","","","","","","","","","要確認","","","","","","","","","NITE-CHRIP"
"118963-17-0","ジブチルジチオカルバミン酸テルル","対象物","","","","","","","","","","要確認","","","","","","","","","NITE-CHRIP"
"119168-77-3","Ｎ－（４－ｔｅｒｔ－ブチルベンジル）－４－クロロ－３－エチル－１－メチルピラゾール－５－カルボキサミド","対象物","該当","","","","","","","","","要確認","","","","","","","","","NITE-CHRIP"
"119192-22-2","３，３，７，７－テトラ－ｔｅｒｔ－ブチル－２，４，６，８，９－ペンタオキサ－３，７－ジスタンナ－１，５－ジボラビシクロ［３．３．１］ノナン","対象物","","","","","","","","","","要確認","","","","","","","","","NITE-CHRIP"
"119222-01-4","硫酸カドミウム（４：１）","対象物","該当","","","","?","","","","","要確認","","","","","","","","","NITE-CHRIP"
"119313-12-1","２－ベンジル－２－（Ｎ，Ｎ－ジメチルアミノ）－１－（４－モルホリノフェニル）ブタン－１－オン","対象物","","","","","","","","","","","","","","","","","","","NITE-CHRIP"
"119333-99-2","硫化コバルト","対象物","該当","","","","?","","","","","要確認","","","","","","","","","NITE-CHRIP"
"119344-86-4","２－（ジメチルアミノ）－２－（４－メチルベンジル）－１－（４－モルホリノフェニル）ブタン－１－オン","対象物","","","","","","","","","","","","","","","","","","","NITE-CHRIP"
"119354-96-0","ガリウムヒ素リン","対象物","該当","","","","?","","","","","要確認","","","","","","","","","NITE-CHRIP"
"119397-93-2","ジルコン酸マグネシウム","対象物","","","","","","","","","","","","","","","","","","","NITE-CHRIP"
"119398-02-6","ガリウムヒ素リン","対象物","該当","","","","?","","","","","要確認","","","","","","","","","NITE-CHRIP"
"119446-68-3","１－（｛２－［２－クロロ－４－（４－クロロフェノキシ）フェニル］－４－メチル－１，３－ジオキソラン－２－イル｝メチル）－１Ｈ－１，２，４－トリアゾール","対象物","","","","","","","","","","要確認","","","","","","","","","NITE-CHRIP"
"119536-09-3","ガリウムヒ素リン","対象物","該当","","","","?","","","","","要確認","","","","","","","","","NITE-CHRIP"
"119575-29-0","炭化ケイ素","対象物","","","","","","","","","","要確認","","","","","","","","","NITE-CHRIP"
"119576-03-3","ガリウムヒ素リン","対象物","該当","","","","?","","","","","要確認","","","","","","","","","NITE-CHRIP"
"119617-22-0","テルル化銀","対象物","","","","","","","","","","要確認","","","","","","","","","NITE-CHRIP"
"119633-64-6","硫化コバルト","対象物","該当","","","","?","","","","","要確認","","","","","","","","","NITE-CHRIP"
"119666-80-7","炭化ケイ素","対象物","","","","","","","","","","要確認","","","","","","","","","NITE-CHRIP"
"119739-23-0","ケイ酸マンガン","対象物","該当","","","","?","","","","","要確認","","","","","","","","","NITE-CHRIP"
"119801-45-5","クロム酸鉛","対象物","該当","","","","?","","","","","要確認","","","","","","","","","NITE-CHRIP"
"119829-06-0","ガリウムヒ素リン","対象物","該当","","","","?","","","","","要確認","","","","","","","","","NITE-CHRIP"
"119829-07-1","ガリウムヒ素リン","対象物","該当","","","","?","","","","","要確認","","","","","","","","","NITE-CHRIP"
"119854-89-6","酸化マンガン（ＭｎＯ１．７５）","対象物","該当","","","","?","","","","","要確認","","","","","","","","","NITE-CHRIP"
"119855-48-0","酸化マンガン（ＭｎＯ１．９５）","対象物","該当","","","","?","","","","","要確認","","","","","","","","","NITE-CHRIP"
"119855-49-1","酸化マンガン（ＭｎＯ１．８５）","対象物","該当","","","","?","","","","","要確認","","","","","","","","","NITE-CHRIP"
"119855-50-4","酸化マンガン（ＭｎＯ１．７３）","対象物","該当","","","","?","","","","","要確認","","","","","","","","","NITE-CHRIP"
"119883-78-2","酸化マンガン（ＭｎＯ１．６４）","対象物","該当","","","","?","","","","","要確認","","","","","","","","","NITE-CHRIP"
"119883-79-3","酸化マンガン（ＭｎＯ１．５３）","対象物","該当","","","","?","","","","","要確認","","","","","","","","","NITE-CHRIP"
"119883-80-6","酸化マンガン（ＭｎＯ１．５１）","対象物","該当","","","","?","","","","","要確認","","","","","","","","","NITE-CHRIP"
"119920-13-7","硫化コバルト","対象物","該当","","","","?","","","","","要確認","","","","","","","","","NITE-CHRIP"
"119941-86-5","酸化マンガン（ＭｎＯ１．９２）","対象物","該当","","","","?","","","","","要確認","","","","","","","","","NITE-CHRIP"
"120068-37-3","５－アミノ－１－［２，６－ジクロロ－４－（トリフルオロメチル）フェニル］－４－［（トリフルオロメチル）スルフィニル］－１Ｈ－ピラゾール－３－カルボニトリル","対象物","","","","","","","","","","要確認","","","","","","","","","NITE-CHRIP"
"120148-08-5","セレン化ヒ素","対象物","該当","","","","?","","","","","要確認","","","","","","","","","NITE-CHRIP"
"120149-75-9","セレン化ヒ素","対象物","該当","","","","?","","","","","要確認","","","","","","","","","NITE-CHRIP"
"120149-76-0","セレン化ヒ素","対象物","該当","","","","?","","","","","要確認","","","","","","","","","NITE-CHRIP"
"120305-56-8","酸化ジルコニウム（ＺｒＯ０．５－２）","対象物","","","","","","","","","","","","","","","","","","","NITE-CHRIP"
"120306-39-0","ガリウムヒ素リン","対象物","該当","","","","?","","","","","要確認","","","","","","","","","NITE-CHRIP"
"120306-40-3","ガリウムヒ素リン","対象物","該当","","","","?","","","","","要確認","","","","","","","","","NITE-CHRIP"
"120558-28-3","クロム酸ナトリウム","対象物","該当","","","","?","","","","","要確認","","","","","","","","","NITE-CHRIP"
"120804-98-0","ガリウムヒ素リン","対象物","該当","","","","?","","","","","要確認","","","","","","","","","NITE-CHRIP"
"120804-99-1","ガリウムヒ素リン","対象物","該当","","","","?","","","","","要確認","","","","","","","","","NITE-CHRIP"
"120832-64-6","酸化鉄","対象物","","","","","","","","","","","","","","","","","","","NITE-CHRIP"
"120922-80-7","モリブデン酸亜鉛","対象物","","","","","","","","","","要確認","","","","","","","","","NITE-CHRIP"
"121009-74-3","炭化ケイ素","対象物","","","","","","","","","","要確認","","","","","","","","","NITE-CHRIP"
"121054-00-0","酸化鉛（ＰｂＯ１－２）","対象物","","","","","","","","","","要確認","","","","","","","","","NITE-CHRIP"
"121110-32-5","ジルコン酸ストロンチウム","対象物","","","","","","","","","","","","","","","","","","","NITE-CHRIP"
"121129-71-3","ジルコン酸マグネシウム","対象物","","","","","","","","","","","","","","","","","","","NITE-CHRIP"
"121158-58-5","ドデシル（分枝型）フェノール","対象物","該当","","","","","","","","","","","","","","","","","","NITE-CHRIP"
"121339-52-4","ジルコン酸ストロンチウム","対象物","","","","","","","","","","","","","","","","","","","NITE-CHRIP"
"121552-61-2","2-Pyrimidinamine, 4-cyclopropyl-6-methyl-N-phenyl-","対象物","該当","","","","","","","","","要確認","","","","","","","","","NITE-CHRIP"
"122008-85-9","ブチル＝（Ｒ）－２－［４－（４－シアノ－２－フルオロフェノキシ）フェノキシ］プロピオナート","対象物","","","","","","","","","","要確認","","","","","","","","","NITE-CHRIP"
"122016-02-8","炭化ケイ素","対象物","","","","","","","","","","要確認","","","","","","","","","NITE-CHRIP"
"122074-18-4","酸化鉄","対象物","","","","","","","","","","","","","","","","","","","NITE-CHRIP"
"122162-56-5","酸化鉛（ＰｂＯ１．６２）","対象物","","","","","","","","","","要確認","","","","","","","","","NITE-CHRIP"
"122222-11-1","ｒｅｌ－（３Ｒ，５Ｒ）－３，５－ジメチルヘプタン","対象物","","","","","","","","","","","","","","","","","","","NITE-CHRIP"
"122285-88-5","ガリウムヒ素リン","対象物","該当","","","","?","","","","","要確認","","","","","","","","","NITE-CHRIP"
"122326-17-4","ガリウムヒ素リン","対象物","該当","","","","?","","","","","要確認","","","","","","","","","NITE-CHRIP"
"122362-52-1","炭化ケイ素","対象物","","","","","","","","","","要確認","","","","","","","","","NITE-CHRIP"
"122362-53-2","炭化ケイ素","対象物","","","","","","","","","","要確認","","","","","","","","","NITE-CHRIP"
"122362-73-6","炭化ケイ素","対象物","","","","","","","","","","要確認","","","","","","","","","NITE-CHRIP"
"122453-73-0","４－ブロモ－２－（４－クロロフェニル）－１－エトキシメチル－５－（トリフルオロメチル）ピロール－３－カルボニトリル","対象物","","","","","","","","","","要確認","","","","","","","","","NITE-CHRIP"
"122526-74-3","炭化ケイ素","対象物","","","","","","","","","","要確認","","","","","","","","","NITE-CHRIP"
"122526-75-4","炭化ケイ素","対象物","","","","","","","","","","要確認","","","","","","","","","NITE-CHRIP"
"122548-33-8","Imidazo[1,2-a]pyridine-3-sulfonamide, 2-chloro-N-[[(4,6-dimethoxy-2-pyrimidinyl)amino]carbonyl]-","対象物","","","","","","","","","","要確認","","","","","","","","","NITE-CHRIP"
"122573-32-4","炭化ケイ素","対象物","","","","","","","","","","要確認","","","","","","","","","NITE-CHRIP"
"122680-66-4","炭化ケイ素","対象物","","","","","","","","","","要確認","","","","","","","","","NITE-CHRIP"
"122790-38-9","酸化マンガン（Ｍｎ０．９８Ｏ）","対象物","該当","","","","?","","","","","要確認","","","","","","","","","NITE-CHRIP"
"122790-39-0","酸化マンガン（Ｍｎ０．９４Ｏ）","対象物","該当","","","","?","","","","","要確認","","","","","","","","","NITE-CHRIP"
"122827-30-9","酸化鉄","対象物","","","","","","","","","","","","","","","","","","","NITE-CHRIP"
"122827-31-0","酸化鉄","対象物","","","","","","","","","","","","","","","","","","","NITE-CHRIP"
"122827-32-1","酸化鉄","対象物","","","","","","","","","","","","","","","","","","","NITE-CHRIP"
"122827-33-2","酸化鉄","対象物","","","","","","","","","","","","","","","","","","","NITE-CHRIP"
"123010-90-2","炭化ケイ素","対象物","","","","","","","","","","要確認","","","","","","","","","NITE-CHRIP"
"123333-66-4","亜テルル酸二カリウム，水和物（１：？）","対象物","","","","","","","","","","要確認","","","","","","","","","NITE-CHRIP"
"123334-18-9","テトラフェニルアルソニウム＝ジクロリドヒドロゲナート（１－）＝水和物（１：１：？）","対象物","該当","","","","?","","","","","","","","","","","","","","NITE-CHRIP"
"123516-73-4","酸化六十四ニッケル","対象物","該当","","","","?","","","","","要確認","","","","","","","","","NITE-CHRIP"
"123516-74-5","酸化八ニッケル","対象物","該当","","","","?","","","","","要確認","","","","","","","","","NITE-CHRIP"
"123572-88-3","５－クロロ－１，３－ジメチル－Ｎ－（１，１，３－トリメチル－１，３－ジヒドロイソベンゾフラン－４－イル）－１Ｈ－ピラゾール－４－カルボキサミド","対象物","","","","","","","","","","要確認","","","","","","","","","NITE-CHRIP"
"123610-76-4","炭化ケイ素","対象物","","","","","","","","","","要確認","","","","","","","","","NITE-CHRIP"
"123627-64-5","ガリウムヒ素リン","対象物","該当","","","","?","","","","","要確認","","","","","","","","","NITE-CHRIP"
"123968-91-2","炭化ケイ素","対象物","","","","","","","","","","要確認","","","","","","","","","NITE-CHRIP"
"123968-92-3","炭化ケイ素","対象物","","","","","","","","","","要確認","","","","","","","","","NITE-CHRIP"
"123968-93-4","炭化ケイ素","対象物","","","","","","","","","","要確認","","","","","","","","","NITE-CHRIP"
"123968-94-5","炭化ケイ素","対象物","","","","","","","","","","要確認","","","","","","","","","NITE-CHRIP"
"123968-95-6","炭化ケイ素","対象物","","","","","","","","","","要確認","","","","","","","","","NITE-CHRIP"
"123968-96-7","炭化ケイ素","対象物","","","","","","","","","","要確認","","","","","","","","","NITE-CHRIP"
"124058-74-8","テルル化ビスマス","対象物","","","","","","","","","","要確認","","","","","","","","","NITE-CHRIP"
"124204-70-2","炭化ケイ素","対象物","","","","","","","","","","要確認","","","","","","","","","NITE-CHRIP"
"124204-71-3","炭化ケイ素","対象物","","","","","","","","","","要確認","","","","","","","","","NITE-CHRIP"
"124229-61-4","炭化ケイ素","対象物","","","","","","","","","","要確認","","","","","","","","","NITE-CHRIP"
"124275-52-1","炭化ケイ素","対象物","","","","","","","","","","要確認","","","","","","","","","NITE-CHRIP"
"124504-07-0","ジルコン酸ビスマス","対象物","","","","","","","","","","","","","","","","","","","NITE-CHRIP"
"124504-35-4","酸化ジルコニウム（ＺｒＯ１．７８）","対象物","","","","","","","","","","","","","","","","","","","NITE-CHRIP"
"124504-36-5","酸化ジルコニウム（ＺｒＯ１．８２）","対象物","","","","","","","","","","","","","","","","","","","NITE-CHRIP"
"124504-37-6","酸化ジルコニウム（ＺｒＯ１．８６）","対象物","","","","","","","","","","","","","","","","","","","NITE-CHRIP"
"124504-38-7","酸化ジルコニウム（ＺｒＯ１．９）","対象物","","","","","","","","","","","","","","","","","","","NITE-CHRIP"
"124504-39-8","酸化ジルコニウム（ＺｒＯ１．９４）","対象物","","","","","","","","","","","","","","","","","","","NITE-CHRIP"
"124504-40-1","酸化ジルコニウム（ＺｒＯ１．９８）","対象物","","","","","","","","","","","","","","","","","","","NITE-CHRIP"
"124504-41-2","酸化ジルコニウム（ＺｒＯ１．５６）","対象物","","","","","","","","","","","","","","","","","","","NITE-CHRIP"
"124504-42-3","酸化ジルコニウム（ＺｒＯ１．５８）","対象物","","","","","","","","","","","","","","","","","","","NITE-CHRIP"
"124504-43-4","酸化ジルコニウム（ＺｒＯ１．６２）","対象物","","","","","","","","","","","","","","","","","","","NITE-CHRIP"
"124504-44-5","酸化ジルコニウム（ＺｒＯ１．６６）","対象物","","","","","","","","","","","","","","","","","","","NITE-CHRIP"
"124504-45-6","酸化ジルコニウム（ＺｒＯ１．７）","対象物","","","","","","","","","","","","","","","","","","","NITE-CHRIP"
"124504-46-7","酸化ジルコニウム（ＺｒＯ１．７４）","対象物","","","","","","","","","","","","","","","","","","","NITE-CHRIP"
"124504-99-0","トリシクロヘキシル｛［（ジプロピルアミノ）チオキソメチル］スルファニル｝スタンナン","対象物","","","","","","","","","","要確認","","","","","","","","","NITE-CHRIP"
"124505-02-8","トリシクロヘキシル｛［（ジエチルアミノ）チオキソメチル］スルファニル｝スタンナン","対象物","","","","","","","","","","要確認","","","","","","","","","NITE-CHRIP"
"124546-10-7","ジルコン酸カルシウム","対象物","","","","","","","","","","","","","","","","","","","NITE-CHRIP"
"124588-15-4","ガリウムヒ素リン","対象物","該当","","","","?","","","","","要確認","","","","","","","","","NITE-CHRIP"
"124594-13-4","スルファミン酸銅（ＩＩ）・四水和物","対象物","","","","","","","","","","要確認","","","","","","","","","NITE-CHRIP"
"124594-15-6","ビス（スルファミン酸）ニッケル（ＩＩ）四水和物","対象物","該当","","","","?","","","","","要確認","","","","","","","","","NITE-CHRIP"
"124747-65-5","ホウ化ニッケル","対象物","該当","","","","?","","","","","要確認","","","","","","","","","NITE-CHRIP"
"124826-86-4","ケイ酸鉛","対象物","","","","","","","","","","要確認","","","","","","","","","NITE-CHRIP"
"124827-66-3","３－ヒドロキシ－１－プロパンスルホン酸ニッケル（ＩＩ）","対象物","該当","","","","?","","","","","要確認","","","","","","","","","NITE-CHRIP"
"124873-62-7","イソブチル＝アクリラート・トリブチル（メタクリロイルオキシ）スタンナン重合物","対象物","","","","","","","","","","要確認","","","","","","","","","NITE-CHRIP"
"124873-63-8","ｔｅｒｔ－ブチル＝アクリラート・トリブチル（メタクリロイルオキシ）スタンナン重合物","対象物","","","","","","","","","","要確認","","","","","","","","","NITE-CHRIP"
"124923-56-4","酸化マンガン（ＭｎＯ１．９７）","対象物","該当","","","","?","","","","","要確認","","","","","","","","","NITE-CHRIP"
"125225-28-7","Cyclopentanol, 2-[(4-chlorophenyl)methyl]-5-(1-methylethyl)-1-(1H-1,2,4-triazol-1-ylmethyl)-","対象物","","","","","","","","","","","","","","","","","","","NITE-CHRIP"
"125233-42-3","クロム酸銅","対象物","該当","","","","?","","","","","要確認","","","","","","","","","NITE-CHRIP"
"125271-30-9","酸化コバルト","対象物","該当","","","","?","","","","","要確認","","","","","","","","","NITE-CHRIP"
"125297-07-6","クロム酸ランタン","対象物","該当","","","","?","","","","","要確認","","","","","","","","","NITE-CHRIP"
"125306-83-4","Ｎ，Ｎ－ジエチル－３－（２，４，６－トリメチルフェニルスルホニル）－１Ｈ－１，２，４－トリアゾール－１－カルボキサミド","対象物","","","","","","","","","","要確認","","","","","","","","","NITE-CHRIP"
"125454-11-7","１，３，２，４－ジオキサジプルンベタン＝２，４－ジオキシド","対象物","","","","","","","","","","要確認","","","","","","","","","NITE-CHRIP"
"125465-71-6","酸化マンガン（Ｍｎ３Ｏ４．７８）","対象物","該当","","","","?","","","","","要確認","","","","","","","","","NITE-CHRIP"
"125465-79-4","酸化マンガン（Ｍｎ３Ｏ４．７５）","対象物","該当","","","","?","","","","","要確認","","","","","","","","","NITE-CHRIP"
"125466-18-4","酸化ベリリウム","対象物","該当","","","","?","","","","","要確認","","","","","","","","","NITE-CHRIP"
"125484-17-5","ガリウムヒ素リン","対象物","該当","","","","?","","","","","要確認","","","","","","","","","NITE-CHRIP"
"125484-18-6","ガリウムヒ素リン","対象物","該当","","","","?","","","","","要確認","","","","","","","","","NITE-CHRIP"
"125552-50-3","ホウ酸コバルト","対象物","該当","","","","?","","","","","要確認","","","","","","","","","NITE-CHRIP"
"125694-36-2","セレン化ヒ素","対象物","該当","","","","?","","","","","要確認","","","","","","","","","NITE-CHRIP"
"125809-84-9","ジルコン酸カルシウム","対象物","","","","","","","","","","","","","","","","","","","NITE-CHRIP"
"125809-85-0","ジルコン酸カルシウム","対象物","","","","","","","","","","","","","","","","","","","NITE-CHRIP"
"125809-86-1","ジルコン酸カルシウム","対象物","","","","","","","","","","","","","","","","","","","NITE-CHRIP"
"125809-87-2","ジルコン酸カルシウム","対象物","","","","","","","","","","","","","","","","","","","NITE-CHRIP"
"125809-88-3","ジルコン酸カルシウム","対象物","","","","","","","","","","","","","","","","","","","NITE-CHRIP"
"125980-08-7","炭化ケイ素","対象物","","","","","","","","","","要確認","","","","","","","","","NITE-CHRIP"
"126237-47-6","酸化鉄","対象物","","","","","","","","","","","","","","","","","","","NITE-CHRIP"
"126283-77-0","炭化ケイ素","対象物","","","","","","","","","","要確認","","","","","","","","","NITE-CHRIP"
"126302-72-5","炭化ケイ素","対象物","","","","","","","","","","要確認","","","","","","","","","NITE-CHRIP"
"126414-48-0","炭化ケイ素","対象物","","","","","","","","","","要確認","","","","","","","","","NITE-CHRIP"
"126603-77-8","炭化ケイ素","対象物","","","","","","","","","","要確認","","","","","","","","","NITE-CHRIP"
"126603-81-4","ガリウムヒ素リン","対象物","該当","","","","?","","","","","要確認","","","","","","","","","NITE-CHRIP"
"126603-96-1","酸化ジルコニウム（ＺｒＯ１．２４）","対象物","","","","","","","","","","","","","","","","","","","NITE-CHRIP"
"126603-97-2","酸化ジルコニウム（ＺｒＯ１．１９）","対象物","","","","","","","","","","","","","","","","","","","NITE-CHRIP"
"126603-98-3","酸化ジルコニウム（ＺｒＯ０．５７）","対象物","","","","","","","","","","","","","","","","","","","NITE-CHRIP"
"126638-48-0","テルル化金","対象物","","","","","","","","","","要確認","","","","","","","","","NITE-CHRIP"
"126731-91-7","炭化ケイ素","対象物","","","","","","","","","","要確認","","","","","","","","","NITE-CHRIP"
"126731-92-8","炭化ケイ素","対象物","","","","","","","","","","要確認","","","","","","","","","NITE-CHRIP"
"126833-17-8","２’，３’－ジクロロ－４’－ヒドロキシ－１－メチルシクロヘキサン－１－カルボキサニリド","対象物","","","","","","","","","","要確認","","","","","","","","","NITE-CHRIP"
"126857-67-8","２－ヒドロキシベンゼンスルホン酸スズ（ＩＩ）","対象物","","","","","","","","","","","","","","","","","","","NITE-CHRIP"
"126941-29-5","ジルコン酸マグネシウム","対象物","","","","","","","","","","","","","","","","","","","NITE-CHRIP"
"126999-21-1","セレン化ヒ素","対象物","該当","","","","?","","","","","要確認","","","","","","","","","NITE-CHRIP"
"127564-92-5","ジクロロ（ペンタフルオロ）プロパン","対象物","","","","","","","","","","要確認","","","","","","","","","NITE-CHRIP"
"127576-01-6","炭化ケイ素","対象物","","","","","","","","","","要確認","","","","","","","","","NITE-CHRIP"
"127764-45-8","セレン化金","対象物","","","","","","","","","","要確認","","","","","","","","","NITE-CHRIP"
"127814-40-8","モリブデン酸亜鉛","対象物","","","","","","","","","","要確認","","","","","","","","","NITE-CHRIP"
"128089-50-9","ガリウムヒ素リン","対象物","該当","","","","?","","","","","要確認","","","","","","","","","NITE-CHRIP"
"128093-63-0","トリエトキシ［２－（トリブチルスタンニル）エチル］シラン","対象物","","","","","","","","","","要確認","","","","","","","","","NITE-CHRIP"
"128124-43-6","酸化鉄","対象物","","","","","","","","","","","","","","","","","","","NITE-CHRIP"
"128196-69-0","テルル化銀","対象物","","","","","","","","","","要確認","","","","","","","","","NITE-CHRIP"
"128196-70-3","テルル化銀","対象物","","","","","","","","","","要確認","","","","","","","","","NITE-CHRIP"
"128409-73-4","ホウ酸コバルト","対象物","該当","","","","?","","","","","要確認","","","","","","","","","NITE-CHRIP"
"128515-50-4","ガリウムヒ素リン","対象物","該当","","","","?","","","","","要確認","","","","","","","","","NITE-CHRIP"
"128515-51-5","ガリウムヒ素リン","対象物","該当","","","","?","","","","","要確認","","","","","","","","","NITE-CHRIP"
"128585-79-5","炭化ケイ素","対象物","","","","","","","","","","要確認","","","","","","","","","NITE-CHRIP"
"128607-90-9","酸化ニッケル（ＮｉＯ０．７）","対象物","該当","","","","?","","","","","要確認","","","","","","","","","NITE-CHRIP"
"128607-91-0","酸化ニッケル（ＮｉＯ０．３－０．７）","対象物","該当","","","","?","","","","","要確認","","","","","","","","","NITE-CHRIP"
"128607-92-1","酸化ニッケル（ＮｉＯ０．１－０．８）","対象物","該当","","","","?","","","","","要確認","","","","","","","","","NITE-CHRIP"
"128639-02-1","エチル＝２－クロロ－３－｛２－クロロ－５－［４－（ジフルオロメチル）－３－メチル－５－オキソ－４，５－ジヒドロ－１Ｈ－１，２，４－トリアゾール－１－イル］－４－フルオロフェニル｝プロパノアート","対象物","","","","","","","","","","","","","","","","","","","NITE-CHRIP"
"128715-37-7","クロム酸ランタン","対象物","該当","","","","?","","","","","要確認","","","","","","","","","NITE-CHRIP"
"128798-93-6","酸化ジルコニウム（ＺｒＯ１．４）","対象物","","","","","","","","","","","","","","","","","","","NITE-CHRIP"
"128903-21-9","２，２－ジクロロ－１，１，１，３，３－ペンタフルオロプロパン","対象物","","","","","","","","","","要確認","","","","","","","","","NITE-CHRIP"
"128954-16-5","七酸化五マンガン","対象物","該当","","","","?","","","","","要確認","","","","","","","","","NITE-CHRIP"
"128975-01-9","リンモリブデン酸亜鉛","対象物","","","","","","","","","","要確認","","","","","","","","","NITE-CHRIP"
"128975-67-7","酸化鉄","対象物","","","","","","","","","","","","","","","","","","","NITE-CHRIP"
"128976-28-3","クロム酸鉛","対象物","該当","","","","?","","","","","要確認","","","","","","","","","NITE-CHRIP"
"129131-80-2","炭化ケイ素","対象物","","","","","","","","","","要確認","","","","","","","","","NITE-CHRIP"
"129188-37-0","硫化ニッケル（Ｎｉ０．５９－０．６３Ｓ０．３７－０．４１）","対象物","該当","","","","?","","","","","要確認","","","","","","","","","NITE-CHRIP"
"129188-38-1","硫化ニッケル（Ｎｉ０．５６－０．５８Ｓ０．４２－０．４４）","対象物","該当","","","","?","","","","","要確認","","","","","","","","","NITE-CHRIP"
"129344-37-2","炭化ケイ素","対象物","","","","","","","","","","要確認","","","","","","","","","NITE-CHRIP"
"129382-63-4","酸化マンガン（ＭｎＯ１．４４）","対象物","該当","","","","?","","","","","要確認","","","","","","","","","NITE-CHRIP"
"129382-80-5","酸化マンガン（ＭｎＯ１．８４）","対象物","該当","","","","?","","","","","要確認","","","","","","","","","NITE-CHRIP"
"129558-76-5","４－クロロ－３－エチル－１－メチル－Ｎ－［４－（４－トリルオキシ）ベンジル］－１Ｈ－ピラゾール－５－カルボキサミド","対象物","","","","","","","","","","要確認","","","","","","","","","NITE-CHRIP"
"130000-40-7","5-Thiazolecarboxamide, N-[2,6-dibromo-4-(trifluoromethoxy)phenyl]-2-methyl-4-(trifluoromethyl)-","対象物","","","","","","","","","","要確認","","","","","","","","","NITE-CHRIP"
"130042-18-1","ガリウムヒ素リン","対象物","該当","","","","?","","","","","要確認","","","","","","","","","NITE-CHRIP"
"130114-33-9","硫化コバルト","対象物","該当","","","","?","","","","","要確認","","","","","","","","","NITE-CHRIP"
"130125-45-0","酸化鉄","対象物","","","","","","","","","","","","","","","","","","","NITE-CHRIP"
"130241-82-6","ジルコン酸マグネシウム","対象物","","","","","","","","","","","","","","","","","","","NITE-CHRIP"
"130280-01-2","酸化ジルコニウム（ＺｒＯ２．０５）","対象物","","","","","","","","","","","","","","","","","","","NITE-CHRIP"
"130280-02-3","酸化ジルコニウム（ＺｒＯ１．９９）","対象物","","","","","","","","","","","","","","","","","","","NITE-CHRIP"
"130280-03-4","酸化ジルコニウム（ＺｒＯ１．９６）","対象物","","","","","","","","","","","","","","","","","","","NITE-CHRIP"
"130280-04-5","酸化ジルコニウム（ＺｒＯ１．８９）","対象物","","","","","","","","","","","","","","","","","","","NITE-CHRIP"
"130280-05-6","酸化ジルコニウム（ＺｒＯ１．７６）","対象物","","","","","","","","","","","","","","","","","","","NITE-CHRIP"
"130330-97-1","酸化コバルト","対象物","該当","","","","?","","","","","要確認","","","","","","","","","NITE-CHRIP"
"130358-77-9","テルル化ビスマス","対象物","","","","","","","","","","要確認","","","","","","","","","NITE-CHRIP"
"130358-78-0","テルル化ビスマス","対象物","","","","","","","","","","要確認","","","","","","","","","NITE-CHRIP"
"130358-79-1","テルル化ビスマス","対象物","","","","","","","","","","要確認","","","","","","","","","NITE-CHRIP"
"130359-00-1","ジルコン酸カルシウム","対象物","","","","","","","","","","","","","","","","","","","NITE-CHRIP"
"130392-83-5","炭化ケイ素","対象物","","","","","","","","","","要確認","","","","","","","","","NITE-CHRIP"
"130393-14-5","炭化ケイ素","対象物","","","","","","","","","","要確認","","","","","","","","","NITE-CHRIP"
"130459-15-3","酸化鉄","対象物","","","","","","","","","","","","","","","","","","","NITE-CHRIP"
"130459-16-4","酸化鉄","対象物","","","","","","","","","","","","","","","","","","","NITE-CHRIP"
"130459-17-5","酸化鉄","対象物","","","","","","","","","","","","","","","","","","","NITE-CHRIP"
"130459-18-6","酸化鉄","対象物","","","","","","","","","","","","","","","","","","","NITE-CHRIP"
"130638-79-8","ジルコン酸マグネシウム","対象物","","","","","","","","","","","","","","","","","","","NITE-CHRIP"
"130680-01-2","炭化ケイ素","対象物","","","","","","","","","","要確認","","","","","","","","","NITE-CHRIP"
"130680-19-2","酸化鉛（ＰｂＯ１．３７）","対象物","","","","","","","","","","要確認","","","","","","","","","NITE-CHRIP"
"130961-24-9","ジルコン酸カルシウム","対象物","","","","","","","","","","","","","","","","","","","NITE-CHRIP"
"130988-53-3","炭化ケイ素","対象物","","","","","","","","","","要確認","","","","","","","","","NITE-CHRIP"
"130988-88-4","炭化ケイ素","対象物","","","","","","","","","","要確認","","","","","","","","","NITE-CHRIP"
"130988-89-5","炭化ケイ素","対象物","","","","","","","","","","要確認","","","","","","","","","NITE-CHRIP"
"131017-86-2","酸化鉄","対象物","","","","","","","","","","","","","","","","","","","NITE-CHRIP"
"131047-39-7","炭化ケイ素","対象物","","","","","","","","","","要確認","","","","","","","","","NITE-CHRIP"
"131047-40-0","炭化ケイ素","対象物","","","","","","","","","","要確認","","","","","","","","","NITE-CHRIP"
"131047-41-1","炭化ケイ素","対象物","","","","","","","","","","要確認","","","","","","","","","NITE-CHRIP"
"131097-43-3","酸化コバルト","対象物","該当","","","","?","","","","","要確認","","","","","","","","","NITE-CHRIP"
"131162-93-1","クロム酸ランタン","対象物","該当","","","","?","","","","","要確認","","","","","","","","","NITE-CHRIP"
"131163-33-2","テルル化銀","対象物","","","","","","","","","","要確認","","","","","","","","","NITE-CHRIP"
"131341-86-1","４－（２，２－ジフルオロ－１，３－ベンゾジオキソール－４－イル）－１Ｈ－ピロール－３－カルボニトリル","対象物","","","","","","","","","","要確認","","","","","","","","","NITE-CHRIP"
"131343-94-7","酸化鉄","対象物","","","","","","","","","","","","","","","","","","","NITE-CHRIP"
"131475-57-5","1,3,5-Triazine-2,4-diamine, N2-[2-(3,5-dimethylphenoxy)-1-methylethyl]-6-(1-fluoro-1-methylethyl)-","対象物","","","","","","","","","","要確認","","","","","","","","","NITE-CHRIP"
"131599-73-0","セレン化ヒ素","対象物","該当","","","","?","","","","","要確認","","","","","","","","","NITE-CHRIP"
"131599-74-1","セレン化ヒ素","対象物","該当","","","","?","","","","","要確認","","","","","","","","","NITE-CHRIP"
"131599-76-3","セレン化ヒ素","対象物","該当","","","","?","","","","","要確認","","","","","","","","","NITE-CHRIP"
"131860-33-8","メチル＝（Ｅ）－２－（２－｛［６－（２－シアノフェノキシ）ピリミジン－４－イル］オキシ｝フェニル）－３－メトキシアクリラート","対象物","","","","","","","","","","要確認","","","","","","","","","NITE-CHRIP"
"131913-91-2","酸化ジルコニウム（ＺｒＯ０．０５）","対象物","","","","","","","","","","","","","","","","","","","NITE-CHRIP"
"132002-60-9","炭化ケイ素","対象物","","","","","","","","","","要確認","","","","","","","","","NITE-CHRIP"
"132003-12-4","酸化鉛（ＰｂＯ１．０１－１．９９）","対象物","","","","","","","","","","要確認","","","","","","","","","NITE-CHRIP"
"132111-03-6","テルル化ビスマス","対象物","","","","","","","","","","要確認","","","","","","","","","NITE-CHRIP"
"132238-97-2","炭化ケイ素","対象物","","","","","","","","","","要確認","","","","","","","","","NITE-CHRIP"
"132266-12-7","炭化ケイ素","対象物","","","","","","","","","","要確認","","","","","","","","","NITE-CHRIP"
"132266-13-8","炭化ケイ素","対象物","","","","","","","","","","要確認","","","","","","","","","NITE-CHRIP"
"132266-48-9","炭化ケイ素","対象物","","","","","","","","","","要確認","","","","","","","","","NITE-CHRIP"
"132824-82-9","ジルコン酸カルシウム","対象物","","","","","","","","","","","","","","","","","","","NITE-CHRIP"
"132824-83-0","ジルコン酸マグネシウム","対象物","","","","","","","","","","","","","","","","","","","NITE-CHRIP"
"132826-04-1","ガリウムヒ素リン","対象物","該当","","","","?","","","","","要確認","","","","","","","","","NITE-CHRIP"
"132826-60-9","ジルコン酸カルシウム","対象物","","","","","","","","","","","","","","","","","","","NITE-CHRIP"
"132826-62-1","ジルコン酸カルシウム","対象物","","","","","","","","","","","","","","","","","","","NITE-CHRIP"
"132826-63-2","ジルコン酸カルシウム","対象物","","","","","","","","","","","","","","","","","","","NITE-CHRIP"
"132826-64-3","ジルコン酸カルシウム","対象物","","","","","","","","","","","","","","","","","","","NITE-CHRIP"
"132826-65-4","ジルコン酸カルシウム","対象物","","","","","","","","","","","","","","","","","","","NITE-CHRIP"
"132851-71-9","ガリウムヒ素リン","対象物","該当","","","","?","","","","","要確認","","","","","","","","","NITE-CHRIP"
"133220-30-1","２－｛［２－（３－クロロフェニル）オキシラン－２－イル］メチル｝－２－エチルインダン－１，３－ジオン","対象物","該当","","","","","","","","","要確認","","","","","","","","","NITE-CHRIP"
"133315-99-8","酸化鉛（ＰｂＯ１．５７）","対象物","","","","","","","","","","要確認","","","","","","","","","NITE-CHRIP"
"133408-50-1","Benzeneacetamide, alpha-(methoxyimino)-N-methyl-2-phenoxy-, (alphaE)-","対象物","","","","","","","","","","要確認","","","","","","","","","NITE-CHRIP"
"133631-37-5","酸化ジルコニウム（ＺｒＯ０－２）","対象物","","","","","","","","","","","","","","","","","","","NITE-CHRIP"
"133740-71-3","ガリウムヒ素リン","対象物","該当","","","","?","","","","","要確認","","","","","","","","","NITE-CHRIP"
"133927-17-0","セレン化ヒ素","対象物","該当","","","","?","","","","","要確認","","","","","","","","","NITE-CHRIP"
"134074-64-9","｛２－［３－（４－クロロフェニル）プロピル］－２，４，４－トリメチル－１，３－オキサゾリジン－３－イル｝（１Ｈ－イミダゾール－１－イル）メタノン","対象物","","","","","","","","","","要確認","","","","","","","","","NITE-CHRIP"
"134098-61-6","ｔｅｒｔ－ブチル＝４－（｛［（１，３－ジメチル－５－フェノキシ－４－ピラゾリル）メチリデン］アミノオキシ｝メチル）ベンゾアート","対象物","該当","","","","","","","","","要確認","","","","","","","","","NITE-CHRIP"
"134325-12-5","テルル化銀","対象物","","","","","","","","","","要確認","","","","","","","","","NITE-CHRIP"
"134349-81-8","テルル化銀","対象物","","","","","","","","","","要確認","","","","","","","","","NITE-CHRIP"
"134741-28-9","テルル化ビスマス","対象物","","","","","","","","","","要確認","","","","","","","","","NITE-CHRIP"
"134741-43-8","酸化鉄","対象物","","","","","","","","","","","","","","","","","","","NITE-CHRIP"
"134775-57-8","テルル化ビスマス","対象物","","","","","","","","","","要確認","","","","","","","","","NITE-CHRIP"
"134776-43-5","酸化ジルコニウム（ＺｒＯ０．１３）","対象物","","","","","","","","","","","","","","","","","","","NITE-CHRIP"
"134831-06-4","酸化ニッケル（ＮｉＯ０．８）","対象物","該当","","","","?","","","","","要確認","","","","","","","","","NITE-CHRIP"
"134854-71-0","ジルコン酸マグネシウム","対象物","","","","","","","","","","","","","","","","","","","NITE-CHRIP"
"134854-72-1","ジルコン酸マグネシウム","対象物","","","","","","","","","","","","","","","","","","","NITE-CHRIP"
"134889-50-2","ジルコン酸マグネシウム","対象物","","","","","","","","","","","","","","","","","","","NITE-CHRIP"
"134904-59-9","酸化マンガン（ＭｎＯ２．９９）","対象物","該当","","","","?","","","","","要確認","","","","","","","","","NITE-CHRIP"
"134904-60-2","酸化マンガン（ＭｎＯ２．１）","対象物","該当","","","","?","","","","","要確認","","","","","","","","","NITE-CHRIP"
"134904-61-3","酸化マンガン（ＭｎＯ４．３５）","対象物","該当","","","","?","","","","","要確認","","","","","","","","","NITE-CHRIP"
"134904-62-4","酸化マンガン（ＭｎＯ２．３８）","対象物","該当","","","","?","","","","","要確認","","","","","","","","","NITE-CHRIP"
"134904-63-5","フッ化マンガン","対象物","該当","","","","?","","","","","要確認","","","","","","","","","NITE-CHRIP"
"135022-67-2","酸化鉄","対象物","","","","","","","","","","","","","","","","","","","NITE-CHRIP"
"135022-68-3","酸化鉄","対象物","","","","","","","","","","","","","","","","","","","NITE-CHRIP"
"135141-21-8","炭化ケイ素","対象物","","","","","","","","","","要確認","","","","","","","","","NITE-CHRIP"
"135282-54-1","ガリウムヒ素リン","対象物","該当","","","","?","","","","","要確認","","","","","","","","","NITE-CHRIP"
"135282-55-2","ガリウムヒ素リン","対象物","該当","","","","?","","","","","要確認","","","","","","","","","NITE-CHRIP"
"135443-46-8","（ＯＣ－６－２１）－トリス［２，４－ビス（オキソ－κＯ）ヘプタン－３－イド］コバルト","対象物","","","","","","","","","","要確認","","","","","","","","","NITE-CHRIP"
"135519-07-2","酸化鉄","対象物","","","","","","","","","","","","","","","","","","","NITE-CHRIP"
"135519-08-3","酸化鉄","対象物","","","","","","","","","","","","","","","","","","","NITE-CHRIP"
"135519-09-4","酸化鉄","対象物","","","","","","","","","","","","","","","","","","","NITE-CHRIP"
"135519-10-7","酸化鉄","対象物","","","","","","","","","","","","","","","","","","","NITE-CHRIP"
"135519-14-1","酸化鉄","対象物","","","","","","","","","","","","","","","","","","","NITE-CHRIP"
"135519-15-2","酸化鉄","対象物","","","","","","","","","","","","","","","","","","","NITE-CHRIP"
"135556-77-3","（ＯＣ－６－２２）－トリス［２，４－ビス（オキソ－κＯ）ヘキサン－３－イド］コバルト","対象物","","","","","","","","","","要確認","","","","","","","","","NITE-CHRIP"
"135556-78-4","（ＯＣ－６－２２）－トリス［２，４－ビス（オキソ－κＯ）ヘプタン－３－イド］コバルト","対象物","","","","","","","","","","要確認","","","","","","","","","NITE-CHRIP"
"135556-88-6","（ＯＣ－６－２１）－トリス［２，４－ビス（オキソ－κＯ）ヘキサン－３－イド］コバルト","対象物","","","","","","","","","","要確認","","","","","","","","","NITE-CHRIP"
"135573-19-2","ガリウムヒ素リン","対象物","該当","","","","?","","","","","要確認","","","","","","","","","NITE-CHRIP"
"135573-20-5","ガリウムヒ素リン","対象物","該当","","","","?","","","","","要確認","","","","","","","","","NITE-CHRIP"
"135573-21-6","ガリウムヒ素リン","対象物","該当","","","","?","","","","","要確認","","","","","","","","","NITE-CHRIP"
"135988-79-3","ガリウムヒ素リン","対象物","該当","","","","?","","","","","要確認","","","","","","","","","NITE-CHRIP"
"136013-79-1","１，３－ジクロロ－１，１，２，３，３－ペンタフルオロプロパン","対象物","","","","","","","","","","要確認","","","","","","","","","NITE-CHRIP"
"136141-00-9","クロム酸ナトリウム","対象物","該当","","","","?","","","","","要確認","","","","","","","","","NITE-CHRIP"
"136191-64-5","メチル＝２－（４，６－ジメトキシ－２－ピリミジニルオキシ）－６－［１－（メトキシイミノ）エチル］ベンゾアート","対象物","該当","","","","","","","","","","","","","","","","","","NITE-CHRIP"
"136254-80-3","ガリウムヒ素リン","対象物","該当","","","","?","","","","","要確認","","","","","","","","","NITE-CHRIP"
"136299-46-2","ガリウムヒ素リン","対象物","該当","","","","?","","","","","要確認","","","","","","","","","NITE-CHRIP"
"136482-55-8","ジオクチル＝３，３’－［（１，１，３，３－テトラブチルジスタンノキサン－１，３－ジイル）ビス（スルファンジイル）］ジプロパノアート","対象物","","","","","","","","","","要確認","","","","","","","","","NITE-CHRIP"
"136543-49-2","セレン化カドミウム　（Ｃｄ０．９５Ｓｅ）","対象物","該当","","","","?","","","","","要確認","","","","","","","","","NITE-CHRIP"
"136543-50-5","セレン化カドミウム　（Ｃｄ０．９８Ｓｅ）","対象物","該当","","","","?","","","","","要確認","","","","","","","","","NITE-CHRIP"
"136543-51-6","セレン化カドミウム　（ＣｄＳｅ０．９７）","対象物","該当","","","","?","","","","","要確認","","","","","","","","","NITE-CHRIP"
"136575-45-6","ジルコン酸マグネシウム","対象物","","","","","","","","","","","","","","","","","","","NITE-CHRIP"
"136575-46-7","ガリウムヒ素リン","対象物","該当","","","","?","","","","","要確認","","","","","","","","","NITE-CHRIP"
"136654-91-6","ガリウムヒ素リン","対象物","該当","","","","?","","","","","要確認","","","","","","","","","NITE-CHRIP"
"136654-92-7","ガリウムヒ素リン","対象物","該当","","","","?","","","","","要確認","","","","","","","","","NITE-CHRIP"
"137025-39-9","ビス［ビス（２－エチルヘキシル）カルバモジチオアト－κ（２）Ｓ，Ｓ’］（オキソ）（チオキソ）モリブデン","対象物","","","","","","","","","","要確認","","","","","","","","","NITE-CHRIP"
"137026-16-5","ガリウムヒ素リン","対象物","該当","","","","?","","","","","要確認","","","","","","","","","NITE-CHRIP"
"137083-44-4","炭化ケイ素","対象物","","","","","","","","","","要確認","","","","","","","","","NITE-CHRIP"
"137136-40-4","フッ化ニッケル","対象物","該当","","","","?","","","","","要確認","","","","","","","","","NITE-CHRIP"
"137297-08-6","トリシクロヘキシル＝４，４’，４’’－［（オクチルスタンナントリイル）トリオキシ］トリス［（Ｚ）－４－オキソブタ－２－エノアート］","対象物","","","","","","","","","","要確認","","","","","","","","","NITE-CHRIP"
"137575-12-3","ガリウムヒ素リン","対象物","該当","","","","?","","","","","要確認","","","","","","","","","NITE-CHRIP"
"137575-13-4","ガリウムヒ素リン","対象物","該当","","","","?","","","","","要確認","","","","","","","","","NITE-CHRIP"
"137633-98-8","酸化マンガン（ＭｎＯ０．４－２）","対象物","該当","","","","?","","","","","要確認","","","","","","","","","NITE-CHRIP"
"137781-03-4","ビス（ジイソオクチルカルバモジチオアト－κ（２）Ｓ，Ｓ’）（オキソ）（チオキソ）モリブデン","対象物","","","","","","","","","","要確認","","","","","","","","","NITE-CHRIP"
"138526-69-9","５－ブロモ－１，２，３－トリフルオロベンゼン","対象物","","","","","","","","","","","","","","","","","","","NITE-CHRIP"
"138608-19-2","３，６－ビス［（２－アルソノフェニル）ジアゼニル］－４，５－ジヒドロキシナフタレン－２，７－ジスルホン酸のナトリウム塩＝（１：？）","対象物","該当","","","","?","","","","","","","","","","","","","","NITE-CHRIP"
"139353-88-1","テトラブチルアンモニウム＝（ＴＢＰＹ－５－１１）－ジフルオロ（トリフェニル）スタンナート（１－）","対象物","","","","","","","","","","要確認","","","","","","","","","NITE-CHRIP"
"139767-61-6","臭化インジウム（ＩＩＩ）・二水和物","対象物","","","","","","","","","","要確認","","","","","","","","","NITE-CHRIP"
"139920-32-4","２－シアノ－Ｎ－［（Ｒ）－１－（２，４－ジクロロフェニル）エチル］－３，３－ジメチルブタンアミド","対象物","","","","","","","","","","要確認","","","","","","","","","NITE-CHRIP"
"141517-21-7","メチル＝２－［（Ｅ）－メトキシイミノ］－２－（２－｛（Ｅ）－４－［３－（トリフルオロメチル）フェニル］－２－オキサ－３－アザペンタ－３－エン－１－イル｝フェニル）アセタート","対象物","該当","","","","","","","","","要確認","","","","","","","","","NITE-CHRIP"
"142459-58-3","Ｎ－（４－フルオロフェニル）－Ｎ－イソプロピル－２－｛［５－（トリフルオロメチル）－１，３，４－チアジアゾール－２－イル］オキシ｝アセトアミド","対象物","該当","","","","","","","","","要確認","","","","","","","","","NITE-CHRIP"
"143390-89-0","メチル＝（Ｅ）－２－（メトキシイミノ）－２－｛２－［（２－トリルオキシ）メチル］フェニル｝アセタート","対象物","","","","","","","","","","要確認","","","","","","","","","NITE-CHRIP"
"144978-86-9","２，３’，４－トリブロモビフェニル","対象物","","","","","","","","","","","","","","","","","","","NITE-CHRIP"
"144978-89-2","２，３，３’，４’，６－ペンタブロモビフェニル","対象物","","","","","","","","","","","","","","","","","","","NITE-CHRIP"
"144978-90-5","２，２’，４－トリブロモビフェニル","対象物","","","","","","","","","","","","","","","","","","","NITE-CHRIP"
"147049-02-3","ジイソブチル｛ビス［（２，２－ジメチルプロパノイル）オキシ］｝スタンナン","対象物","","","","","","","","","","要確認","","","","","","","","","NITE-CHRIP"
"147049-09-0","ジ－ｓｅｃ－ブチル｛ビス［（２，２－ジメチルプロパノイル）オキシ］｝スタンナン","対象物","","","","","","","","","","要確認","","","","","","","","","NITE-CHRIP"
"148477-71-8","３－（２，４－ジクロロフェニル）－２－オキソ－１－オキサスピロ［４．５］デカ－３－エン－４－イル＝２，２－ジメチルブタノアート","対象物","該当","該当","","","","","","","","要確認","","","","","","","","","NITE-CHRIP"
"149081-89-0","二酸化テルル","対象物","","","","","","","","","","要確認","","","","","","","","","NITE-CHRIP"
"149877-41-8","イソプロピル＝２－（４－メトキシビフェニル－３－イル）ヒドラジン－１－カルボキシラート","対象物","該当","","","","","","","","","要確認","","","","","","","","","NITE-CHRIP"
"149961-52-4","dimoxystrobin (ISO); (E)-2-(methoxyimino)-N-methyl-2-[alpha-(2,5-xylyloxy)-o-tolyl]acetamide","対象物","","","","","","","","","","","","","","","","","","","NITE-CHRIP"
"150824-47-8","（Ｅ）－Ｎ－［（６－クロロ－３－ピリジル）メチル］－Ｎ－エチル－Ｎ’－メチル－２－ニトロエテン－１，１－ジアミン","対象物","","","","","","","","","","要確認","","","","","","","","","NITE-CHRIP"
"151262-31-6","（＋）－２，２’，３，６－テトラクロロビフェニル","対象物","該当","","","","?","","","","","要確認","","","第一種特定","","","","","","NITE-CHRIP"
"151262-32-7","（－）－２，２’，３，６－テトラクロロビフェニル","対象物","該当","","","","?","","","","","要確認","","","第一種特定","","","","","","NITE-CHRIP"
"151262-34-9","（＋）－２，２’，３，５’，６－ペンタクロロビフェニル","対象物","該当","","","","?","","","","","要確認","","","第一種特定","","","","","","NITE-CHRIP"
"151262-35-0","（－）－２，２’，３，５’，６－ペンタクロロビフェニル","対象物","該当","","","","?","","","","","要確認","","","第一種特定","","","","","","NITE-CHRIP"
"151436-98-5","ジクロロ（ジメチル）スタンナンと硫化二ナトリウムと２－スルファニルエチル＝デカノアートと２－スルファニルエチル＝オクタノアートと（トール油脂肪酸の２－スルファニルエチルエステル）とトリクロロ（メチル）スタンナンの反応生成物","対象物","","","","","","","","","","要確認","","","","","","","","","NITE-CHRIP"
"151686-34-9","ジクロロ（ジメチル）スタンナンと硫化二ナトリウムと２－エチルヘキシル＝スルファニルアセタートとトリクロロ（メチル）スタンナンの反応生成物","対象物","","","","","","","","","","要確認","","","","","","","","","NITE-CHRIP"
"153153-43-6","（Ｓ）－２，２’，３，３’，６－ペンタクロロビフェニル","対象物","該当","","","","?","","","","","要確認","","","第一種特定","","","","","","NITE-CHRIP"
"153153-44-7","（Ｒ）－２，２’，３，３’，６－ペンタクロロビフェニル","対象物","該当","","","","?","","","","","要確認","","","第一種特定","","","","","","NITE-CHRIP"
"153153-45-8","（Ｓ）－２，２’，３，４’，６－ペンタクロロビフェニル","対象物","該当","","","","?","","","","","要確認","","","第一種特定","","","","","","NITE-CHRIP"
"153153-46-9","（Ｒ）－２，２’，３，４’，６－ペンタクロロビフェニル","対象物","該当","","","","?","","","","","要確認","","","第一種特定","","","","","","NITE-CHRIP"
"153153-47-0","（Ｓ）－２，２’，３，３’，４，６’－ヘキサクロロビフェニル","対象物","該当","","","","?","","","","","要確認","","","第一種特定","","","","","","NITE-CHRIP"
"153153-48-1","（Ｒ）－２，２’，３，３’，４，６’－ヘキサクロロビフェニル","対象物","該当","","","","?","","","","","要確認","","","第一種特定","","","","","","NITE-CHRIP"
"153153-49-2","（Ｓ）－２，２’，３，３’，６，６’－ヘキサクロロビフェニル","対象物","該当","","","","?","","","","","要確認","","","第一種特定","","","","","","NITE-CHRIP"
"153153-50-5","（Ｒ）－２，２’，３，３’，６，６’－ヘキサクロロビフェニル","対象物","該当","","","","?","","","","","要確認","","","第一種特定","","","","","","NITE-CHRIP"
"153197-14-9","３－［２－（３，５－ジクロロフェニル）プロパン－２－イル］－６－メチル－５－フェニル－２Ｈ－１，３－オキサジン－４（３Ｈ）－オン","対象物","","","","","","","","","","要確認","","","","","","","","","NITE-CHRIP"
"153719-23-4","３－［（２－クロロ－１，３－チアゾール－５－イル）メチル］－５－メチル－Ｎ－ニトロ－１，３，５－オキサジアジナン－４－イミン","対象物","","","","","","","","","","要確認","","","","","","","","","NITE-CHRIP"
"155569-91-8","（４’’Ｒ）－４’’－デオキシ－４’’－（メチルアミノ）アベルメクチンＢ１＝ベンゾアート","対象物","該当","","","","","","","","","要確認","","","","","","","","","NITE-CHRIP"
"157368-22-4","アンチモン酸二水素二カリウム（Ｋ２Ｈ２Ｓｂ２Ｏ７）","対象物","","","","","","","","","","要確認","","","","","","","","","NITE-CHRIP"
"157627-86-6","エトキシ化アルコール（Ｃ＝１３～１５、直鎖型及び分枝型）","対象物","","","","","","","","","","要確認","","","","","","","","","NITE-CHRIP"
"158237-07-1","４－（２－クロロフェニル）－Ｎ－シクロヘキサン－１－イル－Ｎ－エチル－５－オキソ－４，５－ジヒドロ－１Ｈ－テトラゾール－１－カルボキサミド","対象物","","","","","","","","","","要確認","","","","","","","","","NITE-CHRIP"
"159000-96-1","（Ｒ）－２，２’，３，４’，５’，６－ヘキサクロロビフェニル","対象物","該当","","","","?","","","","","要確認","","","第一種特定","","","","","","NITE-CHRIP"
"159000-97-2","（Ｓ）－２，２’，３，４’，５’，６－ヘキサクロロビフェニル","対象物","該当","","","","?","","","","","要確認","","","第一種特定","","","","","","NITE-CHRIP"
"160430-64-8","Ｎ（１）－［（６－クロロ－３－ピリジル）メチル］－Ｎ（２）－シアノ－Ｎ（１）－メチルアセトアミジン","対象物","","","","","","","","","","","","","","","","","","","NITE-CHRIP"
"160525-70-2","ビス（２－エチルヘキシル）スズオキサイド重合物","対象物","","","","","","","","","","要確認","","","","","","","","","NITE-CHRIP"
"160709-63-7","ジメチル（｛［（イソオクチルオキシ）カルボニル］メチル｝スルファニル）スタンナン","対象物","","","","","","","","","","要確認","","","","","","","","","NITE-CHRIP"
"160901-19-9","アルコール（Ｃ＝１２～１３、直鎖型及び分枝型）エトキシ化物","対象物","","","","","","","","","","要確認","","","","","","","","","NITE-CHRIP"
"163515-14-8","２－クロロ－Ｎ－（２，４－ジメチルチエン－３－イル）－Ｎ－［（２Ｓ）－１－メトキシプロパン－２－イル］アセトアミド","対象物","該当","","","","","","","","","要確認","","","","","","","","","NITE-CHRIP"
"164170-84-7","ヒ酸二水素カリウム・１／５水和物","対象物","該当","","","","?","","","","","要確認","","","","","","","","","NITE-CHRIP"
"168316-95-8","Spinosad","対象物","","","","","","","","","","要確認","","","","","","","","","NITE-CHRIP"
"172305-49-6","ジ－ｎ－オクチルスズビス（イミダゾール）塩","対象物","","","","","","","","","","要確認","","","","","","","","","NITE-CHRIP"
"172777-09-2","４－メチル－Ｎ－フェニル－Ｎ－（トリフェニルスタンニル）ベンゼンスルホンアミド","対象物","","","","","","","","","","要確認","","","","","","","","","NITE-CHRIP"
"172777-26-3","テトラ（３－メトキシフェニルホルムアミド）グリオキシムニッケル錯塩","対象物","該当","","","","?","","","","","要確認","","","","","","","","","NITE-CHRIP"
"172777-27-4","テトラフェニルホルムアミドグリオキシムニッケル錯塩","対象物","該当","","","","?","","","","","要確認","","","","","","","","","NITE-CHRIP"
"173584-44-6","メチル＝（Ｓ）－７－クロロ－２－｛（メトキシカルボニル）［４－（トリフルオロメトキシ）フェニル］カルバモイル｝－２，３，４ａ，５－テトラヒドロインデノ［１，２－ｅ］［１，３，４］オキサジアジン－４ａ－カルボキシラート","対象物","該当","","","","","","","","","","","","","","","","","","NITE-CHRIP"
"174212-12-5","ビス（｛２－［３－（４－クロロフェニル）プロピル］－２，４，４－トリメチル－１，３－オキサゾリジン－３－イル｝（１Ｈ－イミダゾール－１－イル）メタノン）＝フマラート","対象物","","","","","","","","","","","","","","","","","","","NITE-CHRIP"
"175013-18-0","メチル＝［２－（｛［１－（４－クロロフェニル）－１Ｈ－ピラゾール－３－イル］オキシ｝メチル）フェニル］（メトキシ）カルバマート","対象物","","","","","","","","","","","","","","","","","","","NITE-CHRIP"
"176914-46-8","（Ｒ）－２，２’，３，３’，４，４’，６－ヘプタクロロビフェニル","対象物","該当","","","","?","","","","","要確認","","","第一種特定","","","","","","NITE-CHRIP"
"176914-47-9","（Ｒ）－２，２’，３，４，４’，５’，６－ヘプタクロロビフェニル","対象物","該当","","","","?","","","","","要確認","","","第一種特定","","","","","","NITE-CHRIP"
"176914-48-0","（Ｓ）－２，２’，３，３’，４，４’，６－ヘプタクロロビフェニル","対象物","該当","","","","?","","","","","要確認","","","第一種特定","","","","","","NITE-CHRIP"
"176914-49-1","（Ｓ）－２，２’，３，４，４’，５’，６－ヘプタクロロビフェニル","対象物","該当","","","","?","","","","","要確認","","","第一種特定","","","","","","NITE-CHRIP"
"177020-15-4","（Ｒ）－２，２’，３，３’，４，４’，５，６’－オクタクロロビフェニル","対象物","該当","","","","?","","","","","要確認","","","第一種特定","","","","","","NITE-CHRIP"
"177020-16-5","（Ｓ）－２，２’，３，３’，４，４’，５，６’－オクタクロロビフェニル","対象物","該当","","","","?","","","","","要確認","","","第一種特定","","","","","","NITE-CHRIP"
"178961-20-1","２－クロロ－Ｎ－（２－エチル－６－メチルフェニル）－Ｎ－［（Ｒ）－１－メトキシプロパン－２－イル］アセトアミド","対象物","該当","","","","","","","","","要確認","","","","","","","","","NITE-CHRIP"
"179678-26-3","（Ｒ）－２，２’，３，３’，４，６－ヘキサクロロビフェニル","対象物","該当","","","","?","","","","","要確認","","","第一種特定","","","","","","NITE-CHRIP"
"179678-27-4","（Ｓ）－２，２’，３，３’，４，６－ヘキサクロロビフェニル","対象物","該当","","","","?","","","","","要確認","","","第一種特定","","","","","","NITE-CHRIP"
"179678-28-5","（Ｒ）－２，２’，３，３’，４，５，６’－ヘプタクロロビフェニル","対象物","該当","","","","?","","","","","要確認","","","第一種特定","","","","","","NITE-CHRIP"
"179678-29-6","（Ｓ）－２，２’，３，３’，４，５，６’－ヘプタクロロビフェニル","対象物","該当","","","","?","","","","","要確認","","","第一種特定","","","","","","NITE-CHRIP"
"179678-30-9","（Ｒ）－２，２’，３，３’，４，５’，６－ヘプタクロロビフェニル","対象物","該当","","","","?","","","","","要確認","","","第一種特定","","","","","","NITE-CHRIP"
"179678-31-0","（Ｓ）－２，２’，３，３’，４，５’，６－ヘプタクロロビフェニル","対象物","該当","","","","?","","","","","要確認","","","第一種特定","","","","","","NITE-CHRIP"
"179678-32-1","（Ｒ）－２，２’，３，３’，４，６，６’－ヘプタクロロビフェニル","対象物","該当","","","","?","","","","","要確認","","","第一種特定","","","","","","NITE-CHRIP"
"179678-33-2","（Ｓ）－２，２’，３，３’，４，６，６’－ヘプタクロロビフェニル","対象物","該当","","","","?","","","","","要確認","","","第一種特定","","","","","","NITE-CHRIP"
"181587-01-9","５－アミノ－１－［２，６－ジクロロ－４－（トリフルオロメチル）フェニル］－４－（エチルスルフィニル）－１Ｈ－ピラゾール－３－カルボニトリル","対象物","","","","","","","","","","","","","","","","","","","NITE-CHRIP"
"182688-91-1","ドデシル＝アクリラート・トリブチルスタンニル＝メタクリラート重合物","対象物","","","","","","","","","","要確認","","","","","","","","","NITE-CHRIP"
"183675-82-3","１－メチル－Ｎ－［２－（４－メチルペンタン－２－イル）－３－チエニル］－３－（トリフルオロメチル）－１Ｈ－ピラゾール－４－カルボキサミド","対象物","","","","","","","","","","要確認","","","","","","","","","NITE-CHRIP"
"191617-06-8","（アクリロイルオキシ）メチル｛トリス［（２－｛［４－（メトキシカルボニル）ブタノイル］オキシ｝エチル）スルファニル］｝スタンナン","対象物","","","","","","","","","","要確認","","","","","","","","","NITE-CHRIP"
"201687-57-2","ジクロロ（ジメチル）スタンナン、硫化二ナトリウム、（トール油脂肪酸の２－スルファニルエチルエステル）及びトリクロロ（メチル）スタンナンの反応生成物","対象物","","","","","","","","","","要確認","","","","","","","","","NITE-CHRIP"
"201687-58-3","Fatty acids, tall-oil, 2-mercaptoethyl esters, reaction products with dichlorodimethylstannane, 2-mercaptoethyl oleate, sodium sulfide (Na2S) and trichloromethylstannane","対象物","","","","","","","","","","要確認","","","","","","","","","NITE-CHRIP"
"205991-67-9","（Ｒ）－２，２’，３，３’，５，６’－ヘキサクロロビフェニル","対象物","該当","","","","?","","","","","要確認","","","第一種特定","","","","","","NITE-CHRIP"
"205991-68-0","（Ｓ）－２，２’，３，３’，５，６’－ヘキサクロロビフェニル","対象物","該当","","","","?","","","","","要確認","","","第一種特定","","","","","","NITE-CHRIP"
"205991-69-1","（Ｒ）－２，２’，３，４，５’，６－ヘキサクロロビフェニル","対象物","該当","","","","?","","","","","要確認","","","第一種特定","","","","","","NITE-CHRIP"
"205991-70-4","（Ｓ）－２，２’，３，４，５’，６－ヘキサクロロビフェニル","対象物","該当","","","","?","","","","","要確認","","","第一種特定","","","","","","NITE-CHRIP"
"207004-27-1","（＋）－２，２’，３，３’，６－ペンタクロロビフェニル","対象物","該当","","","","?","","","","","要確認","","","第一種特定","","","","","","NITE-CHRIP"
"207004-28-2","（＋）－２，２’，３，３’，４，６’－ヘキサクロロビフェニル","対象物","該当","","","","?","","","","","要確認","","","第一種特定","","","","","","NITE-CHRIP"
"207004-29-3","（－）－２，２’，３，３’，５，６’－ヘキサクロロビフェニル","対象物","該当","","","","?","","","","","要確認","","","第一種特定","","","","","","NITE-CHRIP"
"207004-30-6","（＋）－２，２’，３，３’，６，６’－ヘキサクロロビフェニル","対象物","該当","","","","?","","","","","要確認","","","第一種特定","","","","","","NITE-CHRIP"
"207004-31-7","（－）－２，２’，３，３’，４，５，６’－ヘプタクロロビフェニル","対象物","該当","","","","?","","","","","要確認","","","第一種特定","","","","","","NITE-CHRIP"
"207004-32-8","（＋）－２，２’，３，３’，４，６，６’－ヘプタクロロビフェニル","対象物","該当","","","","?","","","","","要確認","","","第一種特定","","","","","","NITE-CHRIP"
"207004-33-9","（＋）－２，２’，３，３’，４，６－ヘキサクロロビフェニル","対象物","該当","","","","?","","","","","要確認","","","第一種特定","","","","","","NITE-CHRIP"
"207004-34-0","（＋）－２，２’，３，３’，４，５’，６－ヘプタクロロビフェニル","対象物","該当","","","","?","","","","","要確認","","","第一種特定","","","","","","NITE-CHRIP"
"207004-35-1","（＋）－２，２’，３，３’，４，４’，５，６’－オクタクロロビフェニル","対象物","該当","","","","?","","","","","要確認","","","第一種特定","","","","","","NITE-CHRIP"
"207004-36-2","（＋）－２，２’，３，４’，５’，６－ヘキサクロロビフェニル","対象物","該当","","","","?","","","","","要確認","","","第一種特定","","","","","","NITE-CHRIP"
"210631-68-8","［３－（４，５－ジヒドロイソオキサゾール－３－イル）－２－メチル－４－（メチルスルホニル）フェニル］（５－ヒドロキシ－１－メチル－１Ｈ－ピラゾール－４－イル）メタノン","対象物","","","","","","","","","","要確認","","","","","","","","","NITE-CHRIP"
"210880-92-5","（Ｅ）－１－（２－クロロ－１，３－チアゾール－５－イルメチル）－３－メチル－２－ニトログアニジン","対象物","","","","","","","","","","要確認","","","","","","","","","NITE-CHRIP"
"212201-70-2","１－（２，４－ジクロロフェニル）－Ｎ－（２，４－ジフルオロフェニル）－Ｎ－イソプロピル－５－オキソ－１，５－ジヒドロ－４Ｈ－１，２，４－トリアゾール－４－カルボキサミド","対象物","","該当","","","","","","","","要確認","","","","","","","","","NITE-CHRIP"
"214917-43-8","ジイソノニル＝３，３’－［（ジブチルスタンナンジイル）ビス（スルファンジイル）］ジプロパノアート","対象物","","","","","","","","","","要確認","","","","","","","","","NITE-CHRIP"
"215191-83-6","ビス｛９－［（６－ｔｅｒｔ－ブチル－１，３－ベンゾチアゾール－２－イル－κＮ）ジアゼニル－κＮ（１）］－１，２，３，５，６，７－ヘキサヒドロピリド［３，２，１－ｉｊ］キノリン－８－スルホナト｝ニッケル（ＩＩ）","対象物","該当","","","","?","","","","","要確認","","","","","","","","","NITE-CHRIP"
"223580-51-6","Ｎ－（３－クロロ－４－メチルフェニル）－４－メチル－１，２，３－チアジアゾール－５－カルボキサミド","対象物","","","","","","","","","","要確認","","","","","","","","","NITE-CHRIP"
"224049-04-1","３，４－ジクロロ－Ｎ－（２－シアノフェニル）イソチアゾール－５－カルボキサミド","対象物","該当","","","","","","","","","要確認","","","","","","","","","NITE-CHRIP"
"228262-76-8","ヒドロキシ［トリス（メチルフェニル）］スタンナン","対象物","","","","","","","","","","要確認","","","","","","","","","NITE-CHRIP"
"228420-06-2","（＋）－２，２’，３，４，５’，６－ヘキサクロロビフェニル","対象物","該当","","","","?","","","","","要確認","","","第一種特定","","","","","","NITE-CHRIP"
"228420-07-3","（＋）－２，２’，３，４，４’，５’，６－ヘプタクロロビフェニル","対象物","該当","","","","?","","","","","要確認","","","第一種特定","","","","","","NITE-CHRIP"
"247041-56-1","ジイソアルキル（Ｃ＝８～１０、Ｃ＝９を高含有）＝（２Ｚ，２’Ｚ）－４，４’－［（ジブチルスタンナンジイル）ビス（オキシ）］ビス（４－オキソブタ－２－エノアート）","対象物","","","","","","","","","","要確認","","","","","","","","","NITE-CHRIP"
"272451-65-7","Ｎ－［４－（１，１，１，２，３，３，３－ヘプタフルオロプロパン－２－イル）－２－メチルフェニル］－３－ヨード－Ｎ’－［２－メチル－１－（メチルスルホニル）プロパン－２－イル］フタルアミド","対象物","","","","","","","","","","要確認","","","","","","","","","NITE-CHRIP"
"283594-90-1","３－メシチル－２－オキソ－１－オキサスピロ［４．４］ノナ－３－エン－４－イル＝３，３－ジメチルブタノアート","対象物","該当","","","","","","","","","要確認","","","","","","","","","NITE-CHRIP"
"286938-79-2","ブチル（オキソ）スタンナン一水和物","対象物","","","","","","","","","","要確認","","","","","","","","","NITE-CHRIP"
"308076-74-6","Silicon carbide, fibrous","対象物","","","","","","","","","","要確認","","","","","","","","","NITE-CHRIP"
"328385-27-9","（Ｔ－４）－テトラヒドロキシドジルコニウム三水和物","対象物","","","","","","","","","","","","","","","","","","","NITE-CHRIP"
"328385-29-1","（Ｔ－４）－テトラヒドロキシドジルコニウム水和物（４：３）","対象物","","","","","","","","","","","","","","","","","","","NITE-CHRIP"
"337458-27-2","１－アセチル－６－（１，１，１，２，３，３，３－ヘプタフルオロプロパン－２－イル）－３－［（ピリジン－３－イルメチル）アミノ］－３，４－ジヒドロキナゾリン－２（１Ｈ）－オン","対象物","","","","","","","","","","要確認","","","","","","","","","NITE-CHRIP"
"348635-87-0","３－［（３－ブロモ－６－フルオロ－２－メチル－１Ｈ－インドール－１－イル）スルホニル］－Ｎ，Ｎ－ジメチル－１Ｈ－１，２，４－トリアゾール－１－スルホンアミド","対象物","","","","","","","","","","要確認","","","","","","","","","NITE-CHRIP"
"353747-42-9","クロロ［トリス（メチルフェニル）］スタンナン","対象物","","","","","","","","","","要確認","","","","","","","","","NITE-CHRIP"
"353747-43-0","フルオロ［トリス（メチルフェニル）］スタンナン","対象物","","","","","","","","","","要確認","","","","","","","","","NITE-CHRIP"
"353747-44-1","ヨード［トリス（メチルフェニル）］スタンナン","対象物","","","","","","","","","","要確認","","","","","","","","","NITE-CHRIP"
"353747-45-2","ブロモ［トリス（ジメチルフェニル）］スタンナン","対象物","","","","","","","","","","要確認","","","","","","","","","NITE-CHRIP"
"353747-46-3","クロロ［トリス（ジメチルフェニル）］スタンナン","対象物","","","","","","","","","","要確認","","","","","","","","","NITE-CHRIP"
"353747-47-4","トリス（ジメチルフェニル）（フルオロ）スタンナン","対象物","","","","","","","","","","要確認","","","","","","","","","NITE-CHRIP"
"353747-48-5","トリス（ジメチルフェニル）（ヨード）スタンナン","対象物","","","","","","","","","","要確認","","","","","","","","","NITE-CHRIP"
"364041-81-6","１，１，３－トリブチル－１，３，３－トリス［（｛［（２－エチルヘキシル）オキシ］カルボニル｝メチル）スルファニル］ジスタンナチアン","対象物","","","","","","","","","","要確認","","","","","","","","","NITE-CHRIP"
"400882-07-7","２－メトキシエチル＝２－［４－（ｔｅｒｔ－ブチル）フェニル］－２－シアノ－３－オキソ－３－［２－（トリフルオロメチル）フェニル］プロパノアート","対象物","該当","","","","","","","","","要確認","","","","","","","","","NITE-CHRIP"
"473278-76-1","２－｛２－クロロ－４－（メチルスルホニル）－３－［（オキソラン－２－イルメトキシ）メチル］ベンゾイル｝シクロヘキサン－１，３－ジオン","対象物","","","","","","","","","","要確認","","","","","","","","","NITE-CHRIP"
"494197-74-9","ビス｛Ｎ－［６－（４，５－ジシアノ－１－メチル－１Ｈ－イミダゾール－２－イルジアゼニル）－１－メチル－１，２，３，４－テトラヒドロキノリン－７－イル］トリフルオロメタンスルホンアミダート（１－）｝ニッケル（ＩＩ）","対象物","該当","","","","?","","","","","要確認","","","","","","","","","NITE-CHRIP"
"494793-67-8","５－フルオロ－１，３－ジメチル－Ｎ－［２－（４－メチルペンタン－２－イル）フェニル］－１Ｈ－ピラゾール－４－カルボキサミド","対象物","","","","","","","","","","要確認","","","","","","","","","NITE-CHRIP"
"507241-82-9","２，２’，６－トリブロモビフェニル","対象物","","","","","","","","","","","","","","","","","","","NITE-CHRIP"
"560121-52-0","（Ｅ）－２－［４－（ｔｅｒｔ－ブチル）フェニル］－２－シアノ－１－（１，３，４－トリメチル－１Ｈ－ピラゾール－５－イル）ビニル＝２，２－ジメチルプロパノアート","対象物","該当","該当","","","","","","","","要確認","","","","","","","","","NITE-CHRIP"
"688046-61-9","（５－クロロ－２－メトキシ－４－メチルピリジン－３－イル）（２，３，４－トリメトキシ－６－メチルフェニル）メタノン","対象物","該当","","","","","","","","","要確認","","","","","","","","","NITE-CHRIP"
"736994-63-1","３－ブロモ－１－（３－クロロ－２－ピリジル）－Ｎ－［４－シアノ－２－メチル－６－（メチルカルバモイル）フェニル］－１Ｈ－ピラゾール－５－カルボキサミド","対象物","","","","","","","","","","要確認","","","","","","","","","NITE-CHRIP"
"774180-11-9","ビス｛１－［（４，５－ジシアノイミダゾール－２－イル）ジアゼニル］－２－オキシドナフタレン－６－スルホナト｝ニッケル（ＩＩ）酸テトラナトリウム","対象物","該当","","","","?","","","","","要確認","","","","","","","","","NITE-CHRIP"
"799247-52-2","メチル＝［２－クロロ－５－（（Ｅ）－１－｛［（６－メチル－２－ピリジル）メトキシ］イミノ｝エチル）ベンジル］カルバマート","対象物","","","","","","","","","","要確認","","","","","","","","","NITE-CHRIP"
"863987-21-7","2-Butenoic acid, 4,4'-[(dibutylstannylene)bis(oxy)]bis[4-oxo-, (2Z,2'Z)-, di-C10-16-alkyl esters","対象物","","","","","","","","","","要確認","","","","","","","","","NITE-CHRIP"
"863987-67-1","2-Butenoic acid, 4,4'-[(dibutylstannylene)bis(oxy)]bis[4-oxo-, (2Z,2'Z)-, di-C7-9-isoalkyl esters, C8-rich","対象物","","","","","","","","","","要確認","","","","","","","","","NITE-CHRIP"
"868680-84-6","３－クロロ－Ｎ－［（４，６－ジメトキシピリミジン－２－イル）カルバモイル］－１－メチル－４－（５－メチル－５，６－ジヒドロ－１，４，２－ジオキサジン－３－イル）－１Ｈ－ピラゾール－５－スルホンアミド","対象物","","","","","","","","","","要確認","","","","","","","","","NITE-CHRIP"
"946578-00-3","［メチル（オキソ）｛１－［６－（トリフルオロメチル）－３－ピリジル］エチル｝－λ（６）－スルファニリデン］カルバモニトリル","対象物","","","","","","","","","","","","","","","","","","","NITE-CHRIP"
"1440529-21-4","酸化バリウムモリブデンニオブタンタルテルルバナジウム亜鉛","対象物","","","","","","","","","","要確認","","","","","","","","","NITE-CHRIP"
